{"type": "FeatureCollection", "features": [{"type": "Feature", "geometry": {"type": "Polygon", "coordinates": [[[193005.56720839822, 8736692.395076832], [193005.42782426925, 8736692.466096593], [193005.31720839822, 8736692.576712465], [193005.24618863725, 8736692.716096593], [193005.2217168954, 8736692.87060509], [193005.24618863725, 8736693.025113588], [193005.31720839822, 8736693.164497716], [193005.42782426925, 8736693.275113588], [193005.56720839822, 8736693.34613335], [193005.7217168954, 8736693.37060509], [193005.8762253926, 8736693.34613335], [193006.01560952156, 8736693.275113588], [193006.1262253926, 8736693.164497716], [193006.19724515357, 8736693.025113588], [193006.2217168954, 8736692.87060509], [193006.19724515357, 8736692.716096593], [193006.1262253926, 8736692.576712465], [193006.01560952156, 8736692.466096593], [193005.8762253926, 8736692.395076832], [193005.7217168954, 8736692.37060509], [193005.56720839822, 8736692.395076832]]]}, "properties": {"class_id": 1}}, {"type": "Feature", "geometry": {"type": "Polygon", "coordinates": [[[193014.25507996962, 8736696.621090258], [193014.11569584065, 8736696.692110019], [193014.00507996962, 8736696.80272589], [193013.93406020864, 8736696.942110019], [193013.9095884668, 8736697.096618516], [193013.93406020864, 8736697.251127014], [193014.00507996962, 8736697.390511142], [193014.11569584065, 8736697.501127014], [193014.25507996962, 8736697.572146775], [193014.4095884668, 8736697.596618516], [193014.564096964, 8736697.572146775], [193014.70348109296, 8736697.501127014], [193014.814096964, 8736697.390511142], [193014.88511672497, 8736697.251127014], [193014.9095884668, 8736697.096618516], [193014.88511672497, 8736696.942110019], [193014.814096964, 8736696.80272589], [193014.70348109296, 8736696.692110019], [193014.564096964, 8736696.621090258], [193014.4095884668, 8736696.596618516], [193014.25507996962, 8736696.621090258]]]}, "properties": {"class_id": 1}}, {"type": "Feature", "geometry": {"type": "Polygon", "coordinates": [[[193027.6258516362, 8736696.751111709], [193027.48646750723, 8736696.82213147], [193027.3758516362, 8736696.932747342], [193027.30483187523, 8736697.07213147], [193027.2803601334, 8736697.226639967], [193027.30483187523, 8736697.381148465], [193027.3758516362, 8736697.520532593], [193027.48646750723, 8736697.631148465], [193027.6258516362, 8736697.702168226], [193027.7803601334, 8736697.726639967], [193027.93486863057, 8736697.702168226], [193028.07425275954, 8736697.631148465], [193028.18486863057, 8736697.520532593], [193028.25588839155, 8736697.381148465], [193028.2803601334, 8736697.226639967], [193028.25588839155, 8736697.07213147], [193028.18486863057, 8736696.932747342], [193028.07425275954, 8736696.82213147], [193027.93486863057, 8736696.751111709], [193027.7803601334, 8736696.726639967], [193027.6258516362, 8736696.751111709]]]}, "properties": {"class_id": 1}}, {"type": "Feature", "geometry": {"type": "Polygon", "coordinates": [[[193036.69062733566, 8736700.416029444], [193036.5512432067, 8736700.487049205], [193036.44062733566, 8736700.597665077], [193036.36960757468, 8736700.737049205], [193036.34513583285, 8736700.891557703], [193036.36960757468, 8736701.0460662], [193036.44062733566, 8736701.185450329], [193036.5512432067, 8736701.2960662], [193036.69062733566, 8736701.367085962], [193036.84513583285, 8736701.391557703], [193036.99964433003, 8736701.367085962], [193037.139028459, 8736701.2960662], [193037.24964433003, 8736701.185450329], [193037.320664091, 8736701.0460662], [193037.34513583285, 8736700.891557703], [193037.320664091, 8736700.737049205], [193037.24964433003, 8736700.597665077], [193037.139028459, 8736700.487049205], [193036.99964433003, 8736700.416029444], [193036.84513583285, 8736700.391557703], [193036.69062733566, 8736700.416029444]]]}, "properties": {"class_id": 1}}, {"type": "Feature", "geometry": {"type": "Polygon", "coordinates": [[[192863.7399334232, 8736931.252313996], [192863.60054929423, 8736931.323333757], [192863.4899334232, 8736931.433949629], [192863.41891366223, 8736931.573333757], [192863.3944419204, 8736931.727842255], [192863.41891366223, 8736931.882350752], [192863.4899334232, 8736932.02173488], [192863.60054929423, 8736932.132350752], [192863.7399334232, 8736932.203370513], [192863.8944419204, 8736932.227842255], [192864.04895041758, 8736932.203370513], [192864.18833454655, 8736932.132350752], [192864.29895041758, 8736932.02173488], [192864.36997017855, 8736931.882350752], [192864.3944419204, 8736931.727842255], [192864.36997017855, 8736931.573333757], [192864.29895041758, 8736931.433949629], [192864.18833454655, 8736931.323333757], [192864.04895041758, 8736931.252313996], [192863.8944419204, 8736931.227842255], [192863.7399334232, 8736931.252313996]]]}, "properties": {"class_id": 1}}, {"type": "Feature", "geometry": {"type": "Polygon", "coordinates": [[[192855.43091483906, 8736933.712931298], [192855.2915307101, 8736933.783951059], [192855.18091483906, 8736933.89456693], [192855.1098950781, 8736934.033951059], [192855.08542333625, 8736934.188459557], [192855.1098950781, 8736934.342968054], [192855.18091483906, 8736934.482352182], [192855.2915307101, 8736934.592968054], [192855.43091483906, 8736934.663987815], [192855.58542333625, 8736934.688459557], [192855.73993183344, 8736934.663987815], [192855.8793159624, 8736934.592968054], [192855.98993183344, 8736934.482352182], [192856.0609515944, 8736934.342968054], [192856.08542333625, 8736934.188459557], [192856.0609515944, 8736934.033951059], [192855.98993183344, 8736933.89456693], [192855.8793159624, 8736933.783951059], [192855.73993183344, 8736933.712931298], [192855.58542333625, 8736933.688459557], [192855.43091483906, 8736933.712931298]]]}, "properties": {"class_id": 1}}, {"type": "Feature", "geometry": {"type": "Polygon", "coordinates": [[[192860.2697677173, 8736934.975474704], [192860.13038358834, 8736935.046494465], [192860.0197677173, 8736935.157110337], [192859.94874795634, 8736935.296494465], [192859.9242762145, 8736935.451002963], [192859.94874795634, 8736935.60551146], [192860.0197677173, 8736935.744895589], [192860.13038358834, 8736935.85551146], [192860.2697677173, 8736935.926531222], [192860.4242762145, 8736935.951002963], [192860.5787847117, 8736935.926531222], [192860.71816884066, 8736935.85551146], [192860.8287847117, 8736935.744895589], [192860.89980447266, 8736935.60551146], [192860.9242762145, 8736935.451002963], [192860.89980447266, 8736935.296494465], [192860.8287847117, 8736935.157110337], [192860.71816884066, 8736935.046494465], [192860.5787847117, 8736934.975474704], [192860.4242762145, 8736934.951002963], [192860.2697677173, 8736934.975474704]]]}, "properties": {"class_id": 1}}, {"type": "Feature", "geometry": {"type": "Polygon", "coordinates": [[[192845.65114715972, 8736936.07636622], [192845.51176303075, 8736936.147385981], [192845.40114715972, 8736936.258001853], [192845.33012739875, 8736936.397385981], [192845.3056556569, 8736936.551894478], [192845.33012739875, 8736936.706402976], [192845.40114715972, 8736936.845787104], [192845.51176303075, 8736936.956402976], [192845.65114715972, 8736937.027422737], [192845.8056556569, 8736937.051894478], [192845.9601641541, 8736937.027422737], [192846.09954828306, 8736936.956402976], [192846.2101641541, 8736936.845787104], [192846.28118391507, 8736936.706402976], [192846.3056556569, 8736936.551894478], [192846.28118391507, 8736936.397385981], [192846.2101641541, 8736936.258001853], [192846.09954828306, 8736936.147385981], [192845.9601641541, 8736936.07636622], [192845.8056556569, 8736936.051894478], [192845.65114715972, 8736936.07636622]]]}, "properties": {"class_id": 1}}, {"type": "Feature", "geometry": {"type": "Polygon", "coordinates": [[[192848.15178932235, 8736936.763677614], [192848.01240519338, 8736936.834697375], [192847.90178932235, 8736936.945313247], [192847.83076956138, 8736937.084697375], [192847.80629781954, 8736937.239205873], [192847.83076956138, 8736937.39371437], [192847.90178932235, 8736937.533098498], [192848.01240519338, 8736937.64371437], [192848.15178932235, 8736937.714734131], [192848.30629781954, 8736937.739205873], [192848.46080631673, 8736937.714734131], [192848.6001904457, 8736937.64371437], [192848.71080631673, 8736937.533098498], [192848.7818260777, 8736937.39371437], [192848.80629781954, 8736937.239205873], [192848.7818260777, 8736937.084697375], [192848.71080631673, 8736936.945313247], [192848.6001904457, 8736936.834697375], [192848.46080631673, 8736936.763677614], [192848.30629781954, 8736936.739205873], [192848.15178932235, 8736936.763677614]]]}, "properties": {"class_id": 1}}, {"type": "Feature", "geometry": {"type": "Polygon", "coordinates": [[[192850.62491186094, 8736937.478345465], [192850.48552773197, 8736937.549365226], [192850.37491186094, 8736937.659981098], [192850.30389209997, 8736937.799365226], [192850.27942035813, 8736937.953873724], [192850.30389209997, 8736938.108382221], [192850.37491186094, 8736938.24776635], [192850.48552773197, 8736938.358382221], [192850.62491186094, 8736938.429401983], [192850.77942035813, 8736938.453873724], [192850.93392885532, 8736938.429401983], [192851.07331298428, 8736938.358382221], [192851.18392885532, 8736938.24776635], [192851.2549486163, 8736938.108382221], [192851.27942035813, 8736937.953873724], [192851.2549486163, 8736937.799365226], [192851.18392885532, 8736937.659981098], [192851.07331298428, 8736937.549365226], [192850.93392885532, 8736937.478345465], [192850.77942035813, 8736937.453873724], [192850.62491186094, 8736937.478345465]]]}, "properties": {"class_id": 1}}, {"type": "Feature", "geometry": {"type": "Polygon", "coordinates": [[[192884.44069892025, 8736938.083523948], [192884.3013147913, 8736938.154543709], [192884.19069892025, 8736938.26515958], [192884.11967915928, 8736938.404543709], [192884.09520741744, 8736938.559052207], [192884.11967915928, 8736938.713560704], [192884.19069892025, 8736938.852944832], [192884.3013147913, 8736938.963560704], [192884.44069892025, 8736939.034580465], [192884.59520741744, 8736939.059052207], [192884.74971591463, 8736939.034580465], [192884.8891000436, 8736938.963560704], [192884.99971591463, 8736938.852944832], [192885.0707356756, 8736938.713560704], [192885.09520741744, 8736938.559052207], [192885.0707356756, 8736938.404543709], [192884.99971591463, 8736938.26515958], [192884.8891000436, 8736938.154543709], [192884.74971591463, 8736938.083523948], [192884.59520741744, 8736938.059052207], [192884.44069892025, 8736938.083523948]]]}, "properties": {"class_id": 1}}, {"type": "Feature", "geometry": {"type": "Polygon", "coordinates": [[[193037.06883208125, 8737065.062185597], [193036.92944795228, 8737065.133205358], [193036.81883208125, 8737065.24382123], [193036.74781232027, 8737065.383205358], [193036.72334057844, 8737065.537713856], [193036.74781232027, 8737065.692222353], [193036.81883208125, 8737065.831606481], [193036.92944795228, 8737065.942222353], [193037.06883208125, 8737066.013242114], [193037.22334057844, 8737066.037713856], [193037.37784907562, 8737066.013242114], [193037.5172332046, 8737065.942222353], [193037.62784907562, 8737065.831606481], [193037.6988688366, 8737065.692222353], [193037.72334057844, 8737065.537713856], [193037.6988688366, 8737065.383205358], [193037.62784907562, 8737065.24382123], [193037.5172332046, 8737065.133205358], [193037.37784907562, 8737065.062185597], [193037.22334057844, 8737065.037713856], [193037.06883208125, 8737065.062185597]]]}, "properties": {"class_id": 1}}, {"type": "Feature", "geometry": {"type": "Polygon", "coordinates": [[[193007.34650976953, 8737065.714500215], [193007.20712564056, 8737065.785519976], [193007.09650976953, 8737065.896135848], [193007.02549000856, 8737066.035519976], [193007.00101826672, 8737066.190028474], [193007.02549000856, 8737066.344536971], [193007.09650976953, 8737066.4839211], [193007.20712564056, 8737066.594536971], [193007.34650976953, 8737066.665556733], [193007.50101826672, 8737066.690028474], [193007.6555267639, 8737066.665556733], [193007.79491089287, 8737066.594536971], [193007.9055267639, 8737066.4839211], [193007.97654652488, 8737066.344536971], [193008.00101826672, 8737066.190028474], [193007.97654652488, 8737066.035519976], [193007.9055267639, 8737065.896135848], [193007.79491089287, 8737065.785519976], [193007.6555267639, 8737065.714500215], [193007.50101826672, 8737065.690028474], [193007.34650976953, 8737065.714500215]]]}, "properties": {"class_id": 1}}, {"type": "Feature", "geometry": {"type": "Polygon", "coordinates": [[[193001.61058978134, 8737082.601342177], [193001.47120565237, 8737082.672361938], [193001.36058978134, 8737082.78297781], [193001.28957002037, 8737082.922361938], [193001.26509827853, 8737083.076870436], [193001.28957002037, 8737083.231378933], [193001.36058978134, 8737083.370763062], [193001.47120565237, 8737083.481378933], [193001.61058978134, 8737083.552398695], [193001.76509827853, 8737083.576870436], [193001.91960677571, 8737083.552398695], [193002.05899090468, 8737083.481378933], [193002.16960677571, 8737083.370763062], [193002.2406265367, 8737083.231378933], [193002.26509827853, 8737083.076870436], [193002.2406265367, 8737082.922361938], [193002.16960677571, 8737082.78297781], [193002.05899090468, 8737082.672361938], [193001.91960677571, 8737082.601342177], [193001.76509827853, 8737082.576870436], [193001.61058978134, 8737082.601342177]]]}, "properties": {"class_id": 1}}, {"type": "Feature", "geometry": {"type": "Polygon", "coordinates": [[[193022.89009258107, 8737090.714759573], [193022.7507084521, 8737090.785779335], [193022.64009258107, 8737090.896395206], [193022.5690728201, 8737091.035779335], [193022.54460107826, 8737091.190287832], [193022.5690728201, 8737091.34479633], [193022.64009258107, 8737091.484180458], [193022.7507084521, 8737091.59479633], [193022.89009258107, 8737091.665816091], [193023.04460107826, 8737091.690287832], [193023.19910957545, 8737091.665816091], [193023.33849370442, 8737091.59479633], [193023.44910957545, 8737091.484180458], [193023.52012933642, 8737091.34479633], [193023.54460107826, 8737091.190287832], [193023.52012933642, 8737091.035779335], [193023.44910957545, 8737090.896395206], [193023.33849370442, 8737090.785779335], [193023.19910957545, 8737090.714759573], [193023.04460107826, 8737090.690287832], [193022.89009258107, 8737090.714759573]]]}, "properties": {"class_id": 1}}, {"type": "Feature", "geometry": {"type": "Polygon", "coordinates": [[[192987.6376513122, 8737106.185146805], [192987.49826718323, 8737106.256166566], [192987.3876513122, 8737106.366782438], [192987.31663155122, 8737106.506166566], [192987.29215980938, 8737106.660675064], [192987.31663155122, 8737106.815183561], [192987.3876513122, 8737106.95456769], [192987.49826718323, 8737107.065183561], [192987.6376513122, 8737107.136203323], [192987.79215980938, 8737107.160675064], [192987.94666830657, 8737107.136203323], [192988.08605243554, 8737107.065183561], [192988.19666830657, 8737106.95456769], [192988.26768806754, 8737106.815183561], [192988.29215980938, 8737106.660675064], [192988.26768806754, 8737106.506166566], [192988.19666830657, 8737106.366782438], [192988.08605243554, 8737106.256166566], [192987.94666830657, 8737106.185146805], [192987.79215980938, 8737106.160675064], [192987.6376513122, 8737106.185146805]]]}, "properties": {"class_id": 1}}, {"type": "Feature", "geometry": {"type": "Polygon", "coordinates": [[[193018.00632269392, 8737115.46937248], [193017.86693856496, 8737115.54039224], [193017.75632269392, 8737115.651008112], [193017.68530293295, 8737115.79039224], [193017.6608311911, 8737115.944900738], [193017.68530293295, 8737116.099409236], [193017.75632269392, 8737116.238793364], [193017.86693856496, 8737116.349409236], [193018.00632269392, 8737116.420428997], [193018.1608311911, 8737116.444900738], [193018.3153396883, 8737116.420428997], [193018.45472381727, 8737116.349409236], [193018.5653396883, 8737116.238793364], [193018.63635944927, 8737116.099409236], [193018.6608311911, 8737115.944900738], [193018.63635944927, 8737115.79039224], [193018.5653396883, 8737115.651008112], [193018.45472381727, 8737115.54039224], [193018.3153396883, 8737115.46937248], [193018.1608311911, 8737115.444900738], [193018.00632269392, 8737115.46937248]]]}, "properties": {"class_id": 1}}, {"type": "Feature", "geometry": {"type": "Polygon", "coordinates": [[[192970.41249818893, 8737139.526393948], [192970.27311405996, 8737139.59741371], [192970.16249818893, 8737139.708029581], [192970.09147842796, 8737139.84741371], [192970.06700668612, 8737140.001922207], [192970.09147842796, 8737140.156430705], [192970.16249818893, 8737140.295814833], [192970.27311405996, 8737140.406430705], [192970.41249818893, 8737140.477450466], [192970.56700668612, 8737140.501922207], [192970.7215151833, 8737140.477450466], [192970.86089931228, 8737140.406430705], [192970.9715151833, 8737140.295814833], [192971.04253494428, 8737140.156430705], [192971.06700668612, 8737140.001922207], [192971.04253494428, 8737139.84741371], [192970.9715151833, 8737139.708029581], [192970.86089931228, 8737139.59741371], [192970.7215151833, 8737139.526393948], [192970.56700668612, 8737139.501922207], [192970.41249818893, 8737139.526393948]]]}, "properties": {"class_id": 1}}, {"type": "Feature", "geometry": {"type": "Polygon", "coordinates": [[[193015.26502722097, 8737168.200108571], [193015.125643092, 8737168.271128332], [193015.01502722097, 8737168.381744204], [193014.94400746, 8737168.521128332], [193014.91953571816, 8737168.67563683], [193014.94400746, 8737168.830145327], [193015.01502722097, 8737168.969529456], [193015.125643092, 8737169.080145327], [193015.26502722097, 8737169.151165089], [193015.41953571816, 8737169.17563683], [193015.57404421535, 8737169.151165089], [193015.71342834432, 8737169.080145327], [193015.82404421535, 8737168.969529456], [193015.89506397632, 8737168.830145327], [193015.91953571816, 8737168.67563683], [193015.89506397632, 8737168.521128332], [193015.82404421535, 8737168.381744204], [193015.71342834432, 8737168.271128332], [193015.57404421535, 8737168.200108571], [193015.41953571816, 8737168.17563683], [193015.26502722097, 8737168.200108571]]]}, "properties": {"class_id": 1}}, {"type": "Feature", "geometry": {"type": "Polygon", "coordinates": [[[192991.62509698825, 8737326.47778742], [192991.48571285928, 8737326.548807181], [192991.37509698825, 8737326.659423053], [192991.30407722728, 8737326.798807181], [192991.27960548544, 8737326.953315679], [192991.30407722728, 8737327.107824177], [192991.37509698825, 8737327.247208305], [192991.48571285928, 8737327.357824177], [192991.62509698825, 8737327.428843938], [192991.77960548544, 8737327.453315679], [192991.93411398263, 8737327.428843938], [192992.0734981116, 8737327.357824177], [192992.18411398263, 8737327.247208305], [192992.2551337436, 8737327.107824177], [192992.27960548544, 8737326.953315679], [192992.2551337436, 8737326.798807181], [192992.18411398263, 8737326.659423053], [192992.0734981116, 8737326.548807181], [192991.93411398263, 8737326.47778742], [192991.77960548544, 8737326.453315679], [192991.62509698825, 8737326.47778742]]]}, "properties": {"class_id": 1}}, {"type": "Feature", "geometry": {"type": "Polygon", "coordinates": [[[193001.07246605153, 8737329.016881742], [193000.93308192256, 8737329.087901503], [193000.82246605153, 8737329.198517375], [193000.75144629055, 8737329.337901503], [193000.7269745487, 8737329.49241], [193000.75144629055, 8737329.646918498], [193000.82246605153, 8737329.786302626], [193000.93308192256, 8737329.896918498], [193001.07246605153, 8737329.96793826], [193001.2269745487, 8737329.99241], [193001.3814830459, 8737329.96793826], [193001.52086717487, 8737329.896918498], [193001.6314830459, 8737329.786302626], [193001.70250280687, 8737329.646918498], [193001.7269745487, 8737329.49241], [193001.70250280687, 8737329.337901503], [193001.6314830459, 8737329.198517375], [193001.52086717487, 8737329.087901503], [193001.3814830459, 8737329.016881742], [193001.2269745487, 8737328.99241], [193001.07246605153, 8737329.016881742]]]}, "properties": {"class_id": 1}}, {"type": "Feature", "geometry": {"type": "Polygon", "coordinates": [[[193013.95774363735, 8737340.907818565], [193013.81835950838, 8737340.978838326], [193013.70774363735, 8737341.089454198], [193013.63672387638, 8737341.228838326], [193013.61225213454, 8737341.383346824], [193013.63672387638, 8737341.537855322], [193013.70774363735, 8737341.67723945], [193013.81835950838, 8737341.787855322], [193013.95774363735, 8737341.858875083], [193014.11225213454, 8737341.883346824], [193014.26676063173, 8737341.858875083], [193014.4061447607, 8737341.787855322], [193014.51676063173, 8737341.67723945], [193014.5877803927, 8737341.537855322], [193014.61225213454, 8737341.383346824], [193014.5877803927, 8737341.228838326], [193014.51676063173, 8737341.089454198], [193014.4061447607, 8737340.978838326], [193014.26676063173, 8737340.907818565], [193014.11225213454, 8737340.883346824], [193013.95774363735, 8737340.907818565]]]}, "properties": {"class_id": 1}}, {"type": "Feature", "geometry": {"type": "Polygon", "coordinates": [[[193148.68761915845, 8737084.360301727], [193148.54823502948, 8737084.431321489], [193148.43761915845, 8737084.54193736], [193148.36659939747, 8737084.681321489], [193148.34212765563, 8737084.835829986], [193148.36659939747, 8737084.990338484], [193148.43761915845, 8737085.129722612], [193148.54823502948, 8737085.240338484], [193148.68761915845, 8737085.311358245], [193148.84212765563, 8737085.335829986], [193148.99663615282, 8737085.311358245], [193149.1360202818, 8737085.240338484], [193149.24663615282, 8737085.129722612], [193149.3176559138, 8737084.990338484], [193149.34212765563, 8737084.835829986], [193149.3176559138, 8737084.681321489], [193149.24663615282, 8737084.54193736], [193149.1360202818, 8737084.431321489], [193148.99663615282, 8737084.360301727], [193148.84212765563, 8737084.335829986], [193148.68761915845, 8737084.360301727]]]}, "properties": {"class_id": 1}}, {"type": "Feature", "geometry": {"type": "Polygon", "coordinates": [[[193043.3215731588, 8737090.53686779], [193043.18218902985, 8737090.607887551], [193043.0715731588, 8737090.718503423], [193043.00055339784, 8737090.857887551], [193042.976081656, 8737091.012396049], [193043.00055339784, 8737091.166904546], [193043.0715731588, 8737091.306288674], [193043.18218902985, 8737091.416904546], [193043.3215731588, 8737091.487924308], [193043.476081656, 8737091.512396049], [193043.6305901532, 8737091.487924308], [193043.76997428216, 8737091.416904546], [193043.8805901532, 8737091.306288674], [193043.95160991416, 8737091.166904546], [193043.976081656, 8737091.012396049], [193043.95160991416, 8737090.857887551], [193043.8805901532, 8737090.718503423], [193043.76997428216, 8737090.607887551], [193043.6305901532, 8737090.53686779], [193043.476081656, 8737090.512396049], [193043.3215731588, 8737090.53686779]]]}, "properties": {"class_id": 1}}, {"type": "Feature", "geometry": {"type": "Polygon", "coordinates": [[[193040.6260579443, 8737119.454275103], [193040.48667381532, 8737119.525294865], [193040.3760579443, 8737119.635910736], [193040.30503818332, 8737119.775294865], [193040.28056644148, 8737119.929803362], [193040.30503818332, 8737120.08431186], [193040.3760579443, 8737120.223695988], [193040.48667381532, 8737120.33431186], [193040.6260579443, 8737120.405331621], [193040.78056644148, 8737120.429803362], [193040.93507493866, 8737120.405331621], [193041.07445906763, 8737120.33431186], [193041.18507493866, 8737120.223695988], [193041.25609469964, 8737120.08431186], [193041.28056644148, 8737119.929803362], [193041.25609469964, 8737119.775294865], [193041.18507493866, 8737119.635910736], [193041.07445906763, 8737119.525294865], [193040.93507493866, 8737119.454275103], [193040.78056644148, 8737119.429803362], [193040.6260579443, 8737119.454275103]]]}, "properties": {"class_id": 1}}, {"type": "Feature", "geometry": {"type": "Polygon", "coordinates": [[[193065.29406734454, 8737122.89431525], [193065.15468321557, 8737122.965335011], [193065.04406734454, 8737123.075950883], [193064.97304758357, 8737123.215335011], [193064.94857584173, 8737123.369843509], [193064.97304758357, 8737123.524352007], [193065.04406734454, 8737123.663736135], [193065.15468321557, 8737123.774352007], [193065.29406734454, 8737123.845371768], [193065.44857584173, 8737123.869843509], [193065.60308433892, 8737123.845371768], [193065.74246846788, 8737123.774352007], [193065.85308433892, 8737123.663736135], [193065.9241040999, 8737123.524352007], [193065.94857584173, 8737123.369843509], [193065.9241040999, 8737123.215335011], [193065.85308433892, 8737123.075950883], [193065.74246846788, 8737122.965335011], [193065.60308433892, 8737122.89431525], [193065.44857584173, 8737122.869843509], [193065.29406734454, 8737122.89431525]]]}, "properties": {"class_id": 1}}, {"type": "Feature", "geometry": {"type": "Polygon", "coordinates": [[[193265.78260114792, 8737180.423374943], [193265.64321701895, 8737180.494394705], [193265.53260114792, 8737180.605010577], [193265.46158138695, 8737180.744394705], [193265.4371096451, 8737180.898903202], [193265.46158138695, 8737181.0534117], [193265.53260114792, 8737181.192795828], [193265.64321701895, 8737181.3034117], [193265.78260114792, 8737181.374431461], [193265.9371096451, 8737181.398903202], [193266.0916181423, 8737181.374431461], [193266.23100227126, 8737181.3034117], [193266.3416181423, 8737181.192795828], [193266.41263790327, 8737181.0534117], [193266.4371096451, 8737180.898903202], [193266.41263790327, 8737180.744394705], [193266.3416181423, 8737180.605010577], [193266.23100227126, 8737180.494394705], [193266.0916181423, 8737180.423374943], [193265.9371096451, 8737180.398903202], [193265.78260114792, 8737180.423374943]]]}, "properties": {"class_id": 1}}, {"type": "Feature", "geometry": {"type": "Polygon", "coordinates": [[[193233.06721088997, 8737221.52078184], [193232.927826761, 8737221.5918016], [193232.81721088997, 8737221.702417472], [193232.746191129, 8737221.8418016], [193232.72171938716, 8737221.996310098], [193232.746191129, 8737222.150818596], [193232.81721088997, 8737222.290202724], [193232.927826761, 8737222.400818596], [193233.06721088997, 8737222.471838357], [193233.22171938716, 8737222.496310098], [193233.37622788435, 8737222.471838357], [193233.51561201332, 8737222.400818596], [193233.62622788435, 8737222.290202724], [193233.69724764532, 8737222.150818596], [193233.72171938716, 8737221.996310098], [193233.69724764532, 8737221.8418016], [193233.62622788435, 8737221.702417472], [193233.51561201332, 8737221.5918016], [193233.37622788435, 8737221.52078184], [193233.22171938716, 8737221.496310098], [193233.06721088997, 8737221.52078184]]]}, "properties": {"class_id": 1}}, {"type": "Feature", "geometry": {"type": "Polygon", "coordinates": [[[193171.44501610534, 8737229.48757375], [193171.30563197637, 8737229.558593512], [193171.19501610534, 8737229.669209383], [193171.12399634437, 8737229.808593512], [193171.09952460253, 8737229.96310201], [193171.12399634437, 8737230.117610507], [193171.19501610534, 8737230.256994635], [193171.30563197637, 8737230.367610507], [193171.44501610534, 8737230.438630268], [193171.59952460253, 8737230.46310201], [193171.7540330997, 8737230.438630268], [193171.89341722868, 8737230.367610507], [193172.0040330997, 8737230.256994635], [193172.0750528607, 8737230.117610507], [193172.09952460253, 8737229.96310201], [193172.0750528607, 8737229.808593512], [193172.0040330997, 8737229.669209383], [193171.89341722868, 8737229.558593512], [193171.7540330997, 8737229.48757375], [193171.59952460253, 8737229.46310201], [193171.44501610534, 8737229.48757375]]]}, "properties": {"class_id": 1}}, {"type": "Feature", "geometry": {"type": "Polygon", "coordinates": [[[193197.62173269843, 8737249.69647025], [193197.48234856947, 8737249.76749001], [193197.37173269843, 8737249.878105883], [193197.30071293746, 8737250.01749001], [193197.27624119562, 8737250.171998508], [193197.30071293746, 8737250.326507006], [193197.37173269843, 8737250.465891134], [193197.48234856947, 8737250.576507006], [193197.62173269843, 8737250.647526767], [193197.77624119562, 8737250.671998508], [193197.9307496928, 8737250.647526767], [193198.07013382178, 8737250.576507006], [193198.1807496928, 8737250.465891134], [193198.25176945378, 8737250.326507006], [193198.27624119562, 8737250.171998508], [193198.25176945378, 8737250.01749001], [193198.1807496928, 8737249.878105883], [193198.07013382178, 8737249.76749001], [193197.9307496928, 8737249.69647025], [193197.77624119562, 8737249.671998508], [193197.62173269843, 8737249.69647025]]]}, "properties": {"class_id": 1}}, {"type": "Feature", "geometry": {"type": "Polygon", "coordinates": [[[193217.81562821093, 8737262.034813097], [193217.67624408196, 8737262.105832858], [193217.56562821093, 8737262.21644873], [193217.49460844995, 8737262.355832858], [193217.4701367081, 8737262.510341356], [193217.49460844995, 8737262.664849853], [193217.56562821093, 8737262.804233981], [193217.67624408196, 8737262.914849853], [193217.81562821093, 8737262.985869614], [193217.9701367081, 8737263.010341356], [193218.1246452053, 8737262.985869614], [193218.26402933427, 8737262.914849853], [193218.3746452053, 8737262.804233981], [193218.44566496628, 8737262.664849853], [193218.4701367081, 8737262.510341356], [193218.44566496628, 8737262.355832858], [193218.3746452053, 8737262.21644873], [193218.26402933427, 8737262.105832858], [193218.1246452053, 8737262.034813097], [193217.9701367081, 8737262.010341356], [193217.81562821093, 8737262.034813097]]]}, "properties": {"class_id": 1}}, {"type": "Feature", "geometry": {"type": "Polygon", "coordinates": [[[193266.7438688441, 8737272.675586168], [193266.60448471512, 8737272.746605929], [193266.4938688441, 8737272.8572218], [193266.42284908312, 8737272.996605929], [193266.39837734128, 8737273.151114427], [193266.42284908312, 8737273.305622924], [193266.4938688441, 8737273.445007052], [193266.60448471512, 8737273.555622924], [193266.7438688441, 8737273.626642685], [193266.89837734128, 8737273.651114427], [193267.05288583846, 8737273.626642685], [193267.19226996743, 8737273.555622924], [193267.30288583846, 8737273.445007052], [193267.37390559944, 8737273.305622924], [193267.39837734128, 8737273.151114427], [193267.37390559944, 8737272.996605929], [193267.30288583846, 8737272.8572218], [193267.19226996743, 8737272.746605929], [193267.05288583846, 8737272.675586168], [193266.89837734128, 8737272.651114427], [193266.7438688441, 8737272.675586168]]]}, "properties": {"class_id": 1}}, {"type": "Feature", "geometry": {"type": "Polygon", "coordinates": [[[193229.47423967536, 8737285.491159108], [193229.3348555464, 8737285.562178869], [193229.22423967536, 8737285.67279474], [193229.15321991438, 8737285.812178869], [193229.12874817254, 8737285.966687366], [193229.15321991438, 8737286.121195864], [193229.22423967536, 8737286.260579992], [193229.3348555464, 8737286.371195864], [193229.47423967536, 8737286.442215625], [193229.62874817254, 8737286.466687366], [193229.78325666973, 8737286.442215625], [193229.9226407987, 8737286.371195864], [193230.03325666973, 8737286.260579992], [193230.1042764307, 8737286.121195864], [193230.12874817254, 8737285.966687366], [193230.1042764307, 8737285.812178869], [193230.03325666973, 8737285.67279474], [193229.9226407987, 8737285.562178869], [193229.78325666973, 8737285.491159108], [193229.62874817254, 8737285.466687366], [193229.47423967536, 8737285.491159108]]]}, "properties": {"class_id": 1}}, {"type": "Feature", "geometry": {"type": "Polygon", "coordinates": [[[193219.79546547952, 8737287.656157034], [193219.65608135055, 8737287.727176795], [193219.54546547952, 8737287.837792667], [193219.47444571854, 8737287.977176795], [193219.4499739767, 8737288.131685292], [193219.47444571854, 8737288.28619379], [193219.54546547952, 8737288.425577918], [193219.65608135055, 8737288.53619379], [193219.79546547952, 8737288.607213551], [193219.9499739767, 8737288.631685292], [193220.1044824739, 8737288.607213551], [193220.24386660286, 8737288.53619379], [193220.3544824739, 8737288.425577918], [193220.42550223487, 8737288.28619379], [193220.4499739767, 8737288.131685292], [193220.42550223487, 8737287.977176795], [193220.3544824739, 8737287.837792667], [193220.24386660286, 8737287.727176795], [193220.1044824739, 8737287.656157034], [193219.9499739767, 8737287.631685292], [193219.79546547952, 8737287.656157034]]]}, "properties": {"class_id": 1}}, {"type": "Feature", "geometry": {"type": "Polygon", "coordinates": [[[193136.5743196285, 8737289.294953678], [193136.43493549954, 8737289.365973439], [193136.3243196285, 8737289.47658931], [193136.25329986753, 8737289.615973439], [193136.2288281257, 8737289.770481937], [193136.25329986753, 8737289.924990434], [193136.3243196285, 8737290.064374562], [193136.43493549954, 8737290.174990434], [193136.5743196285, 8737290.246010195], [193136.7288281257, 8737290.270481937], [193136.88333662288, 8737290.246010195], [193137.02272075185, 8737290.174990434], [193137.13333662288, 8737290.064374562], [193137.20435638385, 8737289.924990434], [193137.2288281257, 8737289.770481937], [193137.20435638385, 8737289.615973439], [193137.13333662288, 8737289.47658931], [193137.02272075185, 8737289.365973439], [193136.88333662288, 8737289.294953678], [193136.7288281257, 8737289.270481937], [193136.5743196285, 8737289.294953678]]]}, "properties": {"class_id": 1}}, {"type": "Feature", "geometry": {"type": "Polygon", "coordinates": [[[193195.63509137245, 8737289.303978281], [193195.49570724348, 8737289.374998042], [193195.38509137245, 8737289.485613914], [193195.31407161147, 8737289.624998042], [193195.28959986963, 8737289.77950654], [193195.31407161147, 8737289.934015037], [193195.38509137245, 8737290.073399166], [193195.49570724348, 8737290.184015037], [193195.63509137245, 8737290.255034799], [193195.78959986963, 8737290.27950654], [193195.94410836682, 8737290.255034799], [193196.0834924958, 8737290.184015037], [193196.19410836682, 8737290.073399166], [193196.2651281278, 8737289.934015037], [193196.28959986963, 8737289.77950654], [193196.2651281278, 8737289.624998042], [193196.19410836682, 8737289.485613914], [193196.0834924958, 8737289.374998042], [193195.94410836682, 8737289.303978281], [193195.78959986963, 8737289.27950654], [193195.63509137245, 8737289.303978281]]]}, "properties": {"class_id": 1}}, {"type": "Feature", "geometry": {"type": "Polygon", "coordinates": [[[193172.19925744375, 8737292.841329502], [193172.05987331478, 8737292.912349263], [193171.94925744375, 8737293.022965135], [193171.87823768277, 8737293.162349263], [193171.85376594093, 8737293.31685776], [193171.87823768277, 8737293.471366258], [193171.94925744375, 8737293.610750386], [193172.05987331478, 8737293.721366258], [193172.19925744375, 8737293.79238602], [193172.35376594093, 8737293.81685776], [193172.50827443812, 8737293.79238602], [193172.6476585671, 8737293.721366258], [193172.75827443812, 8737293.610750386], [193172.8292941991, 8737293.471366258], [193172.85376594093, 8737293.31685776], [193172.8292941991, 8737293.162349263], [193172.75827443812, 8737293.022965135], [193172.6476585671, 8737292.912349263], [193172.50827443812, 8737292.841329502], [193172.35376594093, 8737292.81685776], [193172.19925744375, 8737292.841329502]]]}, "properties": {"class_id": 1}}, {"type": "Feature", "geometry": {"type": "Polygon", "coordinates": [[[193166.24561456122, 8737293.91299585], [193166.10623043225, 8737293.984015612], [193165.99561456122, 8737294.094631484], [193165.92459480025, 8737294.234015612], [193165.9001230584, 8737294.38852411], [193165.92459480025, 8737294.543032607], [193165.99561456122, 8737294.682416735], [193166.10623043225, 8737294.793032607], [193166.24561456122, 8737294.864052368], [193166.4001230584, 8737294.88852411], [193166.5546315556, 8737294.864052368], [193166.69401568457, 8737294.793032607], [193166.8046315556, 8737294.682416735], [193166.87565131657, 8737294.543032607], [193166.9001230584, 8737294.38852411], [193166.87565131657, 8737294.234015612], [193166.8046315556, 8737294.094631484], [193166.69401568457, 8737293.984015612], [193166.5546315556, 8737293.91299585], [193166.4001230584, 8737293.88852411], [193166.24561456122, 8737293.91299585]]]}, "properties": {"class_id": 1}}, {"type": "Feature", "geometry": {"type": "Polygon", "coordinates": [[[193180.30094271209, 8737300.073568402], [193180.16155858312, 8737300.144588163], [193180.05094271209, 8737300.255204035], [193179.9799229511, 8737300.394588163], [193179.95545120927, 8737300.54909666], [193179.9799229511, 8737300.703605158], [193180.05094271209, 8737300.842989286], [193180.16155858312, 8737300.953605158], [193180.30094271209, 8737301.02462492], [193180.45545120927, 8737301.04909666], [193180.60995970646, 8737301.02462492], [193180.74934383543, 8737300.953605158], [193180.85995970646, 8737300.842989286], [193180.93097946743, 8737300.703605158], [193180.95545120927, 8737300.54909666], [193180.93097946743, 8737300.394588163], [193180.85995970646, 8737300.255204035], [193180.74934383543, 8737300.144588163], [193180.60995970646, 8737300.073568402], [193180.45545120927, 8737300.04909666], [193180.30094271209, 8737300.073568402]]]}, "properties": {"class_id": 1}}, {"type": "Feature", "geometry": {"type": "Polygon", "coordinates": [[[193156.77731808022, 8737312.646101816], [193156.63793395125, 8737312.717121577], [193156.52731808022, 8737312.827737449], [193156.45629831924, 8737312.967121577], [193156.4318265774, 8737313.121630074], [193156.45629831924, 8737313.276138572], [193156.52731808022, 8737313.4155227], [193156.63793395125, 8737313.526138572], [193156.77731808022, 8737313.597158333], [193156.9318265774, 8737313.621630074], [193157.0863350746, 8737313.597158333], [193157.22571920356, 8737313.526138572], [193157.3363350746, 8737313.4155227], [193157.40735483557, 8737313.276138572], [193157.4318265774, 8737313.121630074], [193157.40735483557, 8737312.967121577], [193157.3363350746, 8737312.827737449], [193157.22571920356, 8737312.717121577], [193157.0863350746, 8737312.646101816], [193156.9318265774, 8737312.621630074], [193156.77731808022, 8737312.646101816]]]}, "properties": {"class_id": 1}}, {"type": "Feature", "geometry": {"type": "Polygon", "coordinates": [[[193105.9390104433, 8737345.660835693], [193105.79962631434, 8737345.731855454], [193105.6890104433, 8737345.842471326], [193105.61799068234, 8737345.981855454], [193105.5935189405, 8737346.136363951], [193105.61799068234, 8737346.290872449], [193105.6890104433, 8737346.430256577], [193105.79962631434, 8737346.540872449], [193105.9390104433, 8737346.61189221], [193106.0935189405, 8737346.636363951], [193106.2480274377, 8737346.61189221], [193106.38741156665, 8737346.540872449], [193106.4980274377, 8737346.430256577], [193106.56904719866, 8737346.290872449], [193106.5935189405, 8737346.136363951], [193106.56904719866, 8737345.981855454], [193106.4980274377, 8737345.842471326], [193106.38741156665, 8737345.731855454], [193106.2480274377, 8737345.660835693], [193106.0935189405, 8737345.636363951], [193105.9390104433, 8737345.660835693]]]}, "properties": {"class_id": 1}}, {"type": "Feature", "geometry": {"type": "Polygon", "coordinates": [[[193038.78054399308, 8737347.549609385], [193038.6411598641, 8737347.620629147], [193038.53054399308, 8737347.731245019], [193038.4595242321, 8737347.870629147], [193038.43505249027, 8737348.025137644], [193038.4595242321, 8737348.179646142], [193038.53054399308, 8737348.31903027], [193038.6411598641, 8737348.429646142], [193038.78054399308, 8737348.500665903], [193038.93505249027, 8737348.525137644], [193039.08956098746, 8737348.500665903], [193039.22894511643, 8737348.429646142], [193039.33956098746, 8737348.31903027], [193039.41058074843, 8737348.179646142], [193039.43505249027, 8737348.025137644], [193039.41058074843, 8737347.870629147], [193039.33956098746, 8737347.731245019], [193039.22894511643, 8737347.620629147], [193039.08956098746, 8737347.549609385], [193038.93505249027, 8737347.525137644], [193038.78054399308, 8737347.549609385]]]}, "properties": {"class_id": 1}}, {"type": "Feature", "geometry": {"type": "Polygon", "coordinates": [[[193270.4221242294, 8737352.90612776], [193270.28274010043, 8737352.977147521], [193270.1721242294, 8737353.087763393], [193270.10110446843, 8737353.227147521], [193270.0766327266, 8737353.381656019], [193270.10110446843, 8737353.536164517], [193270.1721242294, 8737353.675548645], [193270.28274010043, 8737353.786164517], [193270.4221242294, 8737353.857184278], [193270.5766327266, 8737353.881656019], [193270.73114122378, 8737353.857184278], [193270.87052535274, 8737353.786164517], [193270.98114122378, 8737353.675548645], [193271.05216098475, 8737353.536164517], [193271.0766327266, 8737353.381656019], [193271.05216098475, 8737353.227147521], [193270.98114122378, 8737353.087763393], [193270.87052535274, 8737352.977147521], [193270.73114122378, 8737352.90612776], [193270.5766327266, 8737352.881656019], [193270.4221242294, 8737352.90612776]]]}, "properties": {"class_id": 1}}, {"type": "Feature", "geometry": {"type": "Polygon", "coordinates": [[[193041.32148906917, 8737363.19914358], [193041.1821049402, 8737363.27016334], [193041.07148906917, 8737363.380779212], [193041.0004693082, 8737363.52016334], [193040.97599756636, 8737363.674671838], [193041.0004693082, 8737363.829180336], [193041.07148906917, 8737363.968564464], [193041.1821049402, 8737364.079180336], [193041.32148906917, 8737364.150200097], [193041.47599756636, 8737364.174671838], [193041.63050606355, 8737364.150200097], [193041.76989019252, 8737364.079180336], [193041.88050606355, 8737363.968564464], [193041.95152582452, 8737363.829180336], [193041.97599756636, 8737363.674671838], [193041.95152582452, 8737363.52016334], [193041.88050606355, 8737363.380779212], [193041.76989019252, 8737363.27016334], [193041.63050606355, 8737363.19914358], [193041.47599756636, 8737363.174671838], [193041.32148906917, 8737363.19914358]]]}, "properties": {"class_id": 1}}, {"type": "Feature", "geometry": {"type": "Polygon", "coordinates": [[[193329.02703607388, 8737132.092411237], [193328.8876519449, 8737132.163430998], [193328.77703607388, 8737132.27404687], [193328.7060163129, 8737132.413430998], [193328.68154457107, 8737132.567939496], [193328.7060163129, 8737132.722447993], [193328.77703607388, 8737132.861832121], [193328.8876519449, 8737132.972447993], [193329.02703607388, 8737133.043467754], [193329.18154457107, 8737133.067939496], [193329.33605306825, 8737133.043467754], [193329.47543719722, 8737132.972447993], [193329.58605306825, 8737132.861832121], [193329.65707282923, 8737132.722447993], [193329.68154457107, 8737132.567939496], [193329.65707282923, 8737132.413430998], [193329.58605306825, 8737132.27404687], [193329.47543719722, 8737132.163430998], [193329.33605306825, 8737132.092411237], [193329.18154457107, 8737132.067939496], [193329.02703607388, 8737132.092411237]]]}, "properties": {"class_id": 1}}, {"type": "Feature", "geometry": {"type": "Polygon", "coordinates": [[[193329.45546203674, 8737164.475688988], [193329.31607790777, 8737164.54670875], [193329.20546203674, 8737164.657324621], [193329.13444227577, 8737164.79670875], [193329.10997053393, 8737164.951217247], [193329.13444227577, 8737165.105725745], [193329.20546203674, 8737165.245109873], [193329.31607790777, 8737165.355725745], [193329.45546203674, 8737165.426745506], [193329.60997053393, 8737165.451217247], [193329.76447903112, 8737165.426745506], [193329.90386316009, 8737165.355725745], [193330.01447903112, 8737165.245109873], [193330.0854987921, 8737165.105725745], [193330.10997053393, 8737164.951217247], [193330.0854987921, 8737164.79670875], [193330.01447903112, 8737164.657324621], [193329.90386316009, 8737164.54670875], [193329.76447903112, 8737164.475688988], [193329.60997053393, 8737164.451217247], [193329.45546203674, 8737164.475688988]]]}, "properties": {"class_id": 1}}, {"type": "Feature", "geometry": {"type": "Polygon", "coordinates": [[[193295.18290777298, 8737174.684895486], [193295.043523644, 8737174.755915247], [193294.93290777298, 8737174.866531119], [193294.861888012, 8737175.005915247], [193294.83741627017, 8737175.160423744], [193294.861888012, 8737175.314932242], [193294.93290777298, 8737175.45431637], [193295.043523644, 8737175.564932242], [193295.18290777298, 8737175.635952003], [193295.33741627017, 8737175.660423744], [193295.49192476735, 8737175.635952003], [193295.63130889632, 8737175.564932242], [193295.74192476735, 8737175.45431637], [193295.81294452833, 8737175.314932242], [193295.83741627017, 8737175.160423744], [193295.81294452833, 8737175.005915247], [193295.74192476735, 8737174.866531119], [193295.63130889632, 8737174.755915247], [193295.49192476735, 8737174.684895486], [193295.33741627017, 8737174.660423744], [193295.18290777298, 8737174.684895486]]]}, "properties": {"class_id": 1}}, {"type": "Feature", "geometry": {"type": "Polygon", "coordinates": [[[193273.41047209952, 8737198.19303296], [193273.27108797056, 8737198.26405272], [193273.16047209952, 8737198.374668593], [193273.08945233855, 8737198.51405272], [193273.0649805967, 8737198.668561218], [193273.08945233855, 8737198.823069716], [193273.16047209952, 8737198.962453844], [193273.27108797056, 8737199.073069716], [193273.41047209952, 8737199.144089477], [193273.5649805967, 8737199.168561218], [193273.7194890939, 8737199.144089477], [193273.85887322287, 8737199.073069716], [193273.9694890939, 8737198.962453844], [193274.04050885487, 8737198.823069716], [193274.0649805967, 8737198.668561218], [193274.04050885487, 8737198.51405272], [193273.9694890939, 8737198.374668593], [193273.85887322287, 8737198.26405272], [193273.7194890939, 8737198.19303296], [193273.5649805967, 8737198.168561218], [193273.41047209952, 8737198.19303296]]]}, "properties": {"class_id": 1}}, {"type": "Feature", "geometry": {"type": "Polygon", "coordinates": [[[193314.18939947648, 8737206.4955955], [193314.05001534752, 8737206.566615261], [193313.93939947648, 8737206.677231133], [193313.8683797155, 8737206.816615261], [193313.84390797367, 8737206.971123759], [193313.8683797155, 8737207.125632256], [193313.93939947648, 8737207.265016384], [193314.05001534752, 8737207.375632256], [193314.18939947648, 8737207.446652018], [193314.34390797367, 8737207.471123759], [193314.49841647086, 8737207.446652018], [193314.63780059983, 8737207.375632256], [193314.74841647086, 8737207.265016384], [193314.81943623183, 8737207.125632256], [193314.84390797367, 8737206.971123759], [193314.81943623183, 8737206.816615261], [193314.74841647086, 8737206.677231133], [193314.63780059983, 8737206.566615261], [193314.49841647086, 8737206.4955955], [193314.34390797367, 8737206.471123759], [193314.18939947648, 8737206.4955955]]]}, "properties": {"class_id": 1}}, {"type": "Feature", "geometry": {"type": "Polygon", "coordinates": [[[193293.23291818463, 8737222.481642568], [193293.09353405566, 8737222.55266233], [193292.98291818463, 8737222.663278202], [193292.91189842366, 8737222.80266233], [193292.88742668182, 8737222.957170827], [193292.91189842366, 8737223.111679325], [193292.98291818463, 8737223.251063453], [193293.09353405566, 8737223.361679325], [193293.23291818463, 8737223.432699086], [193293.38742668182, 8737223.457170827], [193293.541935179, 8737223.432699086], [193293.68131930797, 8737223.361679325], [193293.791935179, 8737223.251063453], [193293.86295493998, 8737223.111679325], [193293.88742668182, 8737222.957170827], [193293.86295493998, 8737222.80266233], [193293.791935179, 8737222.663278202], [193293.68131930797, 8737222.55266233], [193293.541935179, 8737222.481642568], [193293.38742668182, 8737222.457170827], [193293.23291818463, 8737222.481642568]]]}, "properties": {"class_id": 1}}, {"type": "Feature", "geometry": {"type": "Polygon", "coordinates": [[[193283.81059252526, 8737243.66246931], [193283.6712083963, 8737243.733489072], [193283.56059252526, 8737243.844104944], [193283.4895727643, 8737243.983489072], [193283.46510102245, 8737244.13799757], [193283.4895727643, 8737244.292506067], [193283.56059252526, 8737244.431890195], [193283.6712083963, 8737244.542506067], [193283.81059252526, 8737244.613525828], [193283.96510102245, 8737244.63799757], [193284.11960951964, 8737244.613525828], [193284.2589936486, 8737244.542506067], [193284.36960951964, 8737244.431890195], [193284.4406292806, 8737244.292506067], [193284.46510102245, 8737244.13799757], [193284.4406292806, 8737243.983489072], [193284.36960951964, 8737243.844104944], [193284.2589936486, 8737243.733489072], [193284.11960951964, 8737243.66246931], [193283.96510102245, 8737243.63799757], [193283.81059252526, 8737243.66246931]]]}, "properties": {"class_id": 1}}, {"type": "Feature", "geometry": {"type": "Polygon", "coordinates": [[[193280.4184903054, 8737248.712296173], [193280.27910617643, 8737248.783315934], [193280.1684903054, 8737248.893931806], [193280.09747054442, 8737249.033315934], [193280.07299880259, 8737249.187824432], [193280.09747054442, 8737249.34233293], [193280.1684903054, 8737249.481717058], [193280.27910617643, 8737249.59233293], [193280.4184903054, 8737249.66335269], [193280.57299880259, 8737249.687824432], [193280.72750729977, 8737249.66335269], [193280.86689142874, 8737249.59233293], [193280.97750729977, 8737249.481717058], [193281.04852706075, 8737249.34233293], [193281.07299880259, 8737249.187824432], [193281.04852706075, 8737249.033315934], [193280.97750729977, 8737248.893931806], [193280.86689142874, 8737248.783315934], [193280.72750729977, 8737248.712296173], [193280.57299880259, 8737248.687824432], [193280.4184903054, 8737248.712296173]]]}, "properties": {"class_id": 1}}, {"type": "Feature", "geometry": {"type": "Polygon", "coordinates": [[[193271.55074082458, 8737253.426567893], [193271.4113566956, 8737253.497587655], [193271.30074082458, 8737253.608203527], [193271.2297210636, 8737253.747587655], [193271.20524932176, 8737253.902096152], [193271.2297210636, 8737254.05660465], [193271.30074082458, 8737254.195988778], [193271.4113566956, 8737254.30660465], [193271.55074082458, 8737254.377624411], [193271.70524932176, 8737254.402096152], [193271.85975781895, 8737254.377624411], [193271.99914194792, 8737254.30660465], [193272.10975781895, 8737254.195988778], [193272.18077757992, 8737254.05660465], [193272.20524932176, 8737253.902096152], [193272.18077757992, 8737253.747587655], [193272.10975781895, 8737253.608203527], [193271.99914194792, 8737253.497587655], [193271.85975781895, 8737253.426567893], [193271.70524932176, 8737253.402096152], [193271.55074082458, 8737253.426567893]]]}, "properties": {"class_id": 1}}, {"type": "Feature", "geometry": {"type": "Polygon", "coordinates": [[[193304.95168745363, 8737256.480574828], [193304.81230332467, 8737256.551594589], [193304.70168745363, 8737256.66221046], [193304.63066769266, 8737256.801594589], [193304.60619595082, 8737256.956103086], [193304.63066769266, 8737257.110611584], [193304.70168745363, 8737257.249995712], [193304.81230332467, 8737257.360611584], [193304.95168745363, 8737257.431631345], [193305.10619595082, 8737257.456103086], [193305.260704448, 8737257.431631345], [193305.40008857698, 8737257.360611584], [193305.510704448, 8737257.249995712], [193305.58172420898, 8737257.110611584], [193305.60619595082, 8737256.956103086], [193305.58172420898, 8737256.801594589], [193305.510704448, 8737256.66221046], [193305.40008857698, 8737256.551594589], [193305.260704448, 8737256.480574828], [193305.10619595082, 8737256.456103086], [193304.95168745363, 8737256.480574828]]]}, "properties": {"class_id": 1}}, {"type": "Feature", "geometry": {"type": "Polygon", "coordinates": [[[193296.64472166632, 8737260.823797433], [193296.50533753735, 8737260.894817194], [193296.39472166632, 8737261.005433066], [193296.32370190535, 8737261.144817194], [193296.2992301635, 8737261.299325692], [193296.32370190535, 8737261.45383419], [193296.39472166632, 8737261.593218317], [193296.50533753735, 8737261.70383419], [193296.64472166632, 8737261.77485395], [193296.7992301635, 8737261.799325692], [193296.9537386607, 8737261.77485395], [193297.09312278967, 8737261.70383419], [193297.2037386607, 8737261.593218317], [193297.27475842167, 8737261.45383419], [193297.2992301635, 8737261.299325692], [193297.27475842167, 8737261.144817194], [193297.2037386607, 8737261.005433066], [193297.09312278967, 8737260.894817194], [193296.9537386607, 8737260.823797433], [193296.7992301635, 8737260.799325692], [193296.64472166632, 8737260.823797433]]]}, "properties": {"class_id": 1}}, {"type": "Feature", "geometry": {"type": "Polygon", "coordinates": [[[193275.91907281594, 8737262.599153984], [193275.77968868698, 8737262.670173746], [193275.66907281594, 8737262.780789617], [193275.59805305497, 8737262.920173746], [193275.57358131313, 8737263.074682243], [193275.59805305497, 8737263.22919074], [193275.66907281594, 8737263.368574869], [193275.77968868698, 8737263.47919074], [193275.91907281594, 8737263.550210502], [193276.07358131313, 8737263.574682243], [193276.22808981032, 8737263.550210502], [193276.3674739393, 8737263.47919074], [193276.47808981032, 8737263.368574869], [193276.5491095713, 8737263.22919074], [193276.57358131313, 8737263.074682243], [193276.5491095713, 8737262.920173746], [193276.47808981032, 8737262.780789617], [193276.3674739393, 8737262.670173746], [193276.22808981032, 8737262.599153984], [193276.07358131313, 8737262.574682243], [193275.91907281594, 8737262.599153984]]]}, "properties": {"class_id": 1}}, {"type": "Feature", "geometry": {"type": "Polygon", "coordinates": [[[193284.09023045292, 8737262.678509342], [193283.95084632395, 8737262.749529103], [193283.84023045292, 8737262.860144975], [193283.76921069194, 8737262.999529103], [193283.7447389501, 8737263.1540376], [193283.76921069194, 8737263.308546098], [193283.84023045292, 8737263.447930226], [193283.95084632395, 8737263.558546098], [193284.09023045292, 8737263.62956586], [193284.2447389501, 8737263.6540376], [193284.3992474473, 8737263.62956586], [193284.53863157626, 8737263.558546098], [193284.6492474473, 8737263.447930226], [193284.72026720826, 8737263.308546098], [193284.7447389501, 8737263.1540376], [193284.72026720826, 8737262.999529103], [193284.6492474473, 8737262.860144975], [193284.53863157626, 8737262.749529103], [193284.3992474473, 8737262.678509342], [193284.2447389501, 8737262.6540376], [193284.09023045292, 8737262.678509342]]]}, "properties": {"class_id": 1}}, {"type": "Feature", "geometry": {"type": "Polygon", "coordinates": [[[193390.69476294957, 8737291.5747055], [193390.5553788206, 8737291.645725261], [193390.44476294957, 8737291.756341133], [193390.3737431886, 8737291.895725261], [193390.34927144676, 8737292.050233759], [193390.3737431886, 8737292.204742257], [193390.44476294957, 8737292.344126385], [193390.5553788206, 8737292.454742257], [193390.69476294957, 8737292.525762018], [193390.84927144676, 8737292.550233759], [193391.00377994395, 8737292.525762018], [193391.1431640729, 8737292.454742257], [193391.25377994395, 8737292.344126385], [193391.32479970492, 8737292.204742257], [193391.34927144676, 8737292.050233759], [193391.32479970492, 8737291.895725261], [193391.25377994395, 8737291.756341133], [193391.1431640729, 8737291.645725261], [193391.00377994395, 8737291.5747055], [193390.84927144676, 8737291.550233759], [193390.69476294957, 8737291.5747055]]]}, "properties": {"class_id": 1}}, {"type": "Feature", "geometry": {"type": "Polygon", "coordinates": [[[193416.53676284812, 8737308.015112665], [193416.39737871915, 8737308.086132426], [193416.28676284812, 8737308.196748298], [193416.21574308714, 8737308.336132426], [193416.1912713453, 8737308.490640923], [193416.21574308714, 8737308.645149421], [193416.28676284812, 8737308.78453355], [193416.39737871915, 8737308.895149421], [193416.53676284812, 8737308.966169182], [193416.6912713453, 8737308.990640923], [193416.8457798425, 8737308.966169182], [193416.98516397146, 8737308.895149421], [193417.0957798425, 8737308.78453355], [193417.16679960347, 8737308.645149421], [193417.1912713453, 8737308.490640923], [193417.16679960347, 8737308.336132426], [193417.0957798425, 8737308.196748298], [193416.98516397146, 8737308.086132426], [193416.8457798425, 8737308.015112665], [193416.6912713453, 8737307.990640923], [193416.53676284812, 8737308.015112665]]]}, "properties": {"class_id": 1}}, {"type": "Feature", "geometry": {"type": "Polygon", "coordinates": [[[193438.89417787615, 8737319.903658312], [193438.75479374718, 8737319.974678073], [193438.64417787615, 8737320.085293945], [193438.57315811518, 8737320.224678073], [193438.54868637334, 8737320.37918657], [193438.57315811518, 8737320.533695068], [193438.64417787615, 8737320.673079196], [193438.75479374718, 8737320.783695068], [193438.89417787615, 8737320.85471483], [193439.04868637334, 8737320.87918657], [193439.20319487053, 8737320.85471483], [193439.3425789995, 8737320.783695068], [193439.45319487053, 8737320.673079196], [193439.5242146315, 8737320.533695068], [193439.54868637334, 8737320.37918657], [193439.5242146315, 8737320.224678073], [193439.45319487053, 8737320.085293945], [193439.3425789995, 8737319.974678073], [193439.20319487053, 8737319.903658312], [193439.04868637334, 8737319.87918657], [193438.89417787615, 8737319.903658312]]]}, "properties": {"class_id": 1}}, {"type": "Feature", "geometry": {"type": "Polygon", "coordinates": [[[193298.08978740274, 8737334.349732451], [193297.95040327378, 8737334.420752212], [193297.83978740274, 8737334.531368084], [193297.76876764177, 8737334.670752212], [193297.74429589993, 8737334.82526071], [193297.76876764177, 8737334.979769208], [193297.83978740274, 8737335.119153336], [193297.95040327378, 8737335.229769208], [193298.08978740274, 8737335.300788969], [193298.24429589993, 8737335.32526071], [193298.39880439712, 8737335.300788969], [193298.5381885261, 8737335.229769208], [193298.64880439712, 8737335.119153336], [193298.7198241581, 8737334.979769208], [193298.74429589993, 8737334.82526071], [193298.7198241581, 8737334.670752212], [193298.64880439712, 8737334.531368084], [193298.5381885261, 8737334.420752212], [193298.39880439712, 8737334.349732451], [193298.24429589993, 8737334.32526071], [193298.08978740274, 8737334.349732451]]]}, "properties": {"class_id": 1}}, {"type": "Feature", "geometry": {"type": "Polygon", "coordinates": [[[193420.26057375778, 8737345.324863065], [193420.12118962882, 8737345.395882826], [193420.01057375778, 8737345.506498698], [193419.9395539968, 8737345.645882826], [193419.91508225497, 8737345.800391324], [193419.9395539968, 8737345.954899821], [193420.01057375778, 8737346.09428395], [193420.12118962882, 8737346.204899821], [193420.26057375778, 8737346.275919583], [193420.41508225497, 8737346.300391324], [193420.56959075216, 8737346.275919583], [193420.70897488113, 8737346.204899821], [193420.81959075216, 8737346.09428395], [193420.89061051313, 8737345.954899821], [193420.91508225497, 8737345.800391324], [193420.89061051313, 8737345.645882826], [193420.81959075216, 8737345.506498698], [193420.70897488113, 8737345.395882826], [193420.56959075216, 8737345.324863065], [193420.41508225497, 8737345.300391324], [193420.26057375778, 8737345.324863065]]]}, "properties": {"class_id": 1}}, {"type": "Feature", "geometry": {"type": "Polygon", "coordinates": [[[193407.79801043347, 8737347.274647975], [193407.6586263045, 8737347.345667737], [193407.54801043347, 8737347.456283608], [193407.4769906725, 8737347.595667737], [193407.45251893066, 8737347.750176234], [193407.4769906725, 8737347.904684732], [193407.54801043347, 8737348.04406886], [193407.6586263045, 8737348.154684732], [193407.79801043347, 8737348.225704493], [193407.95251893066, 8737348.250176234], [193408.10702742785, 8737348.225704493], [193408.24641155681, 8737348.154684732], [193408.35702742785, 8737348.04406886], [193408.42804718882, 8737347.904684732], [193408.45251893066, 8737347.750176234], [193408.42804718882, 8737347.595667737], [193408.35702742785, 8737347.456283608], [193408.24641155681, 8737347.345667737], [193408.10702742785, 8737347.274647975], [193407.95251893066, 8737347.250176234], [193407.79801043347, 8737347.274647975]]]}, "properties": {"class_id": 1}}, {"type": "Feature", "geometry": {"type": "Polygon", "coordinates": [[[193321.32091252125, 8737351.894371344], [193321.18152839228, 8737351.965391105], [193321.07091252125, 8737352.076006977], [193320.99989276027, 8737352.215391105], [193320.97542101843, 8737352.369899603], [193320.99989276027, 8737352.5244081], [193321.07091252125, 8737352.663792228], [193321.18152839228, 8737352.7744081], [193321.32091252125, 8737352.845427861], [193321.47542101843, 8737352.869899603], [193321.62992951562, 8737352.845427861], [193321.7693136446, 8737352.7744081], [193321.87992951562, 8737352.663792228], [193321.9509492766, 8737352.5244081], [193321.97542101843, 8737352.369899603], [193321.9509492766, 8737352.215391105], [193321.87992951562, 8737352.076006977], [193321.7693136446, 8737351.965391105], [193321.62992951562, 8737351.894371344], [193321.47542101843, 8737351.869899603], [193321.32091252125, 8737351.894371344]]]}, "properties": {"class_id": 1}}, {"type": "Feature", "geometry": {"type": "Polygon", "coordinates": [[[193350.9358576883, 8737257.563577967], [193351.55389167706, 8737257.465691], [193352.1114281929, 8737257.181611955], [193352.55389167706, 8737256.739148472], [193352.8379707209, 8737256.181611955], [193352.9358576883, 8737255.563577967], [193352.8379707209, 8737254.945543978], [193352.55389167706, 8737254.388007462], [193352.1114281929, 8737253.945543978], [193351.55389167706, 8737253.661464933], [193350.9358576883, 8737253.563577967], [193350.31782369956, 8737253.661464933], [193349.76028718372, 8737253.945543978], [193349.31782369956, 8737254.388007462], [193349.03374465572, 8737254.945543978], [193348.9358576883, 8737255.563577967], [193349.03374465572, 8737256.181611955], [193349.31782369956, 8737256.739148472], [193349.76028718372, 8737257.181611955], [193350.31782369956, 8737257.465691], [193350.9358576883, 8737257.563577967]]]}, "properties": {"class_id": 2}}, {"type": "Feature", "geometry": {"type": "Polygon", "coordinates": [[[193017.33882951827, 8737364.56312083], [193016.8963660341, 8737365.005584314], [193016.61228699028, 8737365.56312083], [193016.51440002286, 8737366.18115482], [193016.61228699028, 8737366.799188808], [193016.8963660341, 8737367.356725324], [193017.33882951827, 8737367.799188808], [193017.8963660341, 8737368.083267853], [193018.51440002286, 8737368.18115482], [193019.1324340116, 8737368.083267853], [193019.68997052746, 8737367.799188808], [193020.1324340116, 8737367.356725324], [193020.41651305545, 8737366.799188808], [193020.51440002286, 8737366.18115482], [193020.41651305545, 8737365.56312083], [193020.35112250954, 8737365.434784658], [193020.5837271451, 8737365.471625613], [193021.20176113385, 8737365.373738647], [193021.7592976497, 8737365.089659601], [193022.20176113385, 8737364.647196118], [193022.4858401777, 8737364.089659601], [193022.5837271451, 8737363.471625613], [193022.4858401777, 8737362.853591625], [193022.20176113385, 8737362.296055108], [193021.7592976497, 8737361.853591625], [193021.20176113385, 8737361.56951258], [193020.5837271451, 8737361.471625613], [193019.96569315635, 8737361.56951258], [193019.4081566405, 8737361.853591625], [193018.96569315635, 8737362.296055108], [193018.68161411252, 8737362.853591625], [193018.5837271451, 8737363.471625613], [193018.68161411252, 8737364.089659601], [193018.74700465842, 8737364.217995774], [193018.51440002286, 8737364.18115482], [193017.8963660341, 8737364.279041786], [193017.33882951827, 8737364.56312083]]]}, "properties": {"class_id": 2}}, {"type": "Feature", "geometry": {"type": "Polygon", "coordinates": [[[193107.7559693334, 8737071.941232162], [193108.37400332215, 8737071.843345195], [193108.931539838, 8737071.55926615], [193109.37400332215, 8737071.116802666], [193109.658082366, 8737070.55926615], [193109.7559693334, 8737069.941232162], [193109.658082366, 8737069.323198173], [193109.37400332215, 8737068.765661657], [193108.931539838, 8737068.323198173], [193108.37400332215, 8737068.039119128], [193107.7559693334, 8737067.941232162], [193107.13793534465, 8737068.039119128], [193106.5803988288, 8737068.323198173], [193106.13793534465, 8737068.765661657], [193105.85385630082, 8737069.323198173], [193105.7559693334, 8737069.941232162], [193105.85385630082, 8737070.55926615], [193106.13793534465, 8737071.116802666], [193106.5803988288, 8737071.55926615], [193107.13793534465, 8737071.843345195], [193107.7559693334, 8737071.941232162]]]}, "properties": {"class_id": 2}}, {"type": "Feature", "geometry": {"type": "Polygon", "coordinates": [[[193107.5144952233, 8737096.788020033], [193108.13252921205, 8737096.690133067], [193108.6900657279, 8737096.406054022], [193109.13252921205, 8737095.963590538], [193109.41660825588, 8737095.406054022], [193109.5144952233, 8737094.788020033], [193109.41660825588, 8737094.169986045], [193109.13252921205, 8737093.612449529], [193108.6900657279, 8737093.169986045], [193108.13252921205, 8737092.885907], [193107.5144952233, 8737092.788020033], [193106.89646123454, 8737092.885907], [193106.3389247187, 8737093.169986045], [193105.89646123454, 8737093.612449529], [193105.6123821907, 8737094.169986045], [193105.5144952233, 8737094.788020033], [193105.6123821907, 8737095.406054022], [193105.89646123454, 8737095.963590538], [193106.3389247187, 8737096.406054022], [193106.89646123454, 8737096.690133067], [193107.5144952233, 8737096.788020033]]]}, "properties": {"class_id": 2}}, {"type": "Feature", "geometry": {"type": "Polygon", "coordinates": [[[193121.1767624268, 8737117.913023494], [193121.79479641555, 8737118.01091046], [193122.4128304043, 8737117.913023494], [193122.97036692014, 8737117.62894445], [193123.4128304043, 8737117.186480965], [193123.69690944813, 8737116.62894445], [193123.79479641555, 8737116.01091046], [193123.69690944813, 8737115.392876472], [193123.4128304043, 8737114.835339956], [193122.97036692014, 8737114.392876472], [193122.4128304043, 8737114.108797427], [193121.79479641555, 8737114.01091046], [193121.1767624268, 8737114.108797427], [193120.61922591095, 8737114.392876472], [193120.1767624268, 8737114.835339956], [193119.89268338296, 8737115.392876472], [193119.79479641555, 8737116.01091046], [193119.89268338296, 8737116.62894445], [193120.1767624268, 8737117.186480965], [193120.61922591095, 8737117.62894445], [193121.1767624268, 8737117.913023494]]]}, "properties": {"class_id": 2}}, {"type": "Feature", "geometry": {"type": "Polygon", "coordinates": [[[193431.6068385578, 8737218.62755954], [193430.98880456906, 8737218.725446507], [193430.92687186078, 8737218.757002799], [193430.70752015628, 8737218.645237522], [193430.08948616753, 8737218.547350556], [193429.47145217878, 8737218.645237522], [193428.91391566294, 8737218.929316567], [193428.47145217878, 8737219.37178005], [193428.18737313495, 8737219.929316567], [193428.08948616753, 8737220.547350556], [193428.18737313495, 8737221.165384544], [193428.47145217878, 8737221.72292106], [193428.91391566294, 8737222.165384544], [193429.47145217878, 8737222.44946359], [193430.08948616753, 8737222.547350556], [193430.70752015628, 8737222.44946359], [193430.76945286457, 8737222.417907298], [193430.98880456906, 8737222.529672574], [193431.6068385578, 8737222.62755954], [193432.22487254656, 8737222.529672574], [193432.7824090624, 8737222.24559353], [193433.22487254656, 8737221.803130046], [193433.5089515904, 8737221.24559353], [193433.6068385578, 8737220.62755954], [193433.5089515904, 8737220.009525552], [193433.22487254656, 8737219.451989036], [193432.7824090624, 8737219.009525552], [193432.22487254656, 8737218.725446507], [193431.6068385578, 8737218.62755954]]]}, "properties": {"class_id": 2}}, {"type": "Feature", "geometry": {"type": "Polygon", "coordinates": [[[193419.88698409812, 8737219.091534857], [193419.6029050543, 8737218.53399834], [193419.16044157013, 8737218.091534857], [193418.6029050543, 8737217.807455812], [193417.98487106554, 8737217.709568845], [193417.36683707678, 8737217.807455812], [193416.80930056094, 8737218.091534857], [193416.36683707678, 8737218.53399834], [193416.24650581944, 8737218.770161731], [193416.00048537, 8737218.809127541], [193415.44294885415, 8737219.093206586], [193415.00048537, 8737219.53567007], [193414.71640632616, 8737220.093206586], [193414.61851935874, 8737220.711240575], [193414.71640632616, 8737221.329274563], [193415.00048537, 8737221.88681108], [193415.44294885415, 8737222.329274563], [193416.00048537, 8737222.613353608], [193416.61851935874, 8737222.711240575], [193417.2365533475, 8737222.613353608], [193417.79408986334, 8737222.329274563], [193418.2365533475, 8737221.88681108], [193418.35688460484, 8737221.650647689], [193418.6029050543, 8737221.611681879], [193419.16044157013, 8737221.327602834], [193419.6029050543, 8737220.88513935], [193419.88698409812, 8737220.327602834], [193419.98487106554, 8737219.709568845], [193419.88698409812, 8737219.091534857]]]}, "properties": {"class_id": 2}}, {"type": "Feature", "geometry": {"type": "Polygon", "coordinates": [[[192924.74830861448, 8737094.182680678], [192924.8461955819, 8737093.56464669], [192924.74830861448, 8737092.9466127], [192924.46422957064, 8737092.389076184], [192924.0217660865, 8737091.9466127], [192923.46422957064, 8737091.662533656], [192922.8461955819, 8737091.56464669], [192922.22816159314, 8737091.662533656], [192921.6706250773, 8737091.9466127], [192921.52724667406, 8737092.089991104], [192921.383966906, 8737092.11268439], [192920.82643039015, 8737092.396763435], [192920.383966906, 8737092.839226918], [192920.09988786216, 8737093.396763435], [192920.00200089475, 8737094.014797423], [192920.09988786216, 8737094.632831411], [192920.383966906, 8737095.190367928], [192920.73160876395, 8737095.538009785], [192920.95768368075, 8737095.981706792], [192921.4001471649, 8737096.424170276], [192921.95768368075, 8737096.708249321], [192922.5757176695, 8737096.806136288], [192923.19375165825, 8737096.708249321], [192923.7512881741, 8737096.424170276], [192924.19375165825, 8737095.981706792], [192924.4778307021, 8737095.424170276], [192924.5757176695, 8737094.806136288], [192924.54131525845, 8737094.588928012], [192924.74830861448, 8737094.182680678]]]}, "properties": {"class_id": 2}}, {"type": "Feature", "geometry": {"type": "Polygon", "coordinates": [[[193358.09203407302, 8737245.600692099], [193357.8079550292, 8737246.158228615], [193357.7255653459, 8737246.678416602], [193357.47512507212, 8737247.169933315], [193357.3772381047, 8737247.787967304], [193357.47512507212, 8737248.406001292], [193357.75920411595, 8737248.963537809], [193358.2016676001, 8737249.406001292], [193358.75920411595, 8737249.690080337], [193359.3772381047, 8737249.787967304], [193359.99527209345, 8737249.690080337], [193360.5528086093, 8737249.406001292], [193360.99527209345, 8737248.963537809], [193361.2793511373, 8737248.406001292], [193361.3617408206, 8737247.885813305], [193361.593396178, 8737247.431164065], [193361.9952015738, 8737247.22643399], [193362.43766505795, 8737246.783970507], [193362.7217441018, 8737246.22643399], [193362.8196310692, 8737245.608400002], [193362.7217441018, 8737244.990366014], [193362.43766505795, 8737244.432829497], [193361.9952015738, 8737243.990366014], [193361.43766505795, 8737243.706286969], [193360.8196310692, 8737243.608400002], [193360.20159708045, 8737243.706286969], [193359.6440605646, 8737243.990366014], [193359.20159708045, 8737244.432829497], [193358.93630295296, 8737244.95349854], [193358.53449755718, 8737245.158228615], [193358.09203407302, 8737245.600692099]]]}, "properties": {"class_id": 2}}, {"type": "Feature", "geometry": {"type": "Polygon", "coordinates": [[[192906.89438081702, 8737128.13272512], [192906.61030177318, 8737128.690261636], [192906.51241480577, 8737129.308295624], [192906.61030177318, 8737129.926329613], [192906.89438081702, 8737130.48386613], [192907.30375573048, 8737130.893241042], [192907.53205679264, 8737131.341307105], [192907.9745202768, 8737131.78377059], [192908.53205679264, 8737132.067849634], [192909.1500907814, 8737132.1657366], [192909.76812477014, 8737132.067849634], [192910.32566128598, 8737131.78377059], [192910.76812477014, 8737131.341307105], [192911.05220381398, 8737130.78377059], [192911.1500907814, 8737130.1657366], [192911.05220381398, 8737129.547702612], [192910.76812477014, 8737128.990166096], [192910.35874985668, 8737128.580791183], [192910.13044879452, 8737128.13272512], [192909.68798531036, 8737127.690261636], [192909.13044879452, 8737127.40618259], [192908.51241480577, 8737127.308295624], [192907.89438081702, 8737127.40618259], [192907.33684430117, 8737127.690261636], [192906.89438081702, 8737128.13272512]]]}, "properties": {"class_id": 2}}, {"type": "Feature", "geometry": {"type": "Polygon", "coordinates": [[[192784.40060998837, 8737281.830039822], [192784.53575819777, 8737282.095283117], [192784.484807536, 8737282.416972935], [192784.58269450342, 8737283.035006924], [192784.85641881157, 8737283.572221126], [192784.6585713129, 8737283.960518707], [192784.5606843455, 8737284.578552695], [192784.6585713129, 8737285.196586683], [192784.94265035674, 8737285.7541232], [192785.3851138409, 8737286.196586683], [192785.94265035674, 8737286.480665728], [192786.5606843455, 8737286.578552695], [192787.17871833424, 8737286.480665728], [192787.73625485008, 8737286.196586683], [192788.17871833424, 8737285.7541232], [192788.46279737807, 8737285.196586683], [192788.5606843455, 8737284.578552695], [192788.46279737807, 8737283.960518707], [192788.18907306992, 8737283.423304504], [192788.3869205686, 8737283.035006924], [192788.484807536, 8737282.416972935], [192788.3869205686, 8737281.798938947], [192788.2517723592, 8737281.533695651], [192788.30272302096, 8737281.212005833], [192788.20483605354, 8737280.593971845], [192787.9207570097, 8737280.036435328], [192787.47829352555, 8737279.593971845], [192786.9207570097, 8737279.3098928], [192786.30272302096, 8737279.212005833], [192785.6846890322, 8737279.3098928], [192785.12715251636, 8737279.593971845], [192784.6846890322, 8737280.036435328], [192784.40060998837, 8737280.593971845], [192784.30272302096, 8737281.212005833], [192784.40060998837, 8737281.830039822]]]}, "properties": {"class_id": 2}}, {"type": "Feature", "geometry": {"type": "Polygon", "coordinates": [[[192916.92838901313, 8737127.171349818], [192916.3708524973, 8737126.887270773], [192915.75281850854, 8737126.789383806], [192915.1347845198, 8737126.887270773], [192915.07168843626, 8737126.919419833], [192914.48755818338, 8737127.011936976], [192913.93002166753, 8737127.29601602], [192913.48755818338, 8737127.738479504], [192913.20347913954, 8737128.29601602], [192913.10559217213, 8737128.91405001], [192913.20347913954, 8737129.532083998], [192913.48755818338, 8737130.089620514], [192913.93002166753, 8737130.532083998], [192914.48755818338, 8737130.816163043], [192915.10559217213, 8737130.91405001], [192915.72362616088, 8737130.816163043], [192915.7867222444, 8737130.784013983], [192916.3708524973, 8737130.69149684], [192916.92838901313, 8737130.407417795], [192917.3708524973, 8737129.964954311], [192917.65493154112, 8737129.407417795], [192917.75281850854, 8737128.789383806], [192917.65493154112, 8737128.171349818], [192917.3708524973, 8737127.613813302], [192916.92838901313, 8737127.171349818]]]}, "properties": {"class_id": 2}}, {"type": "Feature", "geometry": {"type": "Polygon", "coordinates": [[[193153.8407485077, 8737291.182731528], [193153.55666946387, 8737290.625195011], [193153.1142059797, 8737290.182731528], [193152.55666946387, 8737289.898652483], [193151.93863547512, 8737289.800765516], [193151.32060148637, 8737289.898652483], [193150.76306497052, 8737290.182731528], [193150.32060148637, 8737290.625195011], [193150.03652244253, 8737291.182731528], [193149.93863547512, 8737291.800765516], [193150.03652244253, 8737292.418799505], [193150.32060148637, 8737292.976336021], [193150.76306497052, 8737293.418799505], [193151.32060148637, 8737293.70287855], [193151.93863547512, 8737293.800765516], [193152.55666946387, 8737293.70287855], [193153.1142059797, 8737293.418799505], [193153.55666946387, 8737292.976336021], [193153.8407485077, 8737292.418799505], [193153.93863547512, 8737291.800765516], [193153.8407485077, 8737291.182731528]]]}, "properties": {"class_id": 2}}, {"type": "Feature", "geometry": {"type": "Polygon", "coordinates": [[[193169.68098097324, 8737315.485068623], [193169.58309400582, 8737314.867034635], [193169.299014962, 8737314.309498118], [193168.85655147783, 8737313.867034635], [193168.299014962, 8737313.58295559], [193167.68098097324, 8737313.485068623], [193167.0629469845, 8737313.58295559], [193166.50541046864, 8737313.867034635], [193166.0629469845, 8737314.309498118], [193165.77886794065, 8737314.867034635], [193165.68098097324, 8737315.485068623], [193165.77886794065, 8737316.103102611], [193166.0629469845, 8737316.660639128], [193166.50541046864, 8737317.103102611], [193167.0629469845, 8737317.387181656], [193167.68098097324, 8737317.485068623], [193168.299014962, 8737317.387181656], [193168.85655147783, 8737317.103102611], [193169.299014962, 8737316.660639128], [193169.58309400582, 8737316.103102611], [193169.68098097324, 8737315.485068623]]]}, "properties": {"class_id": 2}}, {"type": "Feature", "geometry": {"type": "Polygon", "coordinates": [[[193179.17027991603, 8737331.213104058], [193178.8862008722, 8737331.770640574], [193178.78831390478, 8737332.388674563], [193178.8862008722, 8737333.006708551], [193179.17027991603, 8737333.564245068], [193179.61274340018, 8737334.006708551], [193180.17027991603, 8737334.290787596], [193180.73747677077, 8737334.380622752], [193180.6310950892, 8737334.589408558], [193180.53320812178, 8737335.207442546], [193180.6310950892, 8737335.825476535], [193180.91517413303, 8737336.383013051], [193181.35763761718, 8737336.825476535], [193181.91517413303, 8737337.10955558], [193182.53320812178, 8737337.207442546], [193183.15124211053, 8737337.10955558], [193183.70877862637, 8737336.825476535], [193184.15124211053, 8737336.383013051], [193184.43532115436, 8737335.825476535], [193184.53320812178, 8737335.207442546], [193184.43532115436, 8737334.589408558], [193184.15124211053, 8737334.031872042], [193183.70877862637, 8737333.589408558], [193183.15124211053, 8737333.305329513], [193182.5840452558, 8737333.215494357], [193182.69042693736, 8737333.006708551], [193182.78831390478, 8737332.388674563], [193182.69042693736, 8737331.770640574], [193182.40634789353, 8737331.213104058], [193181.96388440937, 8737330.770640574], [193181.40634789353, 8737330.48656153], [193180.78831390478, 8737330.388674563], [193180.17027991603, 8737330.48656153], [193179.61274340018, 8737330.770640574], [193179.17027991603, 8737331.213104058]]]}, "properties": {"class_id": 2}}, {"type": "Feature", "geometry": {"type": "Polygon", "coordinates": [[[193112.17446060647, 8737220.213924516], [193112.07657363906, 8737219.595890528], [193111.79249459523, 8737219.038354011], [193111.35003111107, 8737218.595890528], [193111.05619243358, 8737218.446172243], [193111.02666136576, 8737218.259720419], [193110.74258232192, 8737217.702183902], [193110.30011883777, 8737217.259720419], [193109.74258232192, 8737216.975641374], [193109.69830168088, 8737216.96862801], [193109.44633589336, 8737216.474117307], [193109.0038724092, 8737216.031653823], [193108.44633589336, 8737215.747574778], [193107.8283019046, 8737215.649687812], [193107.21026791586, 8737215.747574778], [193106.98689120513, 8737215.861390898], [193106.69088505796, 8737215.908273665], [193106.13334854212, 8737216.19235271], [193105.69088505796, 8737216.634816194], [193105.40680601413, 8737217.19235271], [193105.3089190467, 8737217.810386699], [193105.39780873194, 8737218.371614084], [193105.35536901443, 8737218.639567913], [193105.45325598185, 8737219.257601902], [193105.73733502568, 8737219.815138418], [193105.9526985999, 8737220.030501992], [193105.9886167145, 8737220.257280042], [193106.27269575832, 8737220.814816559], [193106.71515924248, 8737221.257280042], [193106.8206018865, 8737221.311005753], [193106.9001257876, 8737221.813099904], [193107.18420483143, 8737222.37063642], [193107.4516485025, 8737222.63808009], [193107.54073360702, 8737223.200541304], [193107.82481265086, 8737223.75807782], [193108.267276135, 8737224.200541304], [193108.82481265086, 8737224.48462035], [193108.85712903773, 8737224.489738762], [193108.81145261216, 8737224.778128363], [193108.90933957958, 8737225.396162352], [193109.1934186234, 8737225.953698868], [193109.63588210757, 8737226.396162352], [193109.84668597067, 8737226.503572285], [193109.85212628538, 8737226.53792108], [193110.1362053292, 8737227.095457597], [193110.36812051793, 8737227.327372786], [193110.3882925408, 8737227.454733925], [193110.67237158463, 8737228.012270441], [193111.1148350688, 8737228.454733925], [193111.67237158463, 8737228.73881297], [193112.0896268514, 8737228.804899711], [193112.24247249117, 8737229.10487617], [193112.5903548049, 8737229.452758484], [193112.67995002307, 8737230.018440427], [193112.9640290669, 8737230.575976944], [193113.17310351558, 8737230.785051392], [193113.24068358674, 8737231.211735168], [193113.52476263058, 8737231.769271685], [193113.96722611474, 8737232.211735168], [193113.98744994044, 8737232.222039722], [193114.04959397283, 8737232.344004253], [193114.02356603445, 8737232.508338189], [193114.12145300186, 8737233.126372177], [193114.4055320457, 8737233.683908693], [193114.84799552985, 8737234.126372177], [193115.4055320457, 8737234.410451222], [193116.02356603445, 8737234.508338189], [193116.6416000232, 8737234.410451222], [193116.64604468038, 8737234.408186557], [193116.7672598625, 8737234.646084746], [193116.79646434382, 8737234.675289227], [193116.51460082555, 8737235.22847753], [193116.41671385814, 8737235.846511519], [193116.51460082555, 8737236.464545507], [193116.7986798694, 8737237.022082023], [193117.24114335355, 8737237.464545507], [193117.7888800717, 8737237.743631305], [193117.75914356706, 8737237.931380207], [193117.85703053448, 8737238.549414195], [193118.1411095783, 8737239.106950711], [193118.58357306247, 8737239.549414195], [193119.1411095783, 8737239.83349324], [193119.295104356, 8737239.857883617], [193119.44615581137, 8737240.15433879], [193119.88861929553, 8737240.596802274], [193120.44615581137, 8737240.880881319], [193121.06418980012, 8737240.978768285], [193121.68222378887, 8737240.880881319], [193122.2397603047, 8737240.596802274], [193122.68222378887, 8737240.15433879], [193122.9663028327, 8737239.596802274], [193123.06418980012, 8737238.978768285], [193122.9663028327, 8737238.360734297], [193122.68222378887, 8737237.80319778], [193122.2397603047, 8737237.360734297], [193121.78343954193, 8737237.128227254], [193121.85297504906, 8737236.689197341], [193121.75508808164, 8737236.071163353], [193121.4710090378, 8737235.513626836], [193121.2303770015, 8737235.2729948], [193121.1414622051, 8737234.71160887], [193120.85738316126, 8737234.154072354], [193120.4149196771, 8737233.71160887], [193120.35217200711, 8737233.679637335], [193120.38529385126, 8737233.470514242], [193120.28740688384, 8737232.852480253], [193120.0313784533, 8737232.349996164], [193120.0425696069, 8737232.279338002], [193119.9446826395, 8737231.661304014], [193119.73434616037, 8737231.24849543], [193119.81207096233, 8737230.757760344], [193119.7488976859, 8737230.358899975], [193119.7513660236, 8737230.354055589], [193119.84925299103, 8737229.7360216], [193119.80094908882, 8737229.431042764], [193119.808794875, 8737229.423196979], [193120.09041773807, 8737228.870480988], [193120.2242726718, 8737228.736626055], [193120.50835171563, 8737228.179089539], [193120.58496841035, 8737227.695350766], [193120.78137438634, 8737227.498944791], [193121.06545343017, 8737226.941408275], [193121.1316830013, 8737226.52325122], [193121.4204980132, 8737226.234436208], [193121.70457705704, 8737225.676899692], [193121.80246402445, 8737225.058865704], [193121.75057581213, 8737224.731256425], [193121.95491128328, 8737224.526920954], [193122.2389903271, 8737223.969384437], [193122.33687729453, 8737223.351350449], [193122.31900323994, 8737223.23849811], [193122.55029452313, 8737222.784563407], [193122.64818149054, 8737222.166529419], [193122.55029452313, 8737221.54849543], [193122.2662154793, 8737220.990958914], [193121.82375199514, 8737220.54849543], [193121.2662154793, 8737220.264416385], [193120.64818149054, 8737220.166529419], [193120.0301475018, 8737220.264416385], [193119.47261098595, 8737220.54849543], [193119.0301475018, 8737220.990958914], [193118.74606845796, 8737221.54849543], [193118.64818149054, 8737222.166529419], [193118.66605554507, 8737222.279381758], [193118.64945473656, 8737222.311962679], [193118.29878167523, 8737222.367503835], [193117.74124515938, 8737222.65158288], [193117.29878167523, 8737223.094046364], [193117.0147026314, 8737223.65158288], [193116.91681566398, 8737224.269616868], [193117.0147026314, 8737224.887650857], [193117.29878167523, 8737225.445187373], [193117.36171551028, 8737225.508121207], [193117.261227365, 8737225.705340298], [193117.1846106703, 8737226.18907907], [193116.9882046943, 8737226.385485046], [193116.7065818312, 8737226.938201036], [193116.5727268975, 8737227.07205597], [193116.49541875644, 8737227.223781738], [193116.2019730653, 8737226.930336049], [193115.8799506979, 8737226.766257457], [193115.80007009656, 8737226.26191119], [193115.51599105273, 8737225.704374673], [193115.1515576577, 8737225.339941278], [193115.07770841848, 8737224.873675533], [193114.79362937465, 8737224.316139016], [193114.3511658905, 8737223.873675533], [193114.33796216277, 8737223.866947897], [193114.2545106542, 8737223.70316509], [193113.81204717004, 8737223.260701606], [193113.5984674555, 8737223.151877306], [193113.55215326574, 8737223.06098059], [193113.1096897816, 8737222.618517106], [193112.93943588072, 8737222.531768411], [193113.02958857582, 8737221.962566696], [193112.9317016084, 8737221.344532708], [193112.64762256457, 8737220.786996191], [193112.20515908042, 8737220.344532708], [193112.15761143874, 8737220.320305973], [193112.17446060647, 8737220.213924516]]]}, "properties": {"class_id": 2}}, {"type": "Feature", "geometry": {"type": "Polygon", "coordinates": [[[193129.24730652937, 8737258.942123255], [193129.86534051812, 8737258.844236288], [193130.42287703397, 8737258.560157243], [193130.86534051812, 8737258.11769376], [193131.14941956196, 8737257.560157243], [193131.24730652937, 8737256.942123255], [193131.14941956196, 8737256.324089266], [193130.86534051812, 8737255.76655275], [193130.42287703397, 8737255.324089266], [193129.86534051812, 8737255.040010221], [193129.24730652937, 8737254.942123255], [193128.62927254062, 8737255.040010221], [193128.07173602478, 8737255.324089266], [193127.62927254062, 8737255.76655275], [193127.3451934968, 8737256.324089266], [193127.24730652937, 8737256.942123255], [193127.3451934968, 8737257.560157243], [193127.62927254062, 8737258.11769376], [193128.07173602478, 8737258.560157243], [193128.62927254062, 8737258.844236288], [193129.24730652937, 8737258.942123255]]]}, "properties": {"class_id": 2}}, {"type": "Feature", "geometry": {"type": "Polygon", "coordinates": [[[193140.69764611457, 8737278.351343317], [193141.31568010332, 8737278.449230283], [193141.93371409207, 8737278.351343317], [193142.4912506079, 8737278.067264272], [193142.93371409207, 8737277.624800788], [193143.2177931359, 8737277.067264272], [193143.31568010332, 8737276.449230283], [193143.2177931359, 8737275.831196295], [193142.93371409207, 8737275.273659779], [193142.4912506079, 8737274.831196295], [193141.93371409207, 8737274.54711725], [193141.31568010332, 8737274.449230283], [193140.69764611457, 8737274.54711725], [193140.14010959872, 8737274.831196295], [193139.69764611457, 8737275.273659779], [193139.41356707073, 8737275.831196295], [193139.31568010332, 8737276.449230283], [193139.41356707073, 8737277.067264272], [193139.69764611457, 8737277.624800788], [193140.14010959872, 8737278.067264272], [193140.69764611457, 8737278.351343317]]]}, "properties": {"class_id": 2}}, {"type": "Feature", "geometry": {"type": "Polygon", "coordinates": [[[193080.7979136106, 8737186.256425675], [193081.04962210456, 8737186.296292383], [193081.13118669472, 8737186.811270937], [193081.20637498185, 8737186.95883626], [193081.28825104475, 8737187.475781376], [193081.5723300886, 8737188.033317892], [193081.77745260304, 8737188.238440406], [193081.7764675009, 8737188.244660096], [193081.8743544683, 8737188.862694085], [193082.15843351214, 8737189.420230601], [193082.41318534562, 8737189.674982434], [193082.3588128396, 8737190.018276926], [193082.45669980702, 8737190.636310915], [193082.74077885086, 8737191.19384743], [193083.183242335, 8737191.636310915], [193083.74077885086, 8737191.92038996], [193084.29434559168, 8737192.008066317], [193084.43196374967, 8737192.145684475], [193084.9895002655, 8737192.42976352], [193085.60753425426, 8737192.527650487], [193086.225568243, 8737192.42976352], [193086.78310475886, 8737192.145684475], [193087.225568243, 8737191.703220991], [193087.50964728685, 8737191.145684475], [193087.60753425426, 8737190.527650487], [193087.50964728685, 8737189.909616498], [193087.37320399308, 8737189.641831456], [193087.4094764933, 8737189.605558956], [193087.69355553715, 8737189.04802244], [193087.79144250456, 8737188.429988451], [193087.69355553715, 8737187.811954463], [193087.45521691468, 8737187.344188578], [193087.47623992333, 8737187.211454526], [193087.37835295592, 8737186.593420537], [193087.09427391208, 8737186.03588402], [193086.65181042792, 8737185.593420537], [193086.2442085792, 8737185.38573702], [193086.29812737886, 8737185.045307118], [193086.20024041145, 8737184.42727313], [193085.9161613676, 8737183.869736614], [193085.47369788346, 8737183.42727313], [193085.0862080719, 8737183.229837209], [193085.17666486342, 8737182.658715505], [193085.078777896, 8737182.040681517], [193084.79469885217, 8737181.483145], [193084.35223536802, 8737181.040681517], [193083.79469885217, 8737180.756602472], [193083.53130789418, 8737180.714885443], [193083.61814982694, 8737180.166587058], [193083.52026285953, 8737179.54855307], [193083.2361838157, 8737178.991016554], [193082.79372033154, 8737178.54855307], [193082.54814833644, 8737178.42342789], [193082.32141678076, 8737177.978442155], [193082.01245281944, 8737177.669478195], [193082.06707259337, 8737177.324622514], [193081.96918562596, 8737176.706588525], [193081.68510658212, 8737176.149052009], [193081.24895439995, 8737175.712899826], [193081.26618182193, 8737175.604130166], [193081.16829485452, 8737174.986096177], [193080.88421581069, 8737174.42855966], [193080.44175232653, 8737173.986096177], [193079.88421581069, 8737173.702017132], [193079.73201072015, 8737173.677910214], [193079.71004526087, 8737173.666718254], [193079.73381975596, 8737173.662952743], [193080.2913562718, 8737173.378873698], [193080.73381975596, 8737172.936410215], [193081.0178987998, 8737172.378873698], [193081.1157857672, 8737171.76083971], [193081.0178987998, 8737171.142805722], [193080.73381975596, 8737170.585269205], [193080.2913562718, 8737170.142805722], [193079.73381975596, 8737169.858726677], [193079.1157857672, 8737169.76083971], [193078.49775177846, 8737169.858726677], [193077.9402152626, 8737170.142805722], [193077.49775177846, 8737170.585269205], [193077.21367273462, 8737171.142805722], [193077.1157857672, 8737171.76083971], [193077.21367273462, 8737172.378873698], [193077.49775177846, 8737172.936410215], [193077.9402152626, 8737173.378873698], [193078.454450042, 8737173.640889406], [193078.43067554757, 8737173.644654917], [193077.87313903173, 8737173.928733962], [193077.43067554757, 8737174.371197445], [193077.14659650374, 8737174.928733962], [193077.04870953632, 8737175.54676795], [193077.14659650374, 8737176.164801938], [193077.24630813632, 8737176.360497037], [193077.0193375218, 8737176.80595195], [193076.9214505544, 8737177.423985938], [193077.0193375218, 8737178.042019926], [193077.25056583568, 8737178.495831044], [193077.3366872414, 8737179.0395802], [193077.62076628522, 8737179.597116716], [193078.06322976938, 8737180.0395802], [193078.0640644178, 8737180.040005475], [193078.03915426484, 8737180.19728199], [193078.13704123226, 8737180.815315979], [193078.29119352164, 8737181.11785688], [193078.34860776446, 8737181.480356144], [193078.6326868083, 8737182.03789266], [193079.07515029245, 8737182.480356144], [193079.48062792834, 8737182.68695732], [193079.60513806442, 8737182.93132222], [193079.8252357957, 8737183.151419953], [193079.7979136106, 8737183.178742137], [193079.51383456675, 8737183.736278653], [193079.41594759934, 8737184.354312642], [193079.51383456675, 8737184.97234663], [193079.7979136106, 8737185.529883146], [193080.24037709474, 8737185.97234663], [193080.7979136106, 8737186.256425675]]]}, "properties": {"class_id": 2}}, {"type": "Feature", "geometry": {"type": "Polygon", "coordinates": [[[193119.95436916803, 8737217.489225166], [193120.05225613544, 8737218.107259154], [193120.33633517928, 8737218.66479567], [193120.77879866344, 8737219.107259154], [193121.33633517928, 8737219.3913382], [193121.95436916803, 8737219.489225166], [193122.57240315678, 8737219.3913382], [193123.12993967262, 8737219.107259154], [193123.57240315678, 8737218.66479567], [193123.85648220062, 8737218.107259154], [193123.95436916803, 8737217.489225166], [193123.85648220062, 8737216.871191178], [193123.57240315678, 8737216.313654661], [193123.12993967262, 8737215.871191178], [193122.57240315678, 8737215.587112132], [193121.95436916803, 8737215.489225166], [193121.33633517928, 8737215.587112132], [193120.77879866344, 8737215.871191178], [193120.33633517928, 8737216.313654661], [193120.05225613544, 8737216.871191178], [193119.95436916803, 8737217.489225166]]]}, "properties": {"class_id": 2}}, {"type": "Feature", "geometry": {"type": "Polygon", "coordinates": [[[193099.73834575992, 8737208.648789521], [193099.4542667161, 8737209.206326038], [193099.35637974867, 8737209.824360026], [193099.4542667161, 8737210.442394014], [193099.73834575992, 8737210.99993053], [193100.18080924408, 8737211.442394014], [193100.73834575992, 8737211.72647306], [193101.35637974867, 8737211.824360026], [193101.97441373742, 8737211.72647306], [193102.53195025327, 8737211.442394014], [193102.97441373742, 8737210.99993053], [193103.25849278126, 8737210.442394014], [193103.35637974867, 8737209.824360026], [193103.25849278126, 8737209.206326038], [193102.97441373742, 8737208.648789521], [193102.53195025327, 8737208.206326038], [193101.97441373742, 8737207.922246993], [193101.35637974867, 8737207.824360026], [193100.73834575992, 8737207.922246993], [193100.18080924408, 8737208.206326038], [193099.73834575992, 8737208.648789521]]]}, "properties": {"class_id": 2}}, {"type": "Feature", "geometry": {"type": "Polygon", "coordinates": [[[193093.55196839114, 8737198.974722765], [193093.10950490698, 8737199.417186249], [193092.82542586315, 8737199.974722765], [193092.72753889574, 8737200.592756754], [193092.82542586315, 8737201.210790742], [193093.10950490698, 8737201.768327259], [193093.55196839114, 8737202.210790742], [193094.10950490698, 8737202.494869787], [193094.72753889574, 8737202.592756754], [193095.3455728845, 8737202.494869787], [193095.90310940033, 8737202.210790742], [193096.3455728845, 8737201.768327259], [193096.62965192832, 8737201.210790742], [193096.72753889574, 8737200.592756754], [193096.62965192832, 8737199.974722765], [193096.3455728845, 8737199.417186249], [193095.90310940033, 8737198.974722765], [193095.3455728845, 8737198.69064372], [193094.72753889574, 8737198.592756754], [193094.10950490698, 8737198.69064372], [193093.55196839114, 8737198.974722765]]]}, "properties": {"class_id": 2}}, {"type": "Feature", "geometry": {"type": "Polygon", "coordinates": [[[193162.67851316906, 8737305.985200012], [193162.0604791803, 8737306.083086979], [193161.50294266446, 8737306.367166024], [193161.0604791803, 8737306.809629507], [193160.77640013647, 8737307.367166024], [193160.67851316906, 8737307.985200012], [193160.77640013647, 8737308.603234], [193161.0604791803, 8737309.160770517], [193161.50294266446, 8737309.603234], [193162.0604791803, 8737309.887313046], [193162.67851316906, 8737309.985200012], [193163.2965471578, 8737309.887313046], [193163.85408367365, 8737309.603234], [193164.2965471578, 8737309.160770517], [193164.58062620164, 8737308.603234], [193164.67851316906, 8737307.985200012], [193164.58062620164, 8737307.367166024], [193164.2965471578, 8737306.809629507], [193163.85408367365, 8737306.367166024], [193163.2965471578, 8737306.083086979], [193162.67851316906, 8737305.985200012]]]}, "properties": {"class_id": 2}}, {"type": "Feature", "geometry": {"type": "Polygon", "coordinates": [[[193175.80716587568, 8737321.657869555], [193175.18913188693, 8737321.559982589], [193174.57109789818, 8737321.657869555], [193174.01356138234, 8737321.9419486], [193173.57109789818, 8737322.384412084], [193173.28701885435, 8737322.9419486], [193173.18913188693, 8737323.559982589], [193173.28701885435, 8737324.178016577], [193173.57109789818, 8737324.735553093], [193174.01356138234, 8737325.178016577], [193174.57109789818, 8737325.462095622], [193175.18913188693, 8737325.559982589], [193175.80716587568, 8737325.462095622], [193176.36470239153, 8737325.178016577], [193176.80716587568, 8737324.735553093], [193177.09124491952, 8737324.178016577], [193177.18913188693, 8737323.559982589], [193177.09124491952, 8737322.9419486], [193176.80716587568, 8737322.384412084], [193176.36470239153, 8737321.9419486], [193175.80716587568, 8737321.657869555]]]}, "properties": {"class_id": 2}}, {"type": "Feature", "geometry": {"type": "Polygon", "coordinates": [[[193193.36414789123, 8737347.034710266], [193192.92168440708, 8737346.592246782], [193192.36414789123, 8737346.308167737], [193191.74611390248, 8737346.21028077], [193191.12807991373, 8737346.308167737], [193190.5705433979, 8737346.592246782], [193190.12807991373, 8737347.034710266], [193189.8440008699, 8737347.592246782], [193189.74611390248, 8737348.21028077], [193189.8440008699, 8737348.828314759], [193190.12807991373, 8737349.385851275], [193190.5705433979, 8737349.828314759], [193191.12807991373, 8737350.112393804], [193191.74611390248, 8737350.21028077], [193192.36414789123, 8737350.112393804], [193192.92168440708, 8737349.828314759], [193193.36414789123, 8737349.385851275], [193193.64822693507, 8737348.828314759], [193193.74611390248, 8737348.21028077], [193193.64822693507, 8737347.592246782], [193193.36414789123, 8737347.034710266]]]}, "properties": {"class_id": 2}}, {"type": "Feature", "geometry": {"type": "Polygon", "coordinates": [[[193126.91897554172, 8737247.414572766], [193126.63489649788, 8737246.85703625], [193126.19243301373, 8737246.414572766], [193125.63489649788, 8737246.130493721], [193125.01686250913, 8737246.032606754], [193124.39882852038, 8737246.130493721], [193123.84129200454, 8737246.414572766], [193123.39882852038, 8737246.85703625], [193123.11474947655, 8737247.414572766], [193123.01686250913, 8737248.032606754], [193123.11474947655, 8737248.650640743], [193123.39882852038, 8737249.20817726], [193123.84129200454, 8737249.650640743], [193124.39882852038, 8737249.934719788], [193125.01686250913, 8737250.032606754], [193125.63489649788, 8737249.934719788], [193126.19243301373, 8737249.650640743], [193126.63489649788, 8737249.20817726], [193126.91897554172, 8737248.650640743], [193127.01686250913, 8737248.032606754], [193126.91897554172, 8737247.414572766]]]}, "properties": {"class_id": 2}}, {"type": "Feature", "geometry": {"type": "Polygon", "coordinates": [[[193135.88464264612, 8737266.191215722], [193135.7867556787, 8737265.573181733], [193135.50267663487, 8737265.015645217], [193135.06021315072, 8737264.573181733], [193134.50267663487, 8737264.289102688], [193133.88464264612, 8737264.191215722], [193133.26660865737, 8737264.289102688], [193132.70907214153, 8737264.573181733], [193132.26660865737, 8737265.015645217], [193131.98252961354, 8737265.573181733], [193131.88464264612, 8737266.191215722], [193131.98252961354, 8737266.80924971], [193132.26660865737, 8737267.366786227], [193132.70907214153, 8737267.80924971], [193133.26660865737, 8737268.093328755], [193133.88464264612, 8737268.191215722], [193134.50267663487, 8737268.093328755], [193135.06021315072, 8737267.80924971], [193135.50267663487, 8737267.366786227], [193135.7867556787, 8737266.80924971], [193135.88464264612, 8737266.191215722]]]}, "properties": {"class_id": 2}}, {"type": "Feature", "geometry": {"type": "Polygon", "coordinates": [[[193147.64375272265, 8737283.163459735], [193147.74163969007, 8737282.545425747], [193147.64375272265, 8737281.927391758], [193147.35967367882, 8737281.369855242], [193146.91721019466, 8737280.927391758], [193146.35967367882, 8737280.643312713], [193145.74163969007, 8737280.545425747], [193145.12360570132, 8737280.643312713], [193144.56606918547, 8737280.927391758], [193144.12360570132, 8737281.369855242], [193143.83952665748, 8737281.927391758], [193143.74163969007, 8737282.545425747], [193143.83952665748, 8737283.163459735], [193144.12360570132, 8737283.720996251], [193144.56606918547, 8737284.163459735], [193145.12360570132, 8737284.44753878], [193145.74163969007, 8737284.545425747], [193146.35967367882, 8737284.44753878], [193146.91721019466, 8737284.163459735], [193147.35967367882, 8737283.720996251], [193147.64375272265, 8737283.163459735]]]}, "properties": {"class_id": 2}}, {"type": "Feature", "geometry": {"type": "Polygon", "coordinates": [[[193159.8410122599, 8737302.307579407], [193160.12509130372, 8737301.750042891], [193160.22297827114, 8737301.132008903], [193160.12509130372, 8737300.513974914], [193159.8410122599, 8737299.956438398], [193159.39854877573, 8737299.513974914], [193158.8410122599, 8737299.22989587], [193158.22297827114, 8737299.132008903], [193157.6049442824, 8737299.22989587], [193157.04740776654, 8737299.513974914], [193156.6049442824, 8737299.956438398], [193156.32086523855, 8737300.513974914], [193156.22297827114, 8737301.132008903], [193156.32086523855, 8737301.750042891], [193156.6049442824, 8737302.307579407], [193157.04740776654, 8737302.750042891], [193157.6049442824, 8737303.034121936], [193158.22297827114, 8737303.132008903], [193158.8410122599, 8737303.034121936], [193159.39854877573, 8737302.750042891], [193159.8410122599, 8737302.307579407]]]}, "properties": {"class_id": 2}}, {"type": "Feature", "geometry": {"type": "Polygon", "coordinates": [[[193291.32670637488, 8737304.783165913], [193291.4245933423, 8737304.165131925], [193291.3930672001, 8737303.966083696], [193291.4577457253, 8737303.55771956], [193291.36188647745, 8737302.952488089], [193291.37192933657, 8737302.932777869], [193291.469816304, 8737302.31474388], [193291.37192933657, 8737301.696709892], [193291.310207614, 8737301.575574191], [193291.2153961769, 8737300.976958336], [193290.98102176283, 8737300.516972648], [193291.04211359203, 8737300.507296653], [193291.59965010788, 8737300.223217608], [193292.04211359203, 8737299.780754125], [193292.32619263587, 8737299.223217608], [193292.42407960328, 8737298.60518362], [193292.32619263587, 8737297.987149632], [193292.04211359203, 8737297.429613115], [193291.59965010788, 8737296.987149632], [193291.04211359203, 8737296.703070587], [193290.42407960328, 8737296.60518362], [193289.80604561453, 8737296.703070587], [193289.2485090987, 8737296.987149632], [193288.80604561453, 8737297.429613115], [193288.5219665707, 8737297.987149632], [193288.42407960328, 8737298.60518362], [193288.47360866578, 8737298.917897813], [193288.39761019303, 8737298.879174657], [193288.37547786476, 8737298.739436636], [193288.09139882092, 8737298.18190012], [193287.64893533677, 8737297.739436636], [193287.14284914287, 8737297.481572839], [193287.13452939928, 8737297.429044046], [193286.85045035544, 8737296.87150753], [193286.4079868713, 8737296.429044046], [193285.85045035544, 8737296.144965], [193285.64528873368, 8737296.112470591], [193285.5669547106, 8737296.03413657], [193285.00941819476, 8737295.750057524], [193284.391384206, 8737295.652170558], [193283.77335021726, 8737295.750057524], [193283.21581370142, 8737296.03413657], [193282.95005201126, 8737296.29989826], [193282.58690297953, 8737296.242381103], [193281.96886899078, 8737296.34026807], [193281.41133247493, 8737296.624347115], [193280.96886899078, 8737297.066810599], [193280.68478994694, 8737297.624347115], [193280.58690297953, 8737298.242381103], [193280.65995238078, 8737298.703596871], [193280.61902135878, 8737298.783928525], [193280.52113439137, 8737299.401962513], [193280.61902135878, 8737300.019996502], [193280.90310040262, 8737300.577533018], [193280.9458109131, 8737300.620243529], [193280.85823269922, 8737301.173190609], [193280.95611966663, 8737301.791224597], [193281.24019871047, 8737302.348761113], [193281.29535542612, 8737302.403917829], [193281.26462561783, 8737302.464228474], [193281.1667386504, 8737303.082262462], [193281.26462561783, 8737303.70029645], [193281.54870466166, 8737304.257832967], [193281.6195580394, 8737304.328686344], [193281.58880961407, 8737304.522824261], [193281.68669658148, 8737305.14085825], [193281.97077562532, 8737305.698394766], [193282.41323910948, 8737306.14085825], [193282.4235217386, 8737306.146097511], [193282.06386545976, 8737306.203061469], [193281.74425505818, 8737306.365911104], [193281.6092848354, 8737306.29714034], [193280.99125084665, 8737306.199253373], [193280.78420761632, 8737306.2320458], [193280.65712196322, 8737305.98262616], [193280.21465847906, 8737305.540162677], [193279.65712196322, 8737305.256083632], [193279.03908797447, 8737305.158196665], [193278.42105398572, 8737305.256083632], [193277.86351746987, 8737305.540162677], [193277.42105398572, 8737305.98262616], [193277.13697494188, 8737306.540162677], [193277.03908797447, 8737307.158196665], [193277.13697494188, 8737307.776230654], [193277.42105398572, 8737308.33376717], [193277.86351746987, 8737308.776230654], [193278.42105398572, 8737309.060309699], [193279.03908797447, 8737309.158196665], [193279.2461312048, 8737309.125404239], [193279.3732168579, 8737309.374823878], [193279.81568034206, 8737309.817287361], [193280.3732168579, 8737310.101366406], [193280.99125084665, 8737310.199253373], [193281.6092848354, 8737310.101366406], [193281.92889523698, 8737309.938516771], [193282.06386545976, 8737310.007287536], [193282.6818994485, 8737310.105174502], [193283.29993343726, 8737310.007287536], [193283.8574699531, 8737309.72320849], [193284.29993343726, 8737309.280745007], [193284.5840124811, 8737308.72320849], [193284.63574944568, 8737308.396554153], [193284.69605650892, 8737308.514913429], [193285.13851999308, 8737308.957376912], [193285.15154413687, 8737308.964013046], [193285.19019217294, 8737309.208027141], [193285.47427121678, 8737309.765563658], [193285.91673470094, 8737310.208027141], [193286.47427121678, 8737310.492106186], [193287.09230520553, 8737310.589993153], [193287.31489333758, 8737310.554738656], [193287.4269909489, 8737310.611855242], [193288.04502493766, 8737310.709742209], [193288.6630589264, 8737310.611855242], [193289.22059544225, 8737310.327776197], [193289.6630589264, 8737309.885312714], [193289.94713797024, 8737309.327776197], [193289.94815452336, 8737309.321357934], [193290.22501485923, 8737308.77798893], [193290.25021755867, 8737308.618865348], [193290.44030949223, 8737308.428773414], [193290.72438853607, 8737307.871236898], [193290.82227550348, 8737307.25320291], [193290.80144667585, 8737307.121694868], [193290.8692281347, 8737306.988666264], [193290.9671151021, 8737306.370632276], [193290.9101674697, 8737306.011079075], [193291.07259368594, 8737305.692299677], [193291.16691596378, 8737305.096772254], [193291.32670637488, 8737304.783165913]]]}, "properties": {"class_id": 2}}, {"type": "Feature", "geometry": {"type": "Polygon", "coordinates": [[[193262.67455724787, 8737324.01621752], [193262.11702073202, 8737323.732138475], [193261.49898674327, 8737323.634251509], [193261.11646872497, 8737323.69483641], [193261.07278381527, 8737323.419020746], [193260.78870477143, 8737322.86148423], [193260.34624128728, 8737322.419020746], [193259.78870477143, 8737322.1349417], [193259.17067078268, 8737322.037054734], [193258.55263679393, 8737322.1349417], [193258.34350741623, 8737322.241498442], [193257.9364253243, 8737322.034079755], [193257.31839133555, 8737321.936192788], [193256.7003573468, 8737322.034079755], [193256.14282083095, 8737322.3181588], [193256.10718751824, 8737322.353792112], [193256.00630797574, 8737322.337814363], [193255.388273987, 8737322.43570133], [193254.83073747114, 8737322.719780374], [193254.388273987, 8737323.162243858], [193254.13702586642, 8737323.65534606], [193253.57681564603, 8737323.74407464], [193253.01927913018, 8737324.028153686], [193252.60596298598, 8737324.44146983], [193252.3621897275, 8737324.31726115], [193252.56875630905, 8737324.110694569], [193252.85283535288, 8737323.553158052], [193252.9507223203, 8737322.935124064], [193252.85283535288, 8737322.317090075], [193252.56875630905, 8737321.75955356], [193252.1262928249, 8737321.317090075], [193251.56875630905, 8737321.03301103], [193250.9507223203, 8737320.935124064], [193250.33268833155, 8737321.03301103], [193250.08377747174, 8737321.159837449], [193249.82684353885, 8737320.655576212], [193249.3843800547, 8737320.213112729], [193248.82684353885, 8737319.929033684], [193248.2088095501, 8737319.831146717], [193247.59077556134, 8737319.929033684], [193247.0332390455, 8737320.213112729], [193246.59077556134, 8737320.655576212], [193246.3066965175, 8737321.213112729], [193246.2088095501, 8737321.831146717], [193246.3066965175, 8737322.449180705], [193246.59077556134, 8737323.006717222], [193247.0332390455, 8737323.449180705], [193247.59077556134, 8737323.73325975], [193248.2088095501, 8737323.831146717], [193248.82684353885, 8737323.73325975], [193249.07575439865, 8737323.606433332], [193249.33268833155, 8737324.110694569], [193249.7751518157, 8737324.553158052], [193250.24365154532, 8737324.791870588], [193250.03708496375, 8737324.99843717], [193249.9611287488, 8737325.147509636], [193249.84003296454, 8737324.909845777], [193249.39756948038, 8737324.467382293], [193248.84003296454, 8737324.183303248], [193248.2219989758, 8737324.085416282], [193247.60396498704, 8737324.183303248], [193247.0464284712, 8737324.467382293], [193246.96033047084, 8737324.553480294], [193246.868181143, 8737323.971672336], [193246.58410209918, 8737323.41413582], [193246.14163861502, 8737322.971672336], [193245.6247329184, 8737322.708295727], [193245.75018777052, 8737322.462076716], [193245.84807473794, 8737321.844042728], [193245.75018777052, 8737321.22600874], [193245.4661087267, 8737320.668472223], [193245.02364524253, 8737320.22600874], [193244.4661087267, 8737319.941929694], [193243.84807473794, 8737319.844042728], [193243.2300407492, 8737319.941929694], [193242.67250423334, 8737320.22600874], [193242.2300407492, 8737320.668472223], [193241.94596170535, 8737321.22600874], [193241.8907624655, 8737321.574523022], [193241.77992737625, 8737321.518049724], [193241.1618933875, 8737321.420162758], [193240.54385939875, 8737321.518049724], [193239.9863228829, 8737321.80212877], [193239.54385939875, 8737322.244592253], [193239.2597803549, 8737322.80212877], [193239.1618933875, 8737323.420162758], [193239.16514043155, 8737323.440663787], [193239.0336430375, 8737323.57216118], [193238.57355761528, 8737323.33773595], [193237.95552362653, 8737323.239848983], [193237.85266333888, 8737323.256140452], [193237.7769971728, 8737322.778403081], [193237.49291812896, 8737322.220866565], [193237.0504546448, 8737321.778403081], [193236.49291812896, 8737321.494324036], [193235.8748841402, 8737321.39643707], [193235.25685015146, 8737321.494324036], [193234.69931363562, 8737321.778403081], [193234.25685015146, 8737322.220866565], [193233.97277110763, 8737322.778403081], [193233.92806351022, 8737323.060675742], [193233.6652273847, 8737323.576520683], [193233.5673404173, 8737324.194554672], [193233.6652273847, 8737324.81258866], [193233.9153425028, 8737325.30346722], [193233.8933188335, 8737325.346691104], [193233.79543186608, 8737325.964725092], [193233.8933188335, 8737326.58275908], [193234.17739787733, 8737327.140295597], [193234.24289302426, 8737327.205790743], [193233.9792520189, 8737327.72321535], [193233.8813650515, 8737328.34124934], [193233.9792520189, 8737328.959283328], [193234.26333106274, 8737329.516819844], [193234.42030215272, 8737329.673790934], [193234.3549861177, 8737330.086180149], [193234.4528730851, 8737330.704214137], [193234.73695212894, 8737331.261750653], [193235.1794156131, 8737331.704214137], [193235.1892062202, 8737331.709202701], [193235.1256882624, 8737332.110239303], [193235.22357522981, 8737332.728273291], [193235.50765427365, 8737333.285809807], [193235.9501177578, 8737333.728273291], [193235.98263726773, 8737333.744842809], [193236.0285038625, 8737334.034433091], [193236.31258290634, 8737334.591969607], [193236.7550463905, 8737335.034433091], [193237.31258290634, 8737335.318512136], [193237.91008163168, 8737335.413146637], [193237.92214128264, 8737335.489288276], [193238.20622032648, 8737336.046824792], [193238.64868381064, 8737336.489288276], [193239.20622032648, 8737336.773367321], [193239.82425431523, 8737336.871254288], [193240.44228830398, 8737336.773367321], [193240.51845442876, 8737336.734558742], [193240.9586017235, 8737337.174706036], [193241.51613823936, 8737337.458785081], [193242.1341722281, 8737337.556672048], [193242.75220621686, 8737337.458785081], [193243.3097427327, 8737337.174706036], [193243.54745380903, 8737336.93699496], [193243.6841141493, 8737336.915350089], [193244.24165066515, 8737336.631271044], [193244.6841141493, 8737336.18880756], [193244.88178307237, 8737335.800860455], [193245.24897095916, 8737335.742703607], [193245.806507475, 8737335.458624562], [193246.0387757192, 8737335.226356318], [193246.20813003706, 8737335.19953323], [193246.7656665529, 8737334.915454185], [193247.1734897808, 8737334.507630957], [193247.178459289, 8737334.505098866], [193247.62092277315, 8737334.062635383], [193247.7596260693, 8737333.790414836], [193248.17265440116, 8737333.377386505], [193248.456733445, 8737332.819849988], [193248.4664316347, 8737332.758618029], [193248.72626386967, 8737332.498785794], [193249.0103429135, 8737331.941249277], [193249.03045876042, 8737331.81424282], [193249.1703317932, 8737331.674369786], [193249.45441083703, 8737331.11683327], [193249.55229780445, 8737330.498799281], [193249.48241559224, 8737330.057580357], [193249.57548778254, 8737329.8749159], [193249.67337474995, 8737329.256881911], [193249.57548778254, 8737328.638847923], [193249.2914087387, 8737328.081311407], [193249.28060496307, 8737328.07050763], [193249.33357687687, 8737327.73605613], [193249.39756948038, 8737327.70345027], [193249.84003296454, 8737327.260986786], [193249.91598917948, 8737327.11191432], [193250.03708496375, 8737327.34957818], [193250.4795484479, 8737327.792041663], [193251.03708496375, 8737328.076120708], [193251.6551189525, 8737328.174007675], [193252.0071973008, 8737328.118243944], [193252.02816064272, 8737328.250601275], [193252.31223968655, 8737328.808137791], [193252.7547031707, 8737329.250601275], [193253.31223968655, 8737329.53468032], [193253.48017767727, 8737329.561279085], [193253.39168459742, 8737329.734956533], [193253.29379763, 8737330.352990521], [193253.39168459742, 8737330.97102451], [193253.67576364125, 8737331.528561026], [193254.1182271254, 8737331.97102451], [193254.67576364125, 8737332.255103555], [193255.29379763, 8737332.352990521], [193255.91183161875, 8737332.255103555], [193256.4693681346, 8737331.97102451], [193256.91183161875, 8737331.528561026], [193257.1959106626, 8737330.97102451], [193257.29379763, 8737330.352990521], [193257.1959106626, 8737329.734956533], [193256.91183161875, 8737329.177420016], [193256.4693681346, 8737328.734956533], [193255.91183161875, 8737328.450877488], [193255.74389362804, 8737328.424278723], [193255.8323867079, 8737328.250601275], [193255.9302736753, 8737327.632567286], [193255.8323867079, 8737327.014533298], [193255.76073429087, 8737326.873907512], [193255.77803576266, 8737326.85660604], [193255.9291750576, 8737327.007745335], [193256.48671157344, 8737327.29182438], [193257.1047455622, 8737327.389711346], [193257.72277955094, 8737327.29182438], [193258.28031606678, 8737327.007745335], [193258.72277955094, 8737326.565281851], [193259.00527250048, 8737326.010858221], [193259.17067078268, 8737326.037054734], [193259.553188801, 8737325.976469833], [193259.5968737107, 8737326.252285497], [193259.82532074564, 8737326.700638048], [193259.52925845655, 8737326.996700337], [193259.4132008805, 8737327.224476155], [193259.23879290384, 8737327.252099665], [193258.681256388, 8737327.53617871], [193258.23879290384, 8737327.978642194], [193257.95471386, 8737328.53617871], [193257.8568268926, 8737329.154212698], [193257.95471386, 8737329.772246687], [193258.23879290384, 8737330.329783203], [193258.681256388, 8737330.772246687], [193259.23879290384, 8737331.056325732], [193259.8568268926, 8737331.154212698], [193260.47486088134, 8737331.056325732], [193261.03239739718, 8737330.772246687], [193261.47486088134, 8737330.329783203], [193261.5909184574, 8737330.102007385], [193261.76532643405, 8737330.074383875], [193262.3228629499, 8737329.79030483], [193262.76532643405, 8737329.347841347], [193263.04940547788, 8737328.79030483], [193263.1472924453, 8737328.172270842], [193263.04940547788, 8737327.554236853], [193262.82095844293, 8737327.105884302], [193263.11702073202, 8737326.809822014], [193263.40109977586, 8737326.252285497], [193263.49898674327, 8737325.634251509], [193263.40109977586, 8737325.01621752], [193263.11702073202, 8737324.458681004], [193262.67455724787, 8737324.01621752]]]}, "properties": {"class_id": 2}}, {"type": "Feature", "geometry": {"type": "Polygon", "coordinates": [[[193096.69499901953, 8737129.059451584], [193097.11437720837, 8737129.478829771], [193097.67191372422, 8737129.762908816], [193098.28994771297, 8737129.860795783], [193098.90798170172, 8737129.762908816], [193099.46551821756, 8737129.478829771], [193099.62199910733, 8737129.322348882], [193099.84971805123, 8737129.206320284], [193100.2921815354, 8737128.7638568], [193100.57626057923, 8737128.206320284], [193100.67414754664, 8737127.588286296], [193100.57626057923, 8737126.970252307], [193100.2921815354, 8737126.41271579], [193099.84971805123, 8737125.970252307], [193099.2921815354, 8737125.686173262], [193098.89619185933, 8737125.62345466], [193098.9675017752, 8737125.48350107], [193099.0653887426, 8737124.86546708], [193098.9675017752, 8737124.247433092], [193098.68342273135, 8737123.689896576], [193098.2409592472, 8737123.247433092], [193097.68342273135, 8737122.963354047], [193097.0653887426, 8737122.86546708], [193096.44735475385, 8737122.963354047], [193096.423882338, 8737122.97531384], [193096.24102461053, 8737122.616435343], [193095.79856112637, 8737122.17397186], [193095.24102461053, 8737121.889892815], [193094.62299062178, 8737121.792005848], [193094.38871335879, 8737121.829111721], [193094.27679468427, 8737121.717193047], [193093.71925816842, 8737121.433114002], [193093.10122417967, 8737121.335227035], [193092.48319019092, 8737121.433114002], [193091.92565367508, 8737121.717193047], [193091.48319019092, 8737122.15965653], [193091.19911114709, 8737122.717193047], [193091.10649863307, 8737123.301925447], [193090.9367919693, 8737123.215455582], [193090.31875798054, 8737123.117568616], [193089.7007239918, 8737123.215455582], [193089.14318747594, 8737123.499534627], [193088.7007239918, 8737123.941998111], [193088.41664494795, 8737124.499534627], [193088.31875798054, 8737125.117568616], [193088.41664494795, 8737125.735602604], [193088.7007239918, 8737126.29313912], [193089.14318747594, 8737126.735602604], [193089.7007239918, 8737127.01968165], [193089.83641501673, 8737127.041172996], [193089.68245268217, 8737127.343341092], [193089.669186634, 8737127.427099623], [193089.45961181307, 8737127.838413369], [193089.36172484566, 8737128.456447357], [193089.40258278526, 8737128.714414235], [193089.32313037635, 8737128.70183021], [193088.7050963876, 8737128.799717177], [193088.14755987175, 8737129.083796222], [193087.7050963876, 8737129.526259705], [193087.42101734376, 8737130.083796222], [193087.32313037635, 8737130.70183021], [193087.42101734376, 8737131.319864199], [193087.7050963876, 8737131.877400715], [193088.14755987175, 8737132.319864199], [193088.7050963876, 8737132.603943244], [193088.82561030943, 8737132.623030774], [193088.48934218317, 8737132.9592989], [193088.20526313933, 8737133.516835416], [193088.10737617192, 8737134.134869404], [193088.20526313933, 8737134.752903393], [193088.48934218317, 8737135.310439909], [193088.93180566732, 8737135.752903393], [193089.48934218317, 8737136.036982438], [193090.10737617192, 8737136.134869404], [193090.72541016067, 8737136.036982438], [193091.2829466765, 8737135.752903393], [193091.7177111245, 8737135.318138946], [193092.31402784825, 8737135.223691655], [193092.8715643641, 8737134.93961261], [193093.31402784825, 8737134.497149127], [193093.59810689208, 8737133.93961261], [193093.61816058372, 8737133.812998584], [193093.81313803222, 8737133.618021136], [193094.09721707605, 8737133.06048462], [193094.1223795061, 8737132.90161529], [193094.7190298094, 8737132.996115413], [193095.33706379816, 8737132.898228446], [193095.894600314, 8737132.614149401], [193096.33706379816, 8737132.171685917], [193096.621142842, 8737131.614149401], [193096.7190298094, 8737130.996115413], [193096.621142842, 8737130.378081424], [193096.33706379816, 8737129.820544908], [193095.94184423145, 8737129.425325342], [193096.07708835445, 8737129.403904777], [193096.6346248703, 8737129.119825732], [193096.69499901953, 8737129.059451584]]]}, "properties": {"class_id": 2}}, {"type": "Feature", "geometry": {"type": "Polygon", "coordinates": [[[193156.42136445252, 8737409.866310703], [193156.3234774851, 8737410.484344691], [193156.42136445252, 8737411.10237868], [193156.70544349635, 8737411.659915196], [193157.1479069805, 8737412.10237868], [193157.70544349635, 8737412.386457724], [193158.3234774851, 8737412.484344691], [193158.94151147385, 8737412.386457724], [193159.4990479897, 8737412.10237868], [193159.94151147385, 8737411.659915196], [193160.2255905177, 8737411.10237868], [193160.3234774851, 8737410.484344691], [193160.2255905177, 8737409.866310703], [193159.94151147385, 8737409.308774186], [193159.4990479897, 8737408.866310703], [193158.94151147385, 8737408.582231658], [193158.3234774851, 8737408.484344691], [193157.70544349635, 8737408.582231658], [193157.1479069805, 8737408.866310703], [193156.70544349635, 8737409.308774186], [193156.42136445252, 8737409.866310703]]]}, "properties": {"class_id": 2}}, {"type": "Feature", "geometry": {"type": "Polygon", "coordinates": [[[193214.44976155064, 8737381.618841749], [193214.35187458323, 8737382.236875737], [193214.44976155064, 8737382.854909725], [193214.73384059448, 8737383.412446242], [193215.17630407863, 8737383.854909725], [193215.73384059448, 8737384.13898877], [193216.35187458323, 8737384.236875737], [193216.96990857198, 8737384.13898877], [193217.52744508782, 8737383.854909725], [193217.96990857198, 8737383.412446242], [193218.2539876158, 8737382.854909725], [193218.35187458323, 8737382.236875737], [193218.2539876158, 8737381.618841749], [193217.96990857198, 8737381.061305232], [193217.52744508782, 8737380.618841749], [193216.96990857198, 8737380.334762704], [193216.35187458323, 8737380.236875737], [193215.73384059448, 8737380.334762704], [193215.17630407863, 8737380.618841749], [193214.73384059448, 8737381.061305232], [193214.44976155064, 8737381.618841749]]]}, "properties": {"class_id": 2}}, {"type": "Feature", "geometry": {"type": "Polygon", "coordinates": [[[193223.78814682952, 8737393.328492349], [193223.5040677857, 8737393.886028865], [193223.40618081827, 8737394.504062854], [193223.5040677857, 8737395.122096842], [193223.78814682952, 8737395.679633358], [193224.23061031368, 8737396.122096842], [193224.78814682952, 8737396.406175887], [193225.40618081827, 8737396.504062854], [193226.02421480702, 8737396.406175887], [193226.58175132287, 8737396.122096842], [193227.02421480702, 8737395.679633358], [193227.30829385086, 8737395.122096842], [193227.40618081827, 8737394.504062854], [193227.30829385086, 8737393.886028865], [193227.02421480702, 8737393.328492349], [193226.58175132287, 8737392.886028865], [193226.02421480702, 8737392.60194982], [193225.40618081827, 8737392.504062854], [193224.78814682952, 8737392.60194982], [193224.23061031368, 8737392.886028865], [193223.78814682952, 8737393.328492349]]]}, "properties": {"class_id": 2}}, {"type": "Feature", "geometry": {"type": "Polygon", "coordinates": [[[193235.70395232845, 8737408.843574535], [193235.2614888443, 8737409.286038019], [193234.97740980046, 8737409.843574535], [193234.87952283304, 8737410.461608524], [193234.97740980046, 8737411.079642512], [193235.2614888443, 8737411.637179028], [193235.70395232845, 8737412.079642512], [193236.2614888443, 8737412.363721557], [193236.87952283304, 8737412.461608524], [193237.4975568218, 8737412.363721557], [193238.05509333764, 8737412.079642512], [193238.4975568218, 8737411.637179028], [193238.78163586563, 8737411.079642512], [193238.87952283304, 8737410.461608524], [193238.78163586563, 8737409.843574535], [193238.4975568218, 8737409.286038019], [193238.05509333764, 8737408.843574535], [193237.4975568218, 8737408.55949549], [193236.87952283304, 8737408.461608524], [193236.2614888443, 8737408.55949549], [193235.70395232845, 8737408.843574535]]]}, "properties": {"class_id": 2}}, {"type": "Feature", "geometry": {"type": "Polygon", "coordinates": [[[193200.69022668182, 8737359.497017493], [193200.13269016598, 8737359.781096539], [193199.69022668182, 8737360.223560022], [193199.406147638, 8737360.781096539], [193199.30826067057, 8737361.399130527], [193199.406147638, 8737362.017164515], [193199.69022668182, 8737362.574701032], [193200.13269016598, 8737363.017164515], [193200.69022668182, 8737363.30124356], [193201.30826067057, 8737363.399130527], [193201.92629465932, 8737363.30124356], [193202.48383117517, 8737363.017164515], [193202.92629465932, 8737362.574701032], [193203.21037370316, 8737362.017164515], [193203.30826067057, 8737361.399130527], [193203.21037370316, 8737360.781096539], [193202.92629465932, 8737360.223560022], [193202.48383117517, 8737359.781096539], [193201.92629465932, 8737359.497017493], [193201.30826067057, 8737359.399130527], [193200.69022668182, 8737359.497017493]]]}, "properties": {"class_id": 2}}, {"type": "Feature", "geometry": {"type": "Polygon", "coordinates": [[[193208.66017299646, 8737374.007063549], [193208.0421390077, 8737374.104950516], [193207.48460249187, 8737374.38902956], [193207.0421390077, 8737374.831493044], [193206.75805996387, 8737375.38902956], [193206.66017299646, 8737376.007063549], [193206.75805996387, 8737376.625097537], [193207.0421390077, 8737377.182634054], [193207.48460249187, 8737377.625097537], [193208.0421390077, 8737377.909176582], [193208.66017299646, 8737378.007063549], [193209.2782069852, 8737377.909176582], [193209.83574350105, 8737377.625097537], [193210.2782069852, 8737377.182634054], [193210.56228602905, 8737376.625097537], [193210.66017299646, 8737376.007063549], [193210.56228602905, 8737375.38902956], [193210.2782069852, 8737374.831493044], [193209.83574350105, 8737374.38902956], [193209.2782069852, 8737374.104950516], [193208.66017299646, 8737374.007063549]]]}, "properties": {"class_id": 2}}, {"type": "Feature", "geometry": {"type": "Polygon", "coordinates": [[[193198.4739234271, 8737382.381425345], [193197.85588943836, 8737382.283538379], [193197.2378554496, 8737382.381425345], [193196.68031893377, 8737382.66550439], [193196.2378554496, 8737383.107967874], [193195.95377640577, 8737383.66550439], [193195.85588943836, 8737384.283538379], [193195.95377640577, 8737384.901572367], [193196.2378554496, 8737385.459108884], [193196.68031893377, 8737385.901572367], [193197.2378554496, 8737386.185651412], [193197.85588943836, 8737386.283538379], [193198.4739234271, 8737386.185651412], [193199.03145994295, 8737385.901572367], [193199.4739234271, 8737385.459108884], [193199.75800247095, 8737384.901572367], [193199.85588943836, 8737384.283538379], [193199.75800247095, 8737383.66550439], [193199.4739234271, 8737383.107967874], [193199.03145994295, 8737382.66550439], [193198.4739234271, 8737382.381425345]]]}, "properties": {"class_id": 2}}, {"type": "Feature", "geometry": {"type": "Polygon", "coordinates": [[[193180.95810755013, 8737394.40727903], [193180.4005710343, 8737394.123199984], [193179.78253704554, 8737394.025313018], [193179.1645030568, 8737394.123199984], [193178.60696654094, 8737394.40727903], [193178.1645030568, 8737394.849742513], [193177.88042401295, 8737395.40727903], [193177.78253704554, 8737396.025313018], [193177.88042401295, 8737396.643347006], [193178.1645030568, 8737397.200883523], [193178.60696654094, 8737397.643347006], [193179.1645030568, 8737397.927426051], [193179.78253704554, 8737398.025313018], [193180.4005710343, 8737397.927426051], [193180.95810755013, 8737397.643347006], [193181.4005710343, 8737397.200883523], [193181.68465007812, 8737396.643347006], [193181.78253704554, 8737396.025313018], [193181.68465007812, 8737395.40727903], [193181.4005710343, 8737394.849742513], [193180.95810755013, 8737394.40727903]]]}, "properties": {"class_id": 2}}, {"type": "Feature", "geometry": {"type": "Polygon", "coordinates": [[[193451.79928343697, 8737357.401594944], [193451.3568199528, 8737356.95913146], [193450.79928343697, 8737356.675052416], [193450.18124944821, 8737356.577165449], [193449.56321545946, 8737356.675052416], [193449.00567894362, 8737356.95913146], [193448.56321545946, 8737357.401594944], [193448.27913641563, 8737357.95913146], [193448.18124944821, 8737358.577165449], [193448.27913641563, 8737359.195199437], [193448.56321545946, 8737359.752735954], [193449.00567894362, 8737360.195199437], [193449.56321545946, 8737360.479278482], [193450.18124944821, 8737360.577165449], [193450.79928343697, 8737360.479278482], [193451.3568199528, 8737360.195199437], [193451.79928343697, 8737359.752735954], [193452.0833624808, 8737359.195199437], [193452.18124944821, 8737358.577165449], [193452.0833624808, 8737357.95913146], [193451.79928343697, 8737357.401594944]]]}, "properties": {"class_id": 2}}, {"type": "Feature", "geometry": {"type": "Polygon", "coordinates": [[[193468.5373608123, 8737350.099356735], [193468.09489732815, 8737349.656893251], [193467.5373608123, 8737349.372814206], [193466.91932682355, 8737349.27492724], [193466.3012928348, 8737349.372814206], [193465.74375631896, 8737349.656893251], [193465.3012928348, 8737350.099356735], [193465.01721379097, 8737350.656893251], [193464.91932682355, 8737351.27492724], [193465.01721379097, 8737351.892961228], [193465.3012928348, 8737352.450497745], [193465.74375631896, 8737352.892961228], [193466.3012928348, 8737353.177040273], [193466.91932682355, 8737353.27492724], [193467.5373608123, 8737353.177040273], [193468.09489732815, 8737352.892961228], [193468.5373608123, 8737352.450497745], [193468.82143985614, 8737351.892961228], [193468.91932682355, 8737351.27492724], [193468.82143985614, 8737350.656893251], [193468.5373608123, 8737350.099356735]]]}, "properties": {"class_id": 2}}, {"type": "Feature", "geometry": {"type": "Polygon", "coordinates": [[[193499.47139186872, 8737337.827458888], [193499.02892838456, 8737337.384995405], [193498.47139186872, 8737337.10091636], [193497.85335787997, 8737337.003029393], [193497.23532389122, 8737337.10091636], [193496.67778737537, 8737337.384995405], [193496.23532389122, 8737337.827458888], [193495.95124484738, 8737338.384995405], [193495.85335787997, 8737339.003029393], [193495.95124484738, 8737339.621063381], [193496.23532389122, 8737340.178599898], [193496.67778737537, 8737340.621063381], [193497.23532389122, 8737340.905142426], [193497.85335787997, 8737341.003029393], [193498.47139186872, 8737340.905142426], [193499.02892838456, 8737340.621063381], [193499.47139186872, 8737340.178599898], [193499.75547091255, 8737339.621063381], [193499.85335787997, 8737339.003029393], [193499.75547091255, 8737338.384995405], [193499.47139186872, 8737337.827458888]]]}, "properties": {"class_id": 2}}, {"type": "Feature", "geometry": {"type": "Polygon", "coordinates": [[[193516.3360922633, 8737330.788348144], [193515.89362877913, 8737330.34588466], [193515.3360922633, 8737330.061805615], [193514.71805827453, 8737329.963918649], [193514.10002428578, 8737330.061805615], [193513.54248776994, 8737330.34588466], [193513.10002428578, 8737330.788348144], [193512.81594524195, 8737331.34588466], [193512.71805827453, 8737331.963918649], [193512.81594524195, 8737332.581952637], [193513.10002428578, 8737333.139489153], [193513.54248776994, 8737333.581952637], [193514.10002428578, 8737333.866031682], [193514.71805827453, 8737333.963918649], [193515.3360922633, 8737333.866031682], [193515.89362877913, 8737333.581952637], [193516.3360922633, 8737333.139489153], [193516.62017130712, 8737332.581952637], [193516.71805827453, 8737331.963918649], [193516.62017130712, 8737331.34588466], [193516.3360922633, 8737330.788348144]]]}, "properties": {"class_id": 2}}, {"type": "Feature", "geometry": {"type": "Polygon", "coordinates": [[[193242.57827033591, 8737414.825973116], [193242.13580685176, 8737414.383509632], [193241.57827033591, 8737414.099430587], [193240.96023634716, 8737414.00154362], [193240.3422023584, 8737414.099430587], [193239.78466584257, 8737414.383509632], [193239.3422023584, 8737414.825973116], [193239.05812331458, 8737415.383509632], [193238.96023634716, 8737416.00154362], [193239.05812331458, 8737416.619577609], [193239.3422023584, 8737417.177114125], [193239.78466584257, 8737417.619577609], [193240.3422023584, 8737417.903656654], [193240.96023634716, 8737418.00154362], [193241.57827033591, 8737417.903656654], [193242.13580685176, 8737417.619577609], [193242.57827033591, 8737417.177114125], [193242.86234937975, 8737416.619577609], [193242.96023634716, 8737416.00154362], [193242.86234937975, 8737415.383509632], [193242.57827033591, 8737414.825973116]]]}, "properties": {"class_id": 2}}, {"type": "Feature", "geometry": {"type": "Polygon", "coordinates": [[[193379.78871899954, 8737388.591247397], [193379.34625551538, 8737388.148783913], [193378.78871899954, 8737387.864704868], [193378.1706850108, 8737387.766817901], [193377.55265102204, 8737387.864704868], [193376.9951145062, 8737388.148783913], [193376.55265102204, 8737388.591247397], [193376.2685719782, 8737389.148783913], [193376.1706850108, 8737389.766817901], [193376.2685719782, 8737390.38485189], [193376.55265102204, 8737390.942388406], [193376.9951145062, 8737391.38485189], [193377.55265102204, 8737391.668930935], [193378.1706850108, 8737391.766817901], [193378.78871899954, 8737391.668930935], [193379.34625551538, 8737391.38485189], [193379.78871899954, 8737390.942388406], [193380.07279804337, 8737390.38485189], [193380.1706850108, 8737389.766817901], [193380.07279804337, 8737389.148783913], [193379.78871899954, 8737388.591247397]]]}, "properties": {"class_id": 2}}, {"type": "Feature", "geometry": {"type": "Polygon", "coordinates": [[[193408.55038088176, 8737377.049550163], [193408.26630183792, 8737376.492013646], [193407.82383835377, 8737376.049550163], [193407.26630183792, 8737375.765471118], [193406.64826784917, 8737375.667584151], [193406.03023386042, 8737375.765471118], [193405.47269734458, 8737376.049550163], [193405.03023386042, 8737376.492013646], [193404.7461548166, 8737377.049550163], [193404.64826784917, 8737377.667584151], [193404.7461548166, 8737378.28561814], [193405.03023386042, 8737378.843154656], [193405.47269734458, 8737379.28561814], [193406.03023386042, 8737379.569697184], [193406.64826784917, 8737379.667584151], [193407.26630183792, 8737379.569697184], [193407.82383835377, 8737379.28561814], [193408.26630183792, 8737378.843154656], [193408.55038088176, 8737378.28561814], [193408.64826784917, 8737377.667584151], [193408.55038088176, 8737377.049550163]]]}, "properties": {"class_id": 2}}, {"type": "Feature", "geometry": {"type": "Polygon", "coordinates": [[[193425.13815588015, 8737369.3152795], [193425.04026891274, 8737368.697245512], [193424.7561898689, 8737368.139708996], [193424.31372638475, 8737367.697245512], [193423.7561898689, 8737367.413166467], [193423.13815588015, 8737367.3152795], [193422.5201218914, 8737367.413166467], [193421.96258537556, 8737367.697245512], [193421.5201218914, 8737368.139708996], [193421.23604284757, 8737368.697245512], [193421.13815588015, 8737369.3152795], [193421.23604284757, 8737369.933313489], [193421.5201218914, 8737370.490850005], [193421.96258537556, 8737370.933313489], [193422.5201218914, 8737371.217392534], [193423.13815588015, 8737371.3152795], [193423.7561898689, 8737371.217392534], [193424.31372638475, 8737370.933313489], [193424.7561898689, 8737370.490850005], [193425.04026891274, 8737369.933313489], [193425.13815588015, 8737369.3152795]]]}, "properties": {"class_id": 2}}, {"type": "Feature", "geometry": {"type": "Polygon", "coordinates": [[[193605.37857023696, 8737293.042180734], [193605.47645720438, 8737292.424146745], [193605.37857023696, 8737291.806112757], [193605.09449119313, 8737291.24857624], [193604.65202770897, 8737290.806112757], [193604.09449119313, 8737290.522033712], [193603.47645720438, 8737290.424146745], [193602.85842321563, 8737290.522033712], [193602.30088669978, 8737290.806112757], [193601.85842321563, 8737291.24857624], [193601.5743441718, 8737291.806112757], [193601.47645720438, 8737292.424146745], [193601.5743441718, 8737293.042180734], [193601.85842321563, 8737293.59971725], [193602.30088669978, 8737294.042180734], [193602.85842321563, 8737294.326259779], [193603.47645720438, 8737294.424146745], [193604.09449119313, 8737294.326259779], [193604.65202770897, 8737294.042180734], [193605.09449119313, 8737293.59971725], [193605.37857023696, 8737293.042180734]]]}, "properties": {"class_id": 2}}, {"type": "Feature", "geometry": {"type": "Polygon", "coordinates": [[[193618.47318470012, 8737288.389198925], [193618.57107166754, 8737287.771164937], [193618.47318470012, 8737287.153130949], [193618.1891056563, 8737286.595594432], [193617.74664217213, 8737286.153130949], [193617.1891056563, 8737285.869051903], [193616.57107166754, 8737285.771164937], [193615.9530376788, 8737285.869051903], [193615.39550116294, 8737286.153130949], [193614.9530376788, 8737286.595594432], [193614.66895863495, 8737287.153130949], [193614.57107166754, 8737287.771164937], [193614.66895863495, 8737288.389198925], [193614.9530376788, 8737288.946735442], [193615.39550116294, 8737289.389198925], [193615.9530376788, 8737289.67327797], [193616.57107166754, 8737289.771164937], [193617.1891056563, 8737289.67327797], [193617.74664217213, 8737289.389198925], [193618.1891056563, 8737288.946735442], [193618.47318470012, 8737288.389198925]]]}, "properties": {"class_id": 2}}, {"type": "Feature", "geometry": {"type": "Polygon", "coordinates": [[[193652.35132108832, 8737272.282445256], [193652.44920805574, 8737271.664411267], [193652.35132108832, 8737271.046377279], [193652.0672420445, 8737270.488840763], [193651.62477856033, 8737270.046377279], [193651.0672420445, 8737269.762298234], [193650.44920805574, 8737269.664411267], [193649.831174067, 8737269.762298234], [193649.27363755114, 8737270.046377279], [193648.831174067, 8737270.488840763], [193648.54709502315, 8737271.046377279], [193648.44920805574, 8737271.664411267], [193648.54709502315, 8737272.282445256], [193648.831174067, 8737272.839981772], [193649.27363755114, 8737273.282445256], [193649.831174067, 8737273.5665243], [193650.44920805574, 8737273.664411267], [193651.0672420445, 8737273.5665243], [193651.62477856033, 8737273.282445256], [193652.0672420445, 8737272.839981772], [193652.35132108832, 8737272.282445256]]]}, "properties": {"class_id": 2}}, {"type": "Feature", "geometry": {"type": "Polygon", "coordinates": [[[193735.5793560553, 8737236.748478718], [193735.6772430227, 8737236.13044473], [193735.5793560553, 8737235.512410741], [193735.29527701146, 8737234.954874225], [193734.8528135273, 8737234.512410741], [193734.29527701146, 8737234.228331696], [193733.6772430227, 8737234.13044473], [193733.05920903396, 8737234.228331696], [193732.50167251812, 8737234.512410741], [193732.05920903396, 8737234.954874225], [193731.77512999013, 8737235.512410741], [193731.6772430227, 8737236.13044473], [193731.77512999013, 8737236.748478718], [193732.05920903396, 8737237.306015234], [193732.50167251812, 8737237.748478718], [193733.05920903396, 8737238.032557763], [193733.6772430227, 8737238.13044473], [193734.29527701146, 8737238.032557763], [193734.8528135273, 8737237.748478718], [193735.29527701146, 8737237.306015234], [193735.5793560553, 8737236.748478718]]]}, "properties": {"class_id": 2}}, {"type": "Feature", "geometry": {"type": "Polygon", "coordinates": [[[193535.56398570997, 8737324.318895157], [193535.6618726774, 8737323.700861169], [193535.56398570997, 8737323.08282718], [193535.27990666614, 8737322.525290664], [193534.83744318198, 8737322.08282718], [193534.27990666614, 8737321.798748136], [193533.6618726774, 8737321.700861169], [193533.04383868864, 8737321.798748136], [193532.4863021728, 8737322.08282718], [193532.04383868864, 8737322.525290664], [193531.7597596448, 8737323.08282718], [193531.6618726774, 8737323.700861169], [193531.7597596448, 8737324.318895157], [193532.04383868864, 8737324.876431674], [193532.4863021728, 8737325.318895157], [193533.04383868864, 8737325.602974202], [193533.6618726774, 8737325.700861169], [193534.27990666614, 8737325.602974202], [193534.83744318198, 8737325.318895157], [193535.27990666614, 8737324.876431674], [193535.56398570997, 8737324.318895157]]]}, "properties": {"class_id": 2}}, {"type": "Feature", "geometry": {"type": "Polygon", "coordinates": [[[193554.86966256856, 8737316.619632615], [193555.1537416124, 8737316.062096098], [193555.2516285798, 8737315.44406211], [193555.1537416124, 8737314.826028122], [193554.86966256856, 8737314.268491605], [193554.4271990844, 8737313.826028122], [193553.86966256856, 8737313.541949077], [193553.2516285798, 8737313.44406211], [193552.63359459105, 8737313.541949077], [193552.0760580752, 8737313.826028122], [193551.63359459105, 8737314.268491605], [193551.34951554722, 8737314.826028122], [193551.2516285798, 8737315.44406211], [193551.34951554722, 8737316.062096098], [193551.63359459105, 8737316.619632615], [193552.0760580752, 8737317.062096098], [193552.63359459105, 8737317.346175143], [193553.2516285798, 8737317.44406211], [193553.86966256856, 8737317.346175143], [193554.4271990844, 8737317.062096098], [193554.86966256856, 8737316.619632615]]]}, "properties": {"class_id": 2}}, {"type": "Feature", "geometry": {"type": "Polygon", "coordinates": [[[193570.06582751797, 8737309.880107168], [193570.50829100213, 8737309.437643684], [193570.79237004597, 8737308.880107168], [193570.89025701338, 8737308.26207318], [193570.79237004597, 8737307.644039191], [193570.50829100213, 8737307.086502675], [193570.06582751797, 8737306.644039191], [193569.50829100213, 8737306.359960146], [193568.89025701338, 8737306.26207318], [193568.27222302463, 8737306.359960146], [193567.71468650879, 8737306.644039191], [193567.27222302463, 8737307.086502675], [193566.9881439808, 8737307.644039191], [193566.89025701338, 8737308.26207318], [193566.9881439808, 8737308.880107168], [193567.27222302463, 8737309.437643684], [193567.71468650879, 8737309.880107168], [193568.27222302463, 8737310.164186213], [193568.89025701338, 8737310.26207318], [193569.50829100213, 8737310.164186213], [193570.06582751797, 8737309.880107168]]]}, "properties": {"class_id": 2}}, {"type": "Feature", "geometry": {"type": "Polygon", "coordinates": [[[193582.994303293, 8737305.122135255], [193583.55183980885, 8737304.83805621], [193583.994303293, 8737304.395592727], [193584.27838233684, 8737303.83805621], [193584.37626930425, 8737303.220022222], [193584.27838233684, 8737302.601988234], [193583.994303293, 8737302.044451717], [193583.55183980885, 8737301.601988234], [193582.994303293, 8737301.317909189], [193582.37626930425, 8737301.220022222], [193581.7582353155, 8737301.317909189], [193581.20069879966, 8737301.601988234], [193580.7582353155, 8737302.044451717], [193580.47415627167, 8737302.601988234], [193580.37626930425, 8737303.220022222], [193580.47415627167, 8737303.83805621], [193580.7582353155, 8737304.395592727], [193581.20069879966, 8737304.83805621], [193581.7582353155, 8737305.122135255], [193582.37626930425, 8737305.220022222], [193582.994303293, 8737305.122135255]]]}, "properties": {"class_id": 2}}, {"type": "Feature", "geometry": {"type": "Polygon", "coordinates": [[[193211.22200751508, 8736741.960760772], [193211.84004150383, 8736741.862873806], [193212.39757801968, 8736741.57879476], [193212.84004150383, 8736741.136331277], [193213.12412054767, 8736740.57879476], [193213.22200751508, 8736739.960760772], [193213.12412054767, 8736739.342726784], [193212.84004150383, 8736738.785190267], [193212.39757801968, 8736738.342726784], [193211.84004150383, 8736738.058647739], [193211.22200751508, 8736737.960760772], [193210.60397352633, 8736738.058647739], [193210.0464370105, 8736738.342726784], [193209.60397352633, 8736738.785190267], [193209.3198944825, 8736739.342726784], [193209.22200751508, 8736739.960760772], [193209.3198944825, 8736740.57879476], [193209.60397352633, 8736741.136331277], [193210.0464370105, 8736741.57879476], [193210.60397352633, 8736741.862873806], [193211.22200751508, 8736741.960760772]]]}, "properties": {"class_id": 2}}, {"type": "Feature", "geometry": {"type": "Polygon", "coordinates": [[[193175.1204855002, 8736787.445819074], [193175.73851948895, 8736787.347932108], [193176.2960560048, 8736787.063853063], [193176.73851948895, 8736786.621389579], [193177.02259853279, 8736786.063853063], [193177.1204855002, 8736785.445819074], [193177.02259853279, 8736784.827785086], [193176.73851948895, 8736784.27024857], [193176.2960560048, 8736783.827785086], [193175.73851948895, 8736783.54370604], [193175.1204855002, 8736783.445819074], [193174.50245151145, 8736783.54370604], [193173.9449149956, 8736783.827785086], [193173.50245151145, 8736784.27024857], [193173.2183724676, 8736784.827785086], [193173.1204855002, 8736785.445819074], [193173.2183724676, 8736786.063853063], [193173.50245151145, 8736786.621389579], [193173.9449149956, 8736787.063853063], [193174.50245151145, 8736787.347932108], [193175.1204855002, 8736787.445819074]]]}, "properties": {"class_id": 2}}, {"type": "Feature", "geometry": {"type": "Polygon", "coordinates": [[[193147.90418480866, 8736825.460632527], [193148.5222187974, 8736825.558519494], [193149.14025278616, 8736825.460632527], [193149.697789302, 8736825.176553482], [193150.14025278616, 8736824.734089999], [193150.42433183, 8736824.176553482], [193150.5222187974, 8736823.558519494], [193150.42433183, 8736822.940485505], [193150.14025278616, 8736822.382948989], [193149.697789302, 8736821.940485505], [193149.14025278616, 8736821.65640646], [193148.5222187974, 8736821.558519494], [193147.90418480866, 8736821.65640646], [193147.34664829282, 8736821.940485505], [193146.90418480866, 8736822.382948989], [193146.62010576483, 8736822.940485505], [193146.5222187974, 8736823.558519494], [193146.62010576483, 8736824.176553482], [193146.90418480866, 8736824.734089999], [193147.34664829282, 8736825.176553482], [193147.90418480866, 8736825.460632527]]]}, "properties": {"class_id": 2}}, {"type": "Feature", "geometry": {"type": "Polygon", "coordinates": [[[193119.29414902415, 8736866.680066353], [193119.85168554, 8736866.964145398], [193120.46971952874, 8736867.062032364], [193121.0877535175, 8736866.964145398], [193121.64529003334, 8736866.680066353], [193122.0877535175, 8736866.237602869], [193122.37183256133, 8736865.680066353], [193122.46971952874, 8736865.062032364], [193122.37183256133, 8736864.443998376], [193122.0877535175, 8736863.88646186], [193121.64529003334, 8736863.443998376], [193121.0877535175, 8736863.15991933], [193120.46971952874, 8736863.062032364], [193119.85168554, 8736863.15991933], [193119.29414902415, 8736863.443998376], [193118.85168554, 8736863.88646186], [193118.56760649616, 8736864.443998376], [193118.46971952874, 8736865.062032364], [193118.56760649616, 8736865.680066353], [193118.85168554, 8736866.237602869], [193119.29414902415, 8736866.680066353]]]}, "properties": {"class_id": 2}}, {"type": "Feature", "geometry": {"type": "Polygon", "coordinates": [[[193741.20838930627, 8737233.138566859], [193741.65085279042, 8737233.581030343], [193742.20838930627, 8737233.865109388], [193742.82642329502, 8737233.962996354], [193743.44445728377, 8737233.865109388], [193744.0019937996, 8737233.581030343], [193744.44445728377, 8737233.138566859], [193744.7285363276, 8737232.581030343], [193744.82642329502, 8737231.962996354], [193744.7285363276, 8737231.344962366], [193744.44445728377, 8737230.78742585], [193744.0019937996, 8737230.344962366], [193743.44445728377, 8737230.06088332], [193742.82642329502, 8737229.962996354], [193742.20838930627, 8737230.06088332], [193741.65085279042, 8737230.344962366], [193741.20838930627, 8737230.78742585], [193740.92431026243, 8737231.344962366], [193740.82642329502, 8737231.962996354], [193740.92431026243, 8737232.581030343], [193741.20838930627, 8737233.138566859]]]}, "properties": {"class_id": 2}}, {"type": "Feature", "geometry": {"type": "Polygon", "coordinates": [[[193272.09792699222, 8736665.39410571], [193272.54039047638, 8736665.836569194], [193273.09792699222, 8736666.120648239], [193273.71596098098, 8736666.218535205], [193274.33399496973, 8736666.120648239], [193274.89153148557, 8736665.836569194], [193275.33399496973, 8736665.39410571], [193275.61807401356, 8736664.836569194], [193275.71596098098, 8736664.218535205], [193275.61807401356, 8736663.600501217], [193275.33399496973, 8736663.0429647], [193274.89153148557, 8736662.600501217], [193274.33399496973, 8736662.316422172], [193273.71596098098, 8736662.218535205], [193273.09792699222, 8736662.316422172], [193272.54039047638, 8736662.600501217], [193272.09792699222, 8736663.0429647], [193271.8138479484, 8736663.600501217], [193271.71596098098, 8736664.218535205], [193271.8138479484, 8736664.836569194], [193272.09792699222, 8736665.39410571]]]}, "properties": {"class_id": 2}}, {"type": "Feature", "geometry": {"type": "Polygon", "coordinates": [[[193254.21334946866, 8736684.340436043], [193254.6558129528, 8736684.782899527], [193255.21334946866, 8736685.066978572], [193255.8313834574, 8736685.164865538], [193256.44941744616, 8736685.066978572], [193257.006953962, 8736684.782899527], [193257.44941744616, 8736684.340436043], [193257.73349649, 8736683.782899527], [193257.8313834574, 8736683.164865538], [193257.73349649, 8736682.54683155], [193257.44941744616, 8736681.989295034], [193257.006953962, 8736681.54683155], [193256.44941744616, 8736681.262752505], [193255.8313834574, 8736681.164865538], [193255.21334946866, 8736681.262752505], [193254.6558129528, 8736681.54683155], [193254.21334946866, 8736681.989295034], [193253.92927042482, 8736682.54683155], [193253.8313834574, 8736683.164865538], [193253.92927042482, 8736683.782899527], [193254.21334946866, 8736684.340436043]]]}, "properties": {"class_id": 2}}, {"type": "Feature", "geometry": {"type": "Polygon", "coordinates": [[[193233.7822982045, 8736709.51714409], [193234.06637724832, 8736710.074680606], [193234.50884073248, 8736710.51714409], [193235.06637724832, 8736710.801223135], [193235.68441123707, 8736710.899110101], [193236.30244522583, 8736710.801223135], [193236.85998174167, 8736710.51714409], [193237.30244522583, 8736710.074680606], [193237.58652426966, 8736709.51714409], [193237.68441123707, 8736708.899110101], [193237.58652426966, 8736708.281076113], [193237.30244522583, 8736707.723539596], [193236.85998174167, 8736707.281076113], [193236.30244522583, 8736706.996997068], [193235.68441123707, 8736706.899110101], [193235.06637724832, 8736706.996997068], [193234.50884073248, 8736707.281076113], [193234.06637724832, 8736707.723539596], [193233.7822982045, 8736708.281076113], [193233.68441123707, 8736708.899110101], [193233.7822982045, 8736709.51714409]]]}, "properties": {"class_id": 2}}, {"type": "Feature", "geometry": {"type": "Polygon", "coordinates": [[[193077.7228582552, 8737119.070117597], [193077.43877921137, 8737119.627654113], [193077.34089224396, 8737120.245688101], [193077.43877921137, 8737120.86372209], [193077.5935230242, 8737121.167423923], [193077.45585319266, 8737121.305093754], [193077.17177414882, 8737121.86263027], [193077.0738871814, 8737122.480664259], [193077.17177414882, 8737123.098698247], [193077.45585319266, 8737123.656234764], [193077.5886668459, 8737123.789048417], [193077.37826638724, 8737123.896252805], [193076.93580290308, 8737124.338716289], [193076.65172385925, 8737124.896252805], [193076.55383689184, 8737125.514286794], [193076.65172385925, 8737126.132320782], [193076.93580290308, 8737126.689857299], [193077.37826638724, 8737127.132320782], [193077.93580290308, 8737127.416399827], [193078.55383689184, 8737127.514286794], [193079.1718708806, 8737127.416399827], [193079.72940739643, 8737127.132320782], [193080.1718708806, 8737126.689857299], [193080.45594992442, 8737126.132320782], [193080.55383689184, 8737125.514286794], [193080.45594992442, 8737124.896252805], [193080.1718708806, 8737124.338716289], [193080.03905722735, 8737124.205902636], [193080.249457686, 8737124.098698247], [193080.69192117016, 8737123.656234764], [193080.976000214, 8737123.098698247], [193081.0738871814, 8737122.480664259], [193080.976000214, 8737121.86263027], [193080.82125640116, 8737121.558928438], [193080.9589262327, 8737121.421258606], [193081.24300527654, 8737120.86372209], [193081.34089224396, 8737120.245688101], [193081.24300527654, 8737119.627654113], [193081.125577164, 8737119.397188466], [193081.41749435914, 8737119.10527127], [193081.70157340297, 8737118.547734754], [193081.79946037038, 8737117.929700766], [193081.70157340297, 8737117.311666777], [193081.41749435914, 8737116.754130261], [193080.97503087498, 8737116.311666777], [193080.41749435914, 8737116.027587732], [193079.79946037038, 8737115.929700766], [193079.18142638163, 8737116.027587732], [193078.6238898658, 8737116.311666777], [193078.18142638163, 8737116.754130261], [193077.8973473378, 8737117.311666777], [193077.79946037038, 8737117.929700766], [193077.8973473378, 8737118.547734754], [193078.01477545034, 8737118.778200401], [193077.7228582552, 8737119.070117597]]]}, "properties": {"class_id": 2}}, {"type": "Feature", "geometry": {"type": "Polygon", "coordinates": [[[193114.5207872775, 8737110.699235825], [193114.80486632133, 8737111.256772341], [193115.24732980548, 8737111.699235825], [193115.80486632133, 8737111.98331487], [193116.42290031008, 8737112.081201836], [193117.04093429883, 8737111.98331487], [193117.19637287356, 8737111.90411496], [193117.31545941476, 8737112.023201501], [193117.8729959306, 8737112.307280546], [193118.49102991936, 8737112.405167513], [193118.9531528381, 8737112.331974434], [193118.99896305846, 8737112.621208781], [193119.2830421023, 8737113.178745298], [193119.72550558645, 8737113.621208781], [193120.2830421023, 8737113.905287826], [193120.90107609105, 8737114.003174793], [193121.5191100798, 8737113.905287826], [193122.07664659564, 8737113.621208781], [193122.5191100798, 8737113.178745298], [193122.57402053528, 8737113.07097746], [193122.80850056116, 8737113.033839474], [193123.366037077, 8737112.749760428], [193123.80850056116, 8737112.307296945], [193124.092579605, 8737111.749760428], [193124.1904665724, 8737111.13172644], [193124.092579605, 8737110.513692452], [193123.80850056116, 8737109.956155935], [193123.366037077, 8737109.513692452], [193122.80850056116, 8737109.229613407], [193122.1904665724, 8737109.13172644], [193121.7074415029, 8737109.208230095], [193121.55659240577, 8737108.912172072], [193121.11412892162, 8737108.469708588], [193120.55659240577, 8737108.185629543], [193119.93855841702, 8737108.087742576], [193119.32052442827, 8737108.185629543], [193118.79512871697, 8737108.45333203], [193118.49102991936, 8737108.405167513], [193117.8729959306, 8737108.50305448], [193117.71755735588, 8737108.58225439], [193117.59847081467, 8737108.463167848], [193117.04093429883, 8737108.179088803], [193116.42290031008, 8737108.081201836], [193115.80486632133, 8737108.179088803], [193115.24732980548, 8737108.463167848], [193114.80486632133, 8737108.905631332], [193114.5207872775, 8737109.463167848], [193114.42290031008, 8737110.081201836], [193114.5207872775, 8737110.699235825]]]}, "properties": {"class_id": 2}}, {"type": "Feature", "geometry": {"type": "Polygon", "coordinates": [[[193104.05239617737, 8736893.519984694], [193103.49485966153, 8736893.80406374], [193103.05239617737, 8736894.246527223], [193102.76831713354, 8736894.80406374], [193102.67043016612, 8736895.422097728], [193102.76831713354, 8736896.040131716], [193103.05239617737, 8736896.597668232], [193103.49485966153, 8736897.040131716], [193104.05239617737, 8736897.324210761], [193104.67043016612, 8736897.422097728], [193105.28846415487, 8736897.324210761], [193105.84600067072, 8736897.040131716], [193106.28846415487, 8736896.597668232], [193106.5725431987, 8736896.040131716], [193106.67043016612, 8736895.422097728], [193106.5725431987, 8736894.80406374], [193106.28846415487, 8736894.246527223], [193105.84600067072, 8736893.80406374], [193105.28846415487, 8736893.519984694], [193104.67043016612, 8736893.422097728], [193104.05239617737, 8736893.519984694]]]}, "properties": {"class_id": 2}}, {"type": "Feature", "geometry": {"type": "Polygon", "coordinates": [[[193121.10891648557, 8737118.521087486], [193120.6664530014, 8737118.078624003], [193120.10891648557, 8737117.794544958], [193119.49088249682, 8737117.696657991], [193118.87284850806, 8737117.794544958], [193118.5036930676, 8737117.98263905], [193118.25721527147, 8737117.498899138], [193117.81475178731, 8737117.056435654], [193117.25721527147, 8737116.772356609], [193116.63918128272, 8737116.674469642], [193116.02114729397, 8737116.772356609], [193115.74840929502, 8737116.91132356], [193115.7197970433, 8737116.730672913], [193115.43571799947, 8737116.173136396], [193114.9932545153, 8737115.730672913], [193114.43571799947, 8737115.446593868], [193114.4116783661, 8737115.442786364], [193113.86612940766, 8737115.164815284], [193113.2480954189, 8737115.066928318], [193112.63006143016, 8737115.164815284], [193112.0725249143, 8737115.44889433], [193112.04815581196, 8737115.473263431], [193112.03604252083, 8737115.44948976], [193111.59357903668, 8737115.007026276], [193111.03604252083, 8737114.72294723], [193110.41800853208, 8737114.625060264], [193109.79997454333, 8737114.72294723], [193109.2424380275, 8737115.007026276], [193108.79997454333, 8737115.44948976], [193108.5158954995, 8737116.007026276], [193108.41800853208, 8737116.625060264], [193108.5158954995, 8737117.243094252], [193108.79997454333, 8737117.800630769], [193109.2424380275, 8737118.243094252], [193109.72901062292, 8737118.491015375], [193109.73011513957, 8737118.497989018], [193110.0141941834, 8737119.055525534], [193110.45665766756, 8737119.497989018], [193111.0141941834, 8737119.782068063], [193111.63222817215, 8737119.87995503], [193111.77332013578, 8737119.857608257], [193111.83000464583, 8737119.914292768], [193111.86711398757, 8737120.14859193], [193112.1511930314, 8737120.706128446], [193112.59365651556, 8737121.14859193], [193113.1511930314, 8737121.432670975], [193113.198880675, 8737121.440223956], [193113.3940061445, 8737121.823179252], [193113.83646962864, 8737122.265642736], [193114.3940061445, 8737122.549721781], [193115.01204013324, 8737122.647608748], [193115.630074122, 8737122.549721781], [193115.89519089827, 8737122.414638037], [193116.08411072538, 8737122.510897497], [193116.70214471413, 8737122.608784463], [193117.32017870288, 8737122.510897497], [193117.4514360225, 8737122.444018552], [193117.53899271798, 8737122.430150934], [193118.09652923382, 8737122.146071889], [193118.53899271798, 8737121.703608405], [193118.6502104694, 8737121.485331276], [193118.87284850806, 8737121.598771024], [193119.49088249682, 8737121.696657991], [193120.10891648557, 8737121.598771024], [193120.6664530014, 8737121.31469198], [193121.10891648557, 8737120.872228496], [193121.3929955294, 8737120.31469198], [193121.49088249682, 8737119.696657991], [193121.3929955294, 8737119.078624003], [193121.10891648557, 8737118.521087486]]]}, "properties": {"class_id": 2}}, {"type": "Feature", "geometry": {"type": "Polygon", "coordinates": [[[193303.4121904252, 8737288.955876933], [193303.96972694105, 8737288.671797888], [193304.4121904252, 8737288.229334405], [193304.69626946904, 8737287.671797888], [193304.79415643646, 8737287.0537639], [193304.69626946904, 8737286.435729912], [193304.4121904252, 8737285.878193395], [193303.96972694105, 8737285.435729912], [193303.4121904252, 8737285.151650866], [193302.79415643646, 8737285.0537639], [193302.1761224477, 8737285.151650866], [193301.61858593186, 8737285.435729912], [193301.1761224477, 8737285.878193395], [193300.89204340387, 8737286.435729912], [193300.79415643646, 8737287.0537639], [193300.89204340387, 8737287.671797888], [193301.1761224477, 8737288.229334405], [193301.61858593186, 8737288.671797888], [193302.1761224477, 8737288.955876933], [193302.79415643646, 8737289.0537639], [193303.4121904252, 8737288.955876933]]]}, "properties": {"class_id": 2}}, {"type": "Feature", "geometry": {"type": "Polygon", "coordinates": [[[193016.3096353864, 8737308.38999494], [193016.92766937515, 8737308.292107973], [193017.485205891, 8737308.008028928], [193017.92766937515, 8737307.565565445], [193018.21174841898, 8737307.008028928], [193018.3096353864, 8737306.38999494], [193018.21174841898, 8737305.771960951], [193017.92766937515, 8737305.214424435], [193017.485205891, 8737304.771960951], [193016.92766937515, 8737304.487881906], [193016.3096353864, 8737304.38999494], [193015.69160139764, 8737304.487881906], [193015.1340648818, 8737304.771960951], [193014.69160139764, 8737305.214424435], [193014.4075223538, 8737305.771960951], [193014.3096353864, 8737306.38999494], [193014.4075223538, 8737307.008028928], [193014.69160139764, 8737307.565565445], [193015.1340648818, 8737308.008028928], [193015.69160139764, 8737308.292107973], [193016.3096353864, 8737308.38999494]]]}, "properties": {"class_id": 2}}, {"type": "Feature", "geometry": {"type": "Polygon", "coordinates": [[[193094.48099179275, 8737294.468360953], [193095.0990257815, 8737294.56624792], [193095.71705977025, 8737294.468360953], [193096.2745962861, 8737294.184281908], [193096.71705977025, 8737293.741818424], [193097.00113881408, 8737293.184281908], [193097.0990257815, 8737292.56624792], [193097.00113881408, 8737291.948213931], [193096.71705977025, 8737291.390677415], [193096.2745962861, 8737290.948213931], [193095.71705977025, 8737290.664134886], [193095.0990257815, 8737290.56624792], [193094.48099179275, 8737290.664134886], [193093.9234552769, 8737290.948213931], [193093.48099179275, 8737291.390677415], [193093.1969127489, 8737291.948213931], [193093.0990257815, 8737292.56624792], [193093.1969127489, 8737293.184281908], [193093.48099179275, 8737293.741818424], [193093.9234552769, 8737294.184281908], [193094.48099179275, 8737294.468360953]]]}, "properties": {"class_id": 2}}, {"type": "Feature", "geometry": {"type": "Polygon", "coordinates": [[[192981.02978121972, 8737349.322482392], [192981.31386026356, 8737349.880018909], [192981.75632374772, 8737350.322482392], [192982.31386026356, 8737350.606561437], [192982.9318942523, 8737350.704448404], [192983.54992824106, 8737350.606561437], [192984.1074647569, 8737350.322482392], [192984.54992824106, 8737349.880018909], [192984.8340072849, 8737349.322482392], [192984.9318942523, 8737348.704448404], [192984.8340072849, 8737348.086414415], [192984.54992824106, 8737347.528877899], [192984.1074647569, 8737347.086414415], [192983.54992824106, 8737346.80233537], [192982.9318942523, 8737346.704448404], [192982.31386026356, 8737346.80233537], [192981.75632374772, 8737347.086414415], [192981.31386026356, 8737347.528877899], [192981.02978121972, 8737348.086414415], [192980.9318942523, 8737348.704448404], [192981.02978121972, 8737349.322482392]]]}, "properties": {"class_id": 2}}, {"type": "Feature", "geometry": {"type": "Polygon", "coordinates": [[[193025.93661516148, 8737361.754702415], [193026.0345021289, 8737362.372736404], [193026.31858117273, 8737362.93027292], [193026.7610446569, 8737363.372736404], [193027.31858117273, 8737363.656815449], [193027.93661516148, 8737363.754702415], [193028.55464915023, 8737363.656815449], [193029.11218566608, 8737363.372736404], [193029.55464915023, 8737362.93027292], [193029.83872819407, 8737362.372736404], [193029.93661516148, 8737361.754702415], [193029.83872819407, 8737361.136668427], [193029.55464915023, 8737360.57913191], [193029.11218566608, 8737360.136668427], [193028.55464915023, 8737359.852589382], [193027.93661516148, 8737359.754702415], [193027.31858117273, 8737359.852589382], [193026.7610446569, 8737360.136668427], [193026.31858117273, 8737360.57913191], [193026.0345021289, 8737361.136668427], [193025.93661516148, 8737361.754702415]]]}, "properties": {"class_id": 2}}, {"type": "Feature", "geometry": {"type": "Polygon", "coordinates": [[[193012.18731140357, 8737362.230174912], [193011.90323235973, 8737362.787711428], [193011.80534539232, 8737363.405745417], [193011.90323235973, 8737364.023779405], [193012.18731140357, 8737364.581315922], [193012.62977488773, 8737365.023779405], [193013.18731140357, 8737365.30785845], [193013.80534539232, 8737365.405745417], [193014.42337938107, 8737365.30785845], [193014.98091589691, 8737365.023779405], [193015.42337938107, 8737364.581315922], [193015.7074584249, 8737364.023779405], [193015.80534539232, 8737363.405745417], [193015.7074584249, 8737362.787711428], [193015.42337938107, 8737362.230174912], [193014.98091589691, 8737361.787711428], [193014.42337938107, 8737361.503632383], [193013.80534539232, 8737361.405745417], [193013.18731140357, 8737361.503632383], [193012.62977488773, 8737361.787711428], [193012.18731140357, 8737362.230174912]]]}, "properties": {"class_id": 2}}, {"type": "Feature", "geometry": {"type": "Polygon", "coordinates": [[[193005.76217504122, 8737284.914498253], [193005.31971155707, 8737285.356961736], [193005.03563251323, 8737285.914498253], [193004.93774554582, 8737286.532532241], [193005.03563251323, 8737287.15056623], [193005.31971155707, 8737287.708102746], [193005.76217504122, 8737288.15056623], [193006.31971155707, 8737288.434645275], [193006.93774554582, 8737288.532532241], [193007.55577953457, 8737288.434645275], [193008.1133160504, 8737288.15056623], [193008.55577953457, 8737287.708102746], [193008.8398585784, 8737287.15056623], [193008.93774554582, 8737286.532532241], [193008.8398585784, 8737285.914498253], [193008.55577953457, 8737285.356961736], [193008.1133160504, 8737284.914498253], [193007.55577953457, 8737284.630419208], [193006.93774554582, 8737284.532532241], [193006.31971155707, 8737284.630419208], [193005.76217504122, 8737284.914498253]]]}, "properties": {"class_id": 2}}, {"type": "Feature", "geometry": {"type": "Polygon", "coordinates": [[[193015.2794664217, 8737280.01122935], [193014.72192990585, 8737280.295308394], [193014.2794664217, 8737280.737771878], [193013.99538737786, 8737281.295308394], [193013.89750041044, 8737281.913342383], [193013.99538737786, 8737282.531376371], [193014.2794664217, 8737283.088912887], [193014.72192990585, 8737283.531376371], [193015.2794664217, 8737283.815455416], [193015.89750041044, 8737283.913342383], [193016.5155343992, 8737283.815455416], [193017.07307091504, 8737283.531376371], [193017.5155343992, 8737283.088912887], [193017.79961344303, 8737282.531376371], [193017.89750041044, 8737281.913342383], [193017.79961344303, 8737281.295308394], [193017.5155343992, 8737280.737771878], [193017.07307091504, 8737280.295308394], [193016.5155343992, 8737280.01122935], [193015.89750041044, 8737279.913342383], [193015.2794664217, 8737280.01122935]]]}, "properties": {"class_id": 2}}, {"type": "Feature", "geometry": {"type": "Polygon", "coordinates": [[[192977.67762103013, 8737323.592604967], [192977.05958704138, 8737323.690491933], [192976.50205052554, 8737323.974570978], [192976.05958704138, 8737324.417034462], [192975.77550799755, 8737324.974570978], [192975.67762103013, 8737325.592604967], [192975.77550799755, 8737326.210638955], [192976.05958704138, 8737326.768175472], [192976.50205052554, 8737327.210638955], [192977.05958704138, 8737327.494718], [192977.67762103013, 8737327.592604967], [192978.29565501888, 8737327.494718], [192978.85319153473, 8737327.210638955], [192979.29565501888, 8737326.768175472], [192979.57973406272, 8737326.210638955], [192979.67762103013, 8737325.592604967], [192979.57973406272, 8737324.974570978], [192979.29565501888, 8737324.417034462], [192978.85319153473, 8737323.974570978], [192978.29565501888, 8737323.690491933], [192977.67762103013, 8737323.592604967]]]}, "properties": {"class_id": 2}}, {"type": "Feature", "geometry": {"type": "Polygon", "coordinates": [[[192982.53173373197, 8737336.909251556], [192981.91369974322, 8737336.81136459], [192981.29566575447, 8737336.909251556], [192980.73812923863, 8737337.1933306], [192980.29566575447, 8737337.635794085], [192980.01158671064, 8737338.1933306], [192979.91369974322, 8737338.81136459], [192980.01158671064, 8737339.429398578], [192980.29566575447, 8737339.986935094], [192980.73812923863, 8737340.429398578], [192981.29566575447, 8737340.713477623], [192981.91369974322, 8737340.81136459], [192982.53173373197, 8737340.713477623], [192983.08927024782, 8737340.429398578], [192983.53173373197, 8737339.986935094], [192983.8158127758, 8737339.429398578], [192983.91369974322, 8737338.81136459], [192983.8158127758, 8737338.1933306], [192983.53173373197, 8737337.635794085], [192983.08927024782, 8737337.1933306], [192982.53173373197, 8737336.909251556]]]}, "properties": {"class_id": 2}}, {"type": "Feature", "geometry": {"type": "Polygon", "coordinates": [[[193086.762174352, 8737131.976524446], [193086.47809530818, 8737131.41898793], [193086.03563182402, 8737130.976524446], [193085.47809530818, 8737130.692445401], [193084.86006131943, 8737130.594558435], [193084.24202733068, 8737130.692445401], [193083.68449081483, 8737130.976524446], [193083.24202733068, 8737131.41898793], [193082.95794828684, 8737131.976524446], [193082.86006131943, 8737132.594558435], [193082.95794828684, 8737133.212592423], [193083.24202733068, 8737133.77012894], [193083.68449081483, 8737134.212592423], [193084.24202733068, 8737134.496671468], [193084.86006131943, 8737134.594558435], [193085.47809530818, 8737134.496671468], [193086.03563182402, 8737134.212592423], [193086.47809530818, 8737133.77012894], [193086.762174352, 8737133.212592423], [193086.86006131943, 8737132.594558435], [193086.762174352, 8737131.976524446]]]}, "properties": {"class_id": 2}}, {"type": "Feature", "geometry": {"type": "Polygon", "coordinates": [[[192898.1556500891, 8737207.18762175], [192898.3024805402, 8737208.114672733], [192898.72859910596, 8737208.950977506], [192898.81661164513, 8737209.038990045], [192898.8372981516, 8737209.169599507], [192899.26341671735, 8737210.00590428], [192899.53755034643, 8737210.28003791], [192899.90777641162, 8737211.006647473], [192900.57147163787, 8737211.6703427], [192901.40777641162, 8737212.096461266], [192902.33482739475, 8737212.243291717], [192903.26187837787, 8737212.096461266], [192904.09818315163, 8737211.6703427], [192904.36673200433, 8737211.401793847], [192904.48292326316, 8737211.342591444], [192905.1466184894, 8737210.678896217], [192905.57273705516, 8737209.842591444], [192905.71956750628, 8737208.91554046], [192905.57273705516, 8737207.988489477], [192905.54956667003, 8737207.943015035], [192905.4691040894, 8737207.434994295], [192905.22251665406, 8737206.951039204], [192905.20250104737, 8737206.824665638], [192904.77638248162, 8737205.988360865], [192904.11268725537, 8737205.324665638], [192903.27638248162, 8737204.898547072], [192903.0672656449, 8737204.865426218], [192902.97877105008, 8737204.820335971], [192902.91900584596, 8737204.760570766], [192902.0827010722, 8737204.3344522], [192901.1556500891, 8737204.18762175], [192900.22859910596, 8737204.3344522], [192899.3922943322, 8737204.760570766], [192898.72859910596, 8737205.424265994], [192898.3024805402, 8737206.260570766], [192898.1556500891, 8737207.18762175]]]}, "properties": {"class_id": 3}}, {"type": "Feature", "geometry": {"type": "Polygon", "coordinates": [[[192907.04623029142, 8737213.295218788], [192906.62011172567, 8737214.13152356], [192906.47995115397, 8737215.016462583], [192905.57409123977, 8737215.159936698], [192904.73778646602, 8737215.586055264], [192904.48352900497, 8737215.840312725], [192904.41070527726, 8737215.380521804], [192903.9845867115, 8737214.544217031], [192903.32089148526, 8737213.880521804], [192902.4845867115, 8737213.454403238], [192901.55753572838, 8737213.307572788], [192900.63048474526, 8737213.454403238], [192900.0245579402, 8737213.763138367], [192899.94335182244, 8737213.681932248], [192899.1070470487, 8737213.255813682], [192898.17999606556, 8737213.108983232], [192897.25294508244, 8737213.255813682], [192896.4166403087, 8737213.681932248], [192895.75294508244, 8737214.345627476], [192895.32682651668, 8737215.181932248], [192895.26707048502, 8737215.559216984], [192894.5415323184, 8737215.928897144], [192893.87783709215, 8737216.592592372], [192893.4517185264, 8737217.428897144], [192893.30488807528, 8737218.355948128], [192893.4517185264, 8737219.282999111], [192893.87783709215, 8737220.119303884], [192894.5415323184, 8737220.782999111], [192895.37783709215, 8737221.209117677], [192896.30488807528, 8737221.355948128], [192897.2319390584, 8737221.209117677], [192898.06824383215, 8737220.782999111], [192898.71143525987, 8737220.139807682], [192899.10201710617, 8737220.338819074], [192899.10976611116, 8737220.387744365], [192899.5358846769, 8737221.224049138], [192900.07777182938, 8737221.76593629], [192900.059116332, 8737221.802549766], [192899.91228588088, 8737222.72960075], [192900.059116332, 8737223.656651733], [192900.48523489776, 8737224.492956506], [192900.99083763146, 8737224.99855924], [192900.95396437563, 8737225.07092708], [192900.8071339245, 8737225.997978063], [192900.95396437563, 8737226.925029047], [192901.38008294138, 8737227.76133382], [192901.63271967054, 8737228.013970548], [192901.48719545337, 8737228.932774296], [192901.6340259045, 8737229.85982528], [192901.73684988517, 8737230.061628705], [192901.64961972914, 8737230.14885886], [192901.2235011634, 8737230.985163633], [192901.07667071227, 8737231.912214616], [192901.2235011634, 8737232.8392656], [192901.64961972914, 8737233.675570372], [192902.3133149554, 8737234.3392656], [192903.14961972914, 8737234.765384166], [192903.33742384907, 8737234.795129417], [192903.64955857763, 8737235.407728313], [192904.31325380388, 8737236.07142354], [192905.14955857763, 8737236.497542106], [192906.07660956075, 8737236.644372556], [192906.5134025908, 8737236.575191338], [192906.97474281694, 8737237.036531564], [192907.8110475907, 8737237.46265013], [192908.7380985738, 8737237.60948058], [192909.66514955694, 8737237.46265013], [192910.5014543307, 8737237.036531564], [192911.16514955694, 8737236.372836336], [192911.5912681227, 8737235.536531564], [192911.7380985738, 8737234.60948058], [192911.5912681227, 8737233.682429597], [192911.2408731581, 8737232.994740758], [192911.7424074948, 8737232.73919625], [192912.40610272106, 8737232.075501023], [192912.8322212868, 8737231.23919625], [192912.8368989766, 8737231.209662478], [192912.85071704397, 8737231.195844412], [192913.27683560972, 8737230.35953964], [192913.3778237245, 8737229.721925776], [192913.60847150348, 8737229.83944669], [192913.77018477677, 8737229.865059556], [192913.78807378912, 8737229.978006335], [192914.17075489828, 8737230.7290603], [192913.9770772908, 8737231.109174006], [192913.83024683967, 8737232.03622499], [192913.9770772908, 8737232.963275973], [192914.40319585655, 8737233.799580745], [192915.0668910828, 8737234.463275973], [192915.90319585655, 8737234.889394538], [192916.83024683967, 8737235.03622499], [192917.7572978228, 8737234.889394538], [192918.59360259655, 8737234.463275973], [192919.2572978228, 8737233.799580745], [192919.68341638855, 8737232.963275973], [192919.83024683967, 8737232.03622499], [192919.68691197966, 8737231.1312443], [192919.99483604426, 8737230.823320234], [192920.42095461002, 8737229.987015462], [192920.56778506114, 8737229.059964478], [192920.43783487263, 8737228.239491278], [192920.52671145124, 8737227.678346645], [192920.37988100012, 8737226.751295662], [192919.95645745355, 8737225.920280162], [192920.02575875886, 8737225.784268692], [192920.17258920998, 8737224.857217709], [192920.02575875886, 8737223.930166725], [192919.5996401931, 8737223.093861952], [192919.073139799, 8737222.567361558], [192919.00740132053, 8737222.15230514], [192918.58128275478, 8737221.316000367], [192917.91758752853, 8737220.65230514], [192917.52488987497, 8737220.45221569], [192917.33954406925, 8737220.088454066], [192916.675848843, 8737219.424758838], [192916.25042986564, 8737219.207997043], [192916.24197794922, 8737219.199545126], [192915.40567317547, 8737218.77342656], [192915.21555717933, 8737218.743315145], [192914.94090246008, 8737218.468660425], [192914.10459768632, 8737218.04254186], [192913.1775467032, 8737217.895711409], [192912.25049572007, 8737218.04254186], [192911.41419094632, 8737218.468660425], [192911.32545979635, 8737218.557391575], [192911.15507521486, 8737218.584377842], [192910.3187704411, 8737219.010496408], [192909.65507521486, 8737219.674191635], [192909.2289566491, 8737220.510496408], [192909.21792519692, 8737220.580146257], [192908.57782682584, 8737220.253999846], [192908.46804335748, 8737220.236611852], [192908.92819320603, 8737219.776462004], [192909.35431177178, 8737218.940157231], [192909.49447234347, 8737218.055218209], [192910.40033225768, 8737217.911744094], [192911.23663703143, 8737217.485625528], [192911.90033225768, 8737216.8219303], [192912.32645082343, 8737215.985625528], [192912.47328127455, 8737215.058574544], [192912.32645082343, 8737214.13152356], [192911.90033225768, 8737213.295218788], [192911.23663703143, 8737212.63152356], [192910.40033225768, 8737212.205404995], [192909.47328127455, 8737212.058574544], [192908.54623029142, 8737212.205404995], [192907.70992551767, 8737212.63152356], [192907.04623029142, 8737213.295218788]]]}, "properties": {"class_id": 3}}, {"type": "Feature", "geometry": {"type": "Polygon", "coordinates": [[[193145.93951980968, 8737132.013101708], [193145.51340124392, 8737132.84940648], [193145.3665707928, 8737133.776457464], [193145.51340124392, 8737134.703508448], [193145.93951980968, 8737135.53981322], [193146.60321503592, 8737136.203508448], [193147.43951980968, 8737136.629627014], [193148.3665707928, 8737136.776457464], [193149.29362177593, 8737136.629627014], [193150.12992654968, 8737136.203508448], [193150.79362177593, 8737135.53981322], [193151.21974034168, 8737134.703508448], [193151.3665707928, 8737133.776457464], [193151.21974034168, 8737132.84940648], [193150.79362177593, 8737132.013101708], [193150.12992654968, 8737131.34940648], [193149.29362177593, 8737130.923287915], [193148.3665707928, 8737130.776457464], [193147.43951980968, 8737130.923287915], [193146.60321503592, 8737131.34940648], [193145.93951980968, 8737132.013101708]]]}, "properties": {"class_id": 3}}, {"type": "Feature", "geometry": {"type": "Polygon", "coordinates": [[[193139.02627162787, 8737136.275698237], [193138.6001530621, 8737137.11200301], [193138.56049759703, 8737137.362377763], [193138.2746866432, 8737137.216749808], [193137.3476356601, 8737137.069919357], [193136.42058467696, 8737137.216749808], [193135.5842799032, 8737137.642868374], [193134.92058467696, 8737138.3065636], [193134.4944661112, 8737139.142868374], [193134.3476356601, 8737140.069919357], [193134.4944661112, 8737140.99697034], [193134.92058467696, 8737141.833275113], [193135.5842799032, 8737142.49697034], [193136.42058467696, 8737142.923088906], [193137.3476356601, 8737143.069919357], [193138.2746866432, 8737142.923088906], [193139.11099141696, 8737142.49697034], [193139.7746866432, 8737141.833275113], [193140.20080520897, 8737140.99697034], [193140.24046067405, 8737140.746595588], [193140.52627162787, 8737140.892223543], [193141.453322611, 8737141.039053993], [193142.38037359412, 8737140.892223543], [193143.21667836787, 8737140.466104977], [193143.88037359412, 8737139.80240975], [193144.30649215987, 8737138.966104977], [193144.453322611, 8737138.039053993], [193144.30649215987, 8737137.11200301], [193143.88037359412, 8737136.275698237], [193143.21667836787, 8737135.61200301], [193142.38037359412, 8737135.185884444], [193141.453322611, 8737135.039053993], [193140.52627162787, 8737135.185884444], [193139.68996685412, 8737135.61200301], [193139.02627162787, 8737136.275698237]]]}, "properties": {"class_id": 3}}, {"type": "Feature", "geometry": {"type": "Polygon", "coordinates": [[[193126.17403558223, 8737140.104080856], [193125.74791701647, 8737140.940385628], [193125.60108656535, 8737141.867436612], [193125.74791701647, 8737142.794487596], [193126.17403558223, 8737143.630792368], [193126.83773080847, 8737144.294487596], [193127.67403558223, 8737144.720606161], [193128.60108656535, 8737144.867436612], [193129.52813754848, 8737144.720606161], [193130.36444232223, 8737144.294487596], [193131.02813754848, 8737143.630792368], [193131.45425611423, 8737142.794487596], [193131.60108656535, 8737141.867436612], [193131.45425611423, 8737140.940385628], [193131.02813754848, 8737140.104080856], [193130.36444232223, 8737139.440385628], [193129.52813754848, 8737139.014267063], [193128.60108656535, 8737138.867436612], [193127.67403558223, 8737139.014267063], [193126.83773080847, 8737139.440385628], [193126.17403558223, 8737140.104080856]]]}, "properties": {"class_id": 3}}, {"type": "Feature", "geometry": {"type": "Polygon", "coordinates": [[[193116.85755764827, 8737143.21381453], [193116.43143908252, 8737144.050119303], [193116.2846086314, 8737144.977170287], [193116.43143908252, 8737145.90422127], [193116.85755764827, 8737146.740526043], [193117.52125287452, 8737147.40422127], [193118.13658287827, 8737147.717747567], [193117.7712149, 8737148.083115546], [193117.28442260483, 8737147.59632325], [193116.44811783108, 8737147.170204684], [193115.52106684796, 8737147.023374233], [193114.59401586483, 8737147.170204684], [193113.75771109108, 8737147.59632325], [193113.09401586483, 8737148.260018477], [193112.66789729908, 8737149.09632325], [193112.52106684796, 8737150.023374233], [193112.66789729908, 8737150.950425217], [193113.09401586483, 8737151.78672999], [193113.75771109108, 8737152.450425217], [193114.59401586483, 8737152.876543783], [193115.52106684796, 8737153.023374233], [193116.44811783108, 8737152.876543783], [193117.28442260483, 8737152.450425217], [193117.72790339356, 8737152.006944427], [193118.21469568874, 8737152.493736723], [193119.0510004625, 8737152.91985529], [193119.57336871934, 8737153.002590293], [193119.36051916593, 8737153.215439847], [193118.93440060018, 8737154.05174462], [193118.78757014906, 8737154.978795603], [193118.93440060018, 8737155.905846586], [193119.36051916593, 8737156.74215136], [193120.02421439218, 8737157.405846586], [193120.86051916593, 8737157.831965152], [193121.78757014906, 8737157.978795603], [193122.71462113218, 8737157.831965152], [193123.55092590593, 8737157.405846586], [193124.21462113218, 8737156.74215136], [193124.64073969793, 8737155.905846586], [193124.78757014906, 8737154.978795603], [193124.64073969793, 8737154.05174462], [193124.21462113218, 8737153.215439847], [193123.55092590593, 8737152.55174462], [193122.71462113218, 8737152.125626054], [193122.19225287533, 8737152.04289105], [193122.40510242875, 8737151.830041496], [193122.8312209945, 8737150.993736723], [193122.97805144562, 8737150.06668574], [193122.8312209945, 8737149.139634756], [193122.40510242875, 8737148.303329984], [193121.7414072025, 8737147.639634756], [193121.12607719874, 8737147.32610846], [193121.71165961452, 8737146.740526043], [193122.13777818027, 8737145.90422127], [193122.2846086314, 8737144.977170287], [193122.13777818027, 8737144.050119303], [193121.71165961452, 8737143.21381453], [193121.04796438827, 8737142.550119303], [193120.21165961452, 8737142.124000737], [193119.2846086314, 8737141.977170287], [193118.35755764827, 8737142.124000737], [193117.52125287452, 8737142.550119303], [193116.85755764827, 8737143.21381453]]]}, "properties": {"class_id": 3}}, {"type": "Feature", "geometry": {"type": "Polygon", "coordinates": [[[193128.29643845523, 8737151.043261688], [193127.87031988948, 8737151.87956646], [193127.72348943836, 8737152.806617444], [193127.87031988948, 8737153.733668428], [193128.29643845523, 8737154.5699732], [193128.96013368148, 8737155.233668428], [193129.79643845523, 8737155.659786994], [193130.72348943836, 8737155.806617444], [193131.65054042148, 8737155.659786994], [193132.48684519524, 8737155.233668428], [193133.15054042148, 8737154.5699732], [193133.57665898724, 8737153.733668428], [193133.72348943836, 8737152.806617444], [193133.57665898724, 8737151.87956646], [193133.15054042148, 8737151.043261688], [193132.48684519524, 8737150.37956646], [193131.65054042148, 8737149.953447895], [193130.72348943836, 8737149.806617444], [193129.79643845523, 8737149.953447895], [193128.96013368148, 8737150.37956646], [193128.29643845523, 8737151.043261688]]]}, "properties": {"class_id": 3}}, {"type": "Feature", "geometry": {"type": "Polygon", "coordinates": [[[193113.21387251496, 8737155.038219174], [193112.7877539492, 8737155.874523947], [193112.64092349808, 8737156.80157493], [193112.73886758139, 8737157.419969535], [193112.62811916898, 8737158.119207492], [193112.7749496201, 8737159.046258476], [193113.20106818585, 8737159.882563248], [193113.8647634121, 8737160.546258476], [193114.70106818585, 8737160.972377041], [193115.62811916898, 8737161.119207492], [193116.5551701521, 8737160.972377041], [193117.39147492585, 8737160.546258476], [193118.0551701521, 8737159.882563248], [193118.48128871786, 8737159.046258476], [193118.62811916898, 8737158.119207492], [193118.53017508567, 8737157.500812888], [193118.64092349808, 8737156.80157493], [193118.49409304696, 8737155.874523947], [193118.0679744812, 8737155.038219174], [193117.40427925496, 8737154.374523947], [193116.5679744812, 8737153.948405381], [193115.64092349808, 8737153.80157493], [193114.71387251496, 8737153.948405381], [193113.8775677412, 8737154.374523947], [193113.21387251496, 8737155.038219174]]]}, "properties": {"class_id": 3}}, {"type": "Feature", "geometry": {"type": "Polygon", "coordinates": [[[192976.09866422293, 8737181.660782384], [192975.67254565717, 8737182.497087156], [192975.52571520605, 8737183.42413814], [192975.67254565717, 8737184.351189123], [192976.09866422293, 8737185.187493896], [192976.76235944917, 8737185.851189123], [192977.59866422293, 8737186.27730769], [192978.52571520605, 8737186.42413814], [192979.45276618918, 8737186.27730769], [192980.28907096293, 8737185.851189123], [192980.95276618918, 8737185.187493896], [192981.37888475493, 8737184.351189123], [192981.52571520605, 8737183.42413814], [192981.37888475493, 8737182.497087156], [192980.95276618918, 8737181.660782384], [192980.28907096293, 8737180.997087156], [192979.45276618918, 8737180.57096859], [192978.52571520605, 8737180.42413814], [192977.59866422293, 8737180.57096859], [192976.76235944917, 8737180.997087156], [192976.09866422293, 8737181.660782384]]]}, "properties": {"class_id": 3}}, {"type": "Feature", "geometry": {"type": "Polygon", "coordinates": [[[192964.59526515484, 8737190.020251138], [192964.1691465891, 8737190.85655591], [192964.02231613797, 8737191.783606894], [192964.1691465891, 8737192.710657878], [192964.59526515484, 8737193.54696265], [192965.2589603811, 8737194.210657878], [192966.09526515484, 8737194.636776444], [192967.02231613797, 8737194.783606894], [192967.9493671211, 8737194.636776444], [192968.78567189485, 8737194.210657878], [192969.4493671211, 8737193.54696265], [192969.87548568685, 8737192.710657878], [192970.02231613797, 8737191.783606894], [192969.87548568685, 8737190.85655591], [192969.4493671211, 8737190.020251138], [192968.78567189485, 8737189.35655591], [192967.9493671211, 8737188.930437345], [192967.02231613797, 8737188.783606894], [192966.09526515484, 8737188.930437345], [192965.2589603811, 8737189.35655591], [192964.59526515484, 8737190.020251138]]]}, "properties": {"class_id": 3}}, {"type": "Feature", "geometry": {"type": "Polygon", "coordinates": [[[192985.1795898314, 8737193.232386345], [192984.75347126563, 8737194.068691118], [192984.6066408145, 8737194.995742101], [192984.75347126563, 8737195.922793085], [192985.1795898314, 8737196.759097857], [192985.84328505764, 8737197.422793085], [192986.6795898314, 8737197.84891165], [192987.6066408145, 8737197.995742101], [192988.53369179764, 8737197.84891165], [192989.3699965714, 8737197.422793085], [192990.03369179764, 8737196.759097857], [192990.4598103634, 8737195.922793085], [192990.6066408145, 8737194.995742101], [192990.4598103634, 8737194.068691118], [192990.03369179764, 8737193.232386345], [192989.3699965714, 8737192.568691118], [192988.53369179764, 8737192.142572552], [192987.6066408145, 8737191.995742101], [192986.6795898314, 8737192.142572552], [192985.84328505764, 8737192.568691118], [192985.1795898314, 8737193.232386345]]]}, "properties": {"class_id": 3}}, {"type": "Feature", "geometry": {"type": "Polygon", "coordinates": [[[193051.11248638394, 8737200.3679419], [193050.68636781818, 8737201.204246672], [193050.53953736706, 8737202.131297655], [193050.68636781818, 8737203.058348639], [193051.11248638394, 8737203.894653412], [193051.77618161018, 8737204.558348639], [193052.61248638394, 8737204.984467205], [193053.53953736706, 8737205.131297655], [193054.4665883502, 8737204.984467205], [193055.30289312394, 8737204.558348639], [193055.9665883502, 8737203.894653412], [193056.39270691594, 8737203.058348639], [193056.53953736706, 8737202.131297655], [193056.39270691594, 8737201.204246672], [193055.9665883502, 8737200.3679419], [193055.30289312394, 8737199.704246672], [193054.4665883502, 8737199.278128106], [193053.53953736706, 8737199.131297655], [193052.61248638394, 8737199.278128106], [193051.77618161018, 8737199.704246672], [193051.11248638394, 8737200.3679419]]]}, "properties": {"class_id": 3}}, {"type": "Feature", "geometry": {"type": "Polygon", "coordinates": [[[192976.0644387814, 8737201.89745338], [192975.63832021566, 8737202.733758153], [192975.49148976454, 8737203.660809137], [192975.63832021566, 8737204.58786012], [192976.0644387814, 8737205.424164893], [192976.72813400766, 8737206.08786012], [192977.5644387814, 8737206.513978686], [192978.49148976454, 8737206.660809137], [192979.41854074766, 8737206.513978686], [192980.2548455214, 8737206.08786012], [192980.91854074766, 8737205.424164893], [192981.3446593134, 8737204.58786012], [192981.49148976454, 8737203.660809137], [192981.3446593134, 8737202.733758153], [192980.91854074766, 8737201.89745338], [192980.2548455214, 8737201.233758153], [192979.41854074766, 8737200.807639588], [192978.49148976454, 8737200.660809137], [192977.5644387814, 8737200.807639588], [192976.72813400766, 8737201.233758153], [192976.0644387814, 8737201.89745338]]]}, "properties": {"class_id": 3}}, {"type": "Feature", "geometry": {"type": "Polygon", "coordinates": [[[193053.64653855737, 8737207.169609886], [193053.22041999162, 8737208.005914658], [193053.14308818718, 8737208.494168457], [193052.99023900006, 8737208.341319269], [193052.1539342263, 8737207.915200703], [193051.2268832432, 8737207.768370252], [193050.29983226006, 8737207.915200703], [193049.4635274863, 8737208.341319269], [193048.79983226006, 8737209.005014496], [193048.3737136943, 8737209.841319269], [193048.2268832432, 8737210.768370252], [193048.3737136943, 8737211.695421236], [193048.79983226006, 8737212.531726008], [193049.4635274863, 8737213.195421236], [193050.29983226006, 8737213.621539801], [193051.2268832432, 8737213.768370252], [193052.1539342263, 8737213.621539801], [193052.99023900006, 8737213.195421236], [193053.6539342263, 8737212.531726008], [193054.08005279207, 8737211.695421236], [193054.1573845965, 8737211.207167437], [193054.31023378362, 8737211.360016625], [193055.14653855737, 8737211.786135191], [193056.0735895405, 8737211.932965642], [193057.00064052362, 8737211.786135191], [193057.83694529737, 8737211.360016625], [193058.50064052362, 8737210.696321398], [193058.92675908937, 8737209.860016625], [193059.0735895405, 8737208.932965642], [193058.92675908937, 8737208.005914658], [193058.50064052362, 8737207.169609886], [193057.83694529737, 8737206.505914658], [193057.00064052362, 8737206.079796093], [193056.0735895405, 8737205.932965642], [193055.14653855737, 8737206.079796093], [193054.31023378362, 8737206.505914658], [193053.64653855737, 8737207.169609886]]]}, "properties": {"class_id": 3}}, {"type": "Feature", "geometry": {"type": "Polygon", "coordinates": [[[193064.78902561113, 8737207.277903473], [193064.36290704538, 8737208.114208246], [193064.21607659425, 8737209.04125923], [193064.36290704538, 8737209.968310213], [193064.78902561113, 8737210.804614985], [193065.45272083738, 8737211.468310213], [193066.28902561113, 8737211.894428778], [193067.21607659425, 8737212.04125923], [193068.14312757738, 8737211.894428778], [193068.97943235113, 8737211.468310213], [193069.64312757738, 8737210.804614985], [193070.06924614313, 8737209.968310213], [193070.21607659425, 8737209.04125923], [193070.06924614313, 8737208.114208246], [193069.64312757738, 8737207.277903473], [193068.97943235113, 8737206.614208246], [193068.14312757738, 8737206.18808968], [193067.21607659425, 8737206.04125923], [193066.28902561113, 8737206.18808968], [193065.45272083738, 8737206.614208246], [193064.78902561113, 8737207.277903473]]]}, "properties": {"class_id": 3}}, {"type": "Feature", "geometry": {"type": "Polygon", "coordinates": [[[192966.65540297906, 8737207.359391324], [192966.2292844133, 8737208.195696097], [192966.08245396218, 8737209.12274708], [192966.13736424796, 8737209.46943698], [192965.33805163763, 8737209.876707098], [192964.6743564114, 8737210.540402325], [192964.24823784563, 8737211.376707098], [192964.1014073945, 8737212.303758081], [192964.24823784563, 8737213.230809065], [192964.6743564114, 8737214.067113837], [192965.33805163763, 8737214.730809065], [192966.1743564114, 8737215.15692763], [192967.1014073945, 8737215.303758081], [192968.02845837764, 8737215.15692763], [192968.8647631514, 8737214.730809065], [192969.52845837764, 8737214.067113837], [192969.9545769434, 8737213.230809065], [192970.1014073945, 8737212.303758081], [192970.04649710873, 8737211.95706818], [192970.84580971906, 8737211.549798064], [192971.5095049453, 8737210.886102837], [192971.93562351106, 8737210.049798064], [192972.08245396218, 8737209.12274708], [192971.93562351106, 8737208.195696097], [192971.5095049453, 8737207.359391324], [192970.84580971906, 8737206.695696097], [192970.0095049453, 8737206.269577531], [192969.08245396218, 8737206.12274708], [192968.15540297906, 8737206.269577531], [192967.3190982053, 8737206.695696097], [192966.65540297906, 8737207.359391324]]]}, "properties": {"class_id": 3}}, {"type": "Feature", "geometry": {"type": "Polygon", "coordinates": [[[193063.2411609111, 8737213.663396271], [193062.81504234535, 8737214.499701044], [193062.66821189423, 8737215.426752027], [193062.81504234535, 8737216.35380301], [193063.2411609111, 8737217.190107783], [193063.90485613735, 8737217.85380301], [193064.7411609111, 8737218.279921576], [193065.66821189423, 8737218.426752027], [193066.59526287735, 8737218.279921576], [193067.4315676511, 8737217.85380301], [193068.09526287735, 8737217.190107783], [193068.5213814431, 8737216.35380301], [193068.66821189423, 8737215.426752027], [193068.5213814431, 8737214.499701044], [193068.09526287735, 8737213.663396271], [193067.4315676511, 8737212.999701044], [193066.59526287735, 8737212.573582478], [193065.66821189423, 8737212.426752027], [193064.7411609111, 8737212.573582478], [193063.90485613735, 8737212.999701044], [193063.2411609111, 8737213.663396271]]]}, "properties": {"class_id": 3}}, {"type": "Feature", "geometry": {"type": "Polygon", "coordinates": [[[193013.46404895285, 8737213.93258777], [193013.0379303871, 8737214.768892543], [193012.89109993598, 8737215.695943527], [193013.0379303871, 8737216.62299451], [193013.46404895285, 8737217.459299283], [193014.1277441791, 8737218.12299451], [193014.96404895285, 8737218.549113076], [193015.89109993598, 8737218.695943527], [193016.8181509191, 8737218.549113076], [193017.65445569286, 8737218.12299451], [193018.3181509191, 8737217.459299283], [193018.74426948486, 8737216.62299451], [193018.89109993598, 8737215.695943527], [193018.74426948486, 8737214.768892543], [193018.3181509191, 8737213.93258777], [193017.65445569286, 8737213.268892543], [193016.8181509191, 8737212.842773978], [193015.89109993598, 8737212.695943527], [193014.96404895285, 8737212.842773978], [193014.1277441791, 8737213.268892543], [193013.46404895285, 8737213.93258777]]]}, "properties": {"class_id": 3}}, {"type": "Feature", "geometry": {"type": "Polygon", "coordinates": [[[192972.59725448058, 8737214.664828075], [192972.17113591483, 8737215.501132848], [192972.0243054637, 8737216.428183831], [192972.17113591483, 8737217.355234815], [192972.59725448058, 8737218.191539587], [192973.26094970683, 8737218.855234815], [192974.09725448058, 8737219.28135338], [192975.0243054637, 8737219.428183831], [192975.95135644684, 8737219.28135338], [192976.7876612206, 8737218.855234815], [192977.45135644684, 8737218.191539587], [192977.8774750126, 8737217.355234815], [192978.0243054637, 8737216.428183831], [192977.8774750126, 8737215.501132848], [192977.45135644684, 8737214.664828075], [192976.7876612206, 8737214.001132848], [192975.95135644684, 8737213.575014282], [192975.0243054637, 8737213.428183831], [192974.09725448058, 8737213.575014282], [192973.26094970683, 8737214.001132848], [192972.59725448058, 8737214.664828075]]]}, "properties": {"class_id": 3}}, {"type": "Feature", "geometry": {"type": "Polygon", "coordinates": [[[193006.01376299845, 8737216.119181143], [193005.5876444327, 8737216.955485916], [193005.44081398158, 8737217.8825369], [193005.5876444327, 8737218.809587883], [193006.01376299845, 8737219.645892655], [193006.6774582247, 8737220.309587883], [193007.51376299845, 8737220.735706449], [193008.44081398158, 8737220.8825369], [193009.3678649647, 8737220.735706449], [193010.20416973846, 8737220.309587883], [193010.8678649647, 8737219.645892655], [193011.29398353046, 8737218.809587883], [193011.44081398158, 8737217.8825369], [193011.29398353046, 8737216.955485916], [193010.8678649647, 8737216.119181143], [193010.20416973846, 8737215.455485916], [193009.3678649647, 8737215.02936735], [193008.44081398158, 8737214.8825369], [193007.51376299845, 8737215.02936735], [193006.6774582247, 8737215.455485916], [193006.01376299845, 8737216.119181143]]]}, "properties": {"class_id": 3}}, {"type": "Feature", "geometry": {"type": "Polygon", "coordinates": [[[193035.34468518267, 8737217.533788012], [193034.91856661692, 8737218.370092785], [193034.7717361658, 8737219.297143769], [193034.91856661692, 8737220.224194752], [193035.34468518267, 8737221.060499525], [193036.00838040892, 8737221.724194752], [193036.84468518267, 8737222.150313318], [193037.7717361658, 8737222.297143769], [193038.69878714893, 8737222.150313318], [193039.53509192268, 8737221.724194752], [193040.19878714893, 8737221.060499525], [193040.62490571468, 8737220.224194752], [193040.7717361658, 8737219.297143769], [193040.62490571468, 8737218.370092785], [193040.19878714893, 8737217.533788012], [193039.53509192268, 8737216.870092785], [193038.69878714893, 8737216.44397422], [193037.7717361658, 8737216.297143769], [193036.84468518267, 8737216.44397422], [193036.00838040892, 8737216.870092785], [193035.34468518267, 8737217.533788012]]]}, "properties": {"class_id": 3}}, {"type": "Feature", "geometry": {"type": "Polygon", "coordinates": [[[193000.02352497634, 8737220.955482045], [192999.59740641058, 8737221.791786818], [192999.45057595946, 8737222.718837801], [192999.59740641058, 8737223.645888785], [193000.02352497634, 8737224.482193558], [193000.68722020258, 8737225.145888785], [193001.52352497634, 8737225.57200735], [193002.45057595946, 8737225.718837801], [193003.3776269426, 8737225.57200735], [193004.21393171634, 8737225.145888785], [193004.8776269426, 8737224.482193558], [193005.30374550834, 8737223.645888785], [193005.45057595946, 8737222.718837801], [193005.30374550834, 8737221.791786818], [193004.8776269426, 8737220.955482045], [193004.21393171634, 8737220.291786818], [193003.3776269426, 8737219.865668252], [193002.45057595946, 8737219.718837801], [193001.52352497634, 8737219.865668252], [193000.68722020258, 8737220.291786818], [193000.02352497634, 8737220.955482045]]]}, "properties": {"class_id": 3}}, {"type": "Feature", "geometry": {"type": "Polygon", "coordinates": [[[192987.78175708745, 8737221.683610909], [192987.3556385217, 8737222.519915681], [192987.20880807057, 8737223.446966665], [192987.3556385217, 8737224.374017648], [192987.78175708745, 8737225.210322421], [192988.4454523137, 8737225.874017648], [192989.28175708745, 8737226.300136214], [192990.20880807057, 8737226.446966665], [192991.1358590537, 8737226.300136214], [192991.97216382745, 8737225.874017648], [192992.6358590537, 8737225.210322421], [192993.06197761945, 8737224.374017648], [192993.20880807057, 8737223.446966665], [192993.06197761945, 8737222.519915681], [192992.6358590537, 8737221.683610909], [192991.97216382745, 8737221.019915681], [192991.1358590537, 8737220.593797116], [192990.20880807057, 8737220.446966665], [192989.28175708745, 8737220.593797116], [192988.4454523137, 8737221.019915681], [192987.78175708745, 8737221.683610909]]]}, "properties": {"class_id": 3}}, {"type": "Feature", "geometry": {"type": "Polygon", "coordinates": [[[193080.98865341005, 8737222.11892129], [193080.5625348443, 8737222.955226062], [193080.41570439318, 8737223.882277045], [193080.5625348443, 8737224.809328029], [193080.98865341005, 8737225.645632802], [193081.6523486363, 8737226.309328029], [193082.48865341005, 8737226.735446595], [193083.41570439318, 8737226.882277045], [193084.3427553763, 8737226.735446595], [193085.17906015005, 8737226.309328029], [193085.8427553763, 8737225.645632802], [193086.26887394206, 8737224.809328029], [193086.41570439318, 8737223.882277045], [193086.26887394206, 8737222.955226062], [193085.8427553763, 8737222.11892129], [193085.17906015005, 8737221.455226062], [193084.3427553763, 8737221.029107496], [193083.41570439318, 8737220.882277045], [193082.48865341005, 8737221.029107496], [193081.6523486363, 8737221.455226062], [193080.98865341005, 8737222.11892129]]]}, "properties": {"class_id": 3}}, {"type": "Feature", "geometry": {"type": "Polygon", "coordinates": [[[193055.69575072185, 8737225.638131872], [193055.2696321561, 8737226.474436644], [193055.12280170497, 8737227.401487628], [193055.2696321561, 8737228.328538612], [193055.69575072185, 8737229.164843384], [193056.3594459481, 8737229.828538612], [193057.19575072185, 8737230.254657177], [193058.12280170497, 8737230.401487628], [193059.0498526881, 8737230.254657177], [193059.88615746185, 8737229.828538612], [193060.5498526881, 8737229.164843384], [193060.97597125385, 8737228.328538612], [193061.12280170497, 8737227.401487628], [193060.97597125385, 8737226.474436644], [193060.5498526881, 8737225.638131872], [193059.88615746185, 8737224.974436644], [193059.0498526881, 8737224.548318079], [193058.12280170497, 8737224.401487628], [193057.19575072185, 8737224.548318079], [193056.3594459481, 8737224.974436644], [193055.69575072185, 8737225.638131872]]]}, "properties": {"class_id": 3}}, {"type": "Feature", "geometry": {"type": "Polygon", "coordinates": [[[193015.54617366887, 8737229.012917524], [193015.12005510312, 8737229.849222297], [193014.973224652, 8737230.77627328], [193015.12005510312, 8737231.703324264], [193015.54617366887, 8737232.539629037], [193016.20986889512, 8737233.203324264], [193017.04617366887, 8737233.62944283], [193017.973224652, 8737233.77627328], [193018.90027563513, 8737233.62944283], [193019.73658040888, 8737233.203324264], [193020.40027563513, 8737232.539629037], [193020.82639420088, 8737231.703324264], [193020.973224652, 8737230.77627328], [193020.82639420088, 8737229.849222297], [193020.40027563513, 8737229.012917524], [193019.73658040888, 8737228.349222297], [193018.90027563513, 8737227.923103731], [193017.973224652, 8737227.77627328], [193017.04617366887, 8737227.923103731], [193016.20986889512, 8737228.349222297], [193015.54617366887, 8737229.012917524]]]}, "properties": {"class_id": 3}}, {"type": "Feature", "geometry": {"type": "Polygon", "coordinates": [[[193075.6680902671, 8737234.491783647], [193075.24197170135, 8737235.32808842], [193075.09514125023, 8737236.255139403], [193075.24197170135, 8737237.182190387], [193075.6680902671, 8737238.01849516], [193076.33178549336, 8737238.682190387], [193077.1680902671, 8737239.108308952], [193078.09514125023, 8737239.255139403], [193079.02219223336, 8737239.108308952], [193079.8584970071, 8737238.682190387], [193080.52219223336, 8737238.01849516], [193080.9483107991, 8737237.182190387], [193081.09514125023, 8737236.255139403], [193080.9483107991, 8737235.32808842], [193080.52219223336, 8737234.491783647], [193079.8584970071, 8737233.82808842], [193079.02219223336, 8737233.401969854], [193078.09514125023, 8737233.255139403], [193077.1680902671, 8737233.401969854], [193076.33178549336, 8737233.82808842], [193075.6680902671, 8737234.491783647]]]}, "properties": {"class_id": 3}}, {"type": "Feature", "geometry": {"type": "Polygon", "coordinates": [[[193025.44635032763, 8737242.286725825], [193025.02023176188, 8737243.123030597], [193024.87340131076, 8737244.05008158], [193025.02023176188, 8737244.977132564], [193025.44635032763, 8737245.813437337], [193026.11004555388, 8737246.477132564], [193026.94635032763, 8737246.90325113], [193027.87340131076, 8737247.05008158], [193028.8004522939, 8737246.90325113], [193029.63675706764, 8737246.477132564], [193030.3004522939, 8737245.813437337], [193030.72657085964, 8737244.977132564], [193030.87340131076, 8737244.05008158], [193030.72657085964, 8737243.123030597], [193030.3004522939, 8737242.286725825], [193029.63675706764, 8737241.623030597], [193028.8004522939, 8737241.196912032], [193027.87340131076, 8737241.05008158], [193026.94635032763, 8737241.196912032], [193026.11004555388, 8737241.623030597], [193025.44635032763, 8737242.286725825]]]}, "properties": {"class_id": 3}}, {"type": "Feature", "geometry": {"type": "Polygon", "coordinates": [[[193041.64964583126, 8737256.751296982], [193041.2235272655, 8737257.587601755], [193041.0766968144, 8737258.514652738], [193041.2235272655, 8737259.441703722], [193041.64964583126, 8737260.278008495], [193042.3133410575, 8737260.941703722], [193043.14964583126, 8737261.367822288], [193044.0766968144, 8737261.514652738], [193045.0037477975, 8737261.367822288], [193045.84005257126, 8737260.941703722], [193046.5037477975, 8737260.278008495], [193046.92986636327, 8737259.441703722], [193047.0766968144, 8737258.514652738], [193046.92986636327, 8737257.587601755], [193046.5037477975, 8737256.751296982], [193045.84005257126, 8737256.087601755], [193045.0037477975, 8737255.66148319], [193044.0766968144, 8737255.514652738], [193043.14964583126, 8737255.66148319], [193042.3133410575, 8737256.087601755], [193041.64964583126, 8737256.751296982]]]}, "properties": {"class_id": 3}}, {"type": "Feature", "geometry": {"type": "Polygon", "coordinates": [[[193060.94136939605, 8737259.197802842], [193060.5152508303, 8737260.034107614], [193060.36842037918, 8737260.961158598], [193060.5152508303, 8737261.888209581], [193060.94136939605, 8737262.724514354], [193061.6050646223, 8737263.388209581], [193062.44136939605, 8737263.814328147], [193063.36842037918, 8737263.961158598], [193064.2954713623, 8737263.814328147], [193065.13177613606, 8737263.388209581], [193065.7954713623, 8737262.724514354], [193066.22158992806, 8737261.888209581], [193066.36842037918, 8737260.961158598], [193066.22158992806, 8737260.034107614], [193065.7954713623, 8737259.197802842], [193065.13177613606, 8737258.534107614], [193064.2954713623, 8737258.107989049], [193063.36842037918, 8737257.961158598], [193062.44136939605, 8737258.107989049], [193061.6050646223, 8737258.534107614], [193060.94136939605, 8737259.197802842]]]}, "properties": {"class_id": 3}}, {"type": "Feature", "geometry": {"type": "Polygon", "coordinates": [[[193048.73771516484, 8737291.834886791], [193048.3115965991, 8737292.671191564], [193048.16476614797, 8737293.598242547], [193048.3115965991, 8737294.52529353], [193048.73771516484, 8737295.361598304], [193049.4014103911, 8737296.02529353], [193050.23771516484, 8737296.451412097], [193051.16476614797, 8737296.598242547], [193052.0918171311, 8737296.451412097], [193052.92812190484, 8737296.02529353], [193053.5918171311, 8737295.361598304], [193054.01793569684, 8737294.52529353], [193054.16476614797, 8737293.598242547], [193054.01793569684, 8737292.671191564], [193053.5918171311, 8737291.834886791], [193052.92812190484, 8737291.171191564], [193052.0918171311, 8737290.745072998], [193051.16476614797, 8737290.598242547], [193050.23771516484, 8737290.745072998], [193049.4014103911, 8737291.171191564], [193048.73771516484, 8737291.834886791]]]}, "properties": {"class_id": 3}}, {"type": "Feature", "geometry": {"type": "Polygon", "coordinates": [[[193044.01393758063, 8737302.519289464], [193043.58781901488, 8737303.355594236], [193043.44098856376, 8737304.28264522], [193043.58781901488, 8737305.209696203], [193044.01393758063, 8737306.046000976], [193044.67763280688, 8737306.709696203], [193045.51393758063, 8737307.13581477], [193046.44098856376, 8737307.28264522], [193047.36803954688, 8737307.13581477], [193048.20434432063, 8737306.709696203], [193048.86803954688, 8737306.046000976], [193049.29415811264, 8737305.209696203], [193049.44098856376, 8737304.28264522], [193049.29415811264, 8737303.355594236], [193048.86803954688, 8737302.519289464], [193048.20434432063, 8737301.855594236], [193047.36803954688, 8737301.42947567], [193046.44098856376, 8737301.28264522], [193045.51393758063, 8737301.42947567], [193044.67763280688, 8737301.855594236], [193044.01393758063, 8737302.519289464]]]}, "properties": {"class_id": 3}}, {"type": "Feature", "geometry": {"type": "Polygon", "coordinates": [[[193053.9029254887, 8737302.615396077], [193053.47680692296, 8737303.45170085], [193053.32997647184, 8737304.378751833], [193053.47680692296, 8737305.305802817], [193053.9029254887, 8737306.14210759], [193054.56662071496, 8737306.805802817], [193055.4029254887, 8737307.231921382], [193056.32997647184, 8737307.378751833], [193057.25702745497, 8737307.231921382], [193058.09333222872, 8737306.805802817], [193058.75702745497, 8737306.14210759], [193059.18314602072, 8737305.305802817], [193059.32997647184, 8737304.378751833], [193059.18314602072, 8737303.45170085], [193058.75702745497, 8737302.615396077], [193058.09333222872, 8737301.95170085], [193057.25702745497, 8737301.525582284], [193056.32997647184, 8737301.378751833], [193055.4029254887, 8737301.525582284], [193054.56662071496, 8737301.95170085], [193053.9029254887, 8737302.615396077]]]}, "properties": {"class_id": 3}}, {"type": "Feature", "geometry": {"type": "Polygon", "coordinates": [[[193056.2570086955, 8737313.603898326], [193055.83089012976, 8737314.440203099], [193055.68405967864, 8737315.367254082], [193055.71118108896, 8737315.538491927], [193055.07898256142, 8737315.438361518], [193054.1519315783, 8737315.585191969], [193054.02049949663, 8737315.65215996], [193053.73766169435, 8737315.369322157], [193052.9013569206, 8737314.94320359], [193051.97430593747, 8737314.79637314], [193051.04725495435, 8737314.94320359], [193050.2109501806, 8737315.369322157], [193049.54725495435, 8737316.033017384], [193049.1211363886, 8737316.869322157], [193048.97430593747, 8737317.79637314], [193049.1211363886, 8737318.723424124], [193049.54725495435, 8737319.559728896], [193050.2109501806, 8737320.223424124], [193051.04725495435, 8737320.64954269], [193051.97430593747, 8737320.79637314], [193052.9013569206, 8737320.64954269], [193053.03278900226, 8737320.5825747], [193053.31562680454, 8737320.865412502], [193054.1519315783, 8737321.291531067], [193055.07898256142, 8737321.438361518], [193055.4227739898, 8737321.383910306], [193055.45097831596, 8737321.398281127], [193056.37802929909, 8737321.545111578], [193057.3050802822, 8737321.398281127], [193058.14138505596, 8737320.972162561], [193058.8050802822, 8737320.308467334], [193059.23119884796, 8737319.472162561], [193059.37802929909, 8737318.545111578], [193059.33356615933, 8737318.264382362], [193059.61111066176, 8737318.220423631], [193060.4474154355, 8737317.794305066], [193061.11111066176, 8737317.130609838], [193061.5372292275, 8737316.294305066], [193061.68405967864, 8737315.367254082], [193061.5372292275, 8737314.440203099], [193061.11111066176, 8737313.603898326], [193060.4474154355, 8737312.940203099], [193059.61111066176, 8737312.514084533], [193058.68405967864, 8737312.367254082], [193057.7570086955, 8737312.514084533], [193056.92070392176, 8737312.940203099], [193056.2570086955, 8737313.603898326]]]}, "properties": {"class_id": 3}}, {"type": "Feature", "geometry": {"type": "Polygon", "coordinates": [[[193284.16378395486, 8737009.565990966], [193283.7376653891, 8737010.402295738], [193283.590834938, 8737011.329346722], [193283.7376653891, 8737012.256397706], [193284.16378395486, 8737013.092702478], [193284.8274791811, 8737013.756397706], [193285.66378395486, 8737014.182516271], [193286.590834938, 8737014.329346722], [193287.51788592112, 8737014.182516271], [193288.35419069487, 8737013.756397706], [193289.01788592112, 8737013.092702478], [193289.44400448687, 8737012.256397706], [193289.590834938, 8737011.329346722], [193289.44400448687, 8737010.402295738], [193289.01788592112, 8737009.565990966], [193288.35419069487, 8737008.902295738], [193287.51788592112, 8737008.476177173], [193286.590834938, 8737008.329346722], [193285.66378395486, 8737008.476177173], [193284.8274791811, 8737008.902295738], [193284.16378395486, 8737009.565990966]]]}, "properties": {"class_id": 3}}, {"type": "Feature", "geometry": {"type": "Polygon", "coordinates": [[[193277.90564389527, 8737010.389179775], [193277.47952532952, 8737011.225484548], [193277.3326948784, 8737012.152535532], [193277.47952532952, 8737013.079586515], [193277.90564389527, 8737013.915891288], [193278.17636938381, 8737014.186616777], [193278.03076800564, 8737015.1059077], [193278.08787103597, 8737015.466442043], [193277.16403478722, 8737015.61276333], [193276.32773001347, 8737016.038881896], [193275.66403478722, 8737016.702577123], [193275.23791622146, 8737017.538881896], [193275.09108577034, 8737018.46593288], [193275.23791622146, 8737019.392983863], [193275.66403478722, 8737020.229288636], [193276.32773001347, 8737020.892983863], [193277.16403478722, 8737021.319102429], [193278.09108577034, 8737021.46593288], [193279.01813675347, 8737021.319102429], [193279.85444152722, 8737020.892983863], [193280.51813675347, 8737020.229288636], [193280.7932551937, 8737019.689338295], [193280.74497809738, 8737019.994147886], [193280.8918085485, 8737020.92119887], [193281.23678034954, 8737021.59824415], [193281.06952481793, 8737021.683465099], [193280.40582959168, 8737022.347160326], [193279.97971102592, 8737023.183465099], [193279.8328805748, 8737024.110516082], [193279.97971102592, 8737025.037567066], [193280.40582959168, 8737025.873871839], [193281.06952481793, 8737026.537567066], [193281.90582959168, 8737026.963685632], [193282.8328805748, 8737027.110516082], [193283.75993155793, 8737026.963685632], [193284.59623633168, 8737026.537567066], [193285.25993155793, 8737025.873871839], [193285.68605012368, 8737025.037567066], [193285.8328805748, 8737024.110516082], [193285.68605012368, 8737023.183465099], [193285.34107832264, 8737022.506419819], [193285.50833385426, 8737022.42119887], [193286.1720290805, 8737021.757503642], [193286.59814764626, 8737020.92119887], [193286.74497809738, 8737019.994147886], [193286.59814764626, 8737019.067096902], [193286.1720290805, 8737018.23079213], [193285.50833385426, 8737017.567096902], [193284.6720290805, 8737017.140978336], [193283.74497809738, 8737016.994147886], [193283.25539168983, 8737017.071690755], [193283.45781898877, 8737016.869263455], [193283.88393755452, 8737016.032958683], [193284.03076800564, 8737015.1059077], [193283.88393755452, 8737014.178856716], [193283.45781898877, 8737013.342551943], [193283.18709350022, 8737013.071826454], [193283.3326948784, 8737012.152535532], [193283.18586442727, 8737011.225484548], [193282.75974586152, 8737010.389179775], [193282.09605063527, 8737009.725484548], [193281.25974586152, 8737009.299365982], [193280.3326948784, 8737009.152535532], [193279.40564389527, 8737009.299365982], [193278.56933912152, 8737009.725484548], [193277.90564389527, 8737010.389179775]]]}, "properties": {"class_id": 3}}, {"type": "Feature", "geometry": {"type": "Polygon", "coordinates": [[[193287.20741039285, 8737031.45888195], [193286.90061905212, 8737031.765673291], [193286.47450048637, 8737032.601978064], [193286.32767003524, 8737033.529029047], [193286.47450048637, 8737034.45608003], [193286.4986217258, 8737034.503420629], [193286.5524973152, 8737034.843577713], [193286.97861588094, 8737035.679882485], [193287.3064077717, 8737036.007674377], [193287.3814484607, 8737036.48146264], [193287.80756702647, 8737037.317767413], [193288.33564949187, 8737037.84584988], [193288.32937181304, 8737037.885485584], [193288.47620226417, 8737038.812536567], [193288.90232082992, 8737039.64884134], [193289.56601605617, 8737040.312536567], [193290.40232082992, 8737040.738655133], [193291.32937181304, 8737040.885485584], [193291.8671665109, 8737040.800307272], [193292.06666768237, 8737040.999808444], [193292.90297245613, 8737041.42592701], [193293.83002343925, 8737041.57275746], [193294.75707442238, 8737041.42592701], [193294.81006195166, 8737041.398928516], [193295.13939307368, 8737041.34676759], [193295.97569784743, 8737040.920649024], [193295.9962308392, 8737040.900116032], [193296.09880033703, 8737041.547714354], [193296.52491890278, 8737042.384019127], [193297.18861412903, 8737043.047714354], [193298.02491890278, 8737043.47383292], [193298.9519698859, 8737043.620663371], [193299.87902086903, 8737043.47383292], [193300.71532564278, 8737043.047714354], [193301.37902086903, 8737042.384019127], [193301.8051394348, 8737041.547714354], [193301.9519698859, 8737040.620663371], [193301.8051394348, 8737039.693612387], [193301.37902086903, 8737038.857307615], [193300.71532564278, 8737038.193612387], [193300.6767129385, 8737038.173938232], [193301.04329184434, 8737038.115877837], [193301.21438603807, 8737038.451669099], [193301.87808126432, 8737039.115364326], [193302.71438603807, 8737039.541482892], [193303.6414370212, 8737039.688313343], [193304.56848800433, 8737039.541482892], [193305.40479277808, 8737039.115364326], [193306.06848800433, 8737038.451669099], [193306.39364173426, 8737037.813518973], [193307.2920708903, 8737037.955816172], [193308.21912187344, 8737037.808985721], [193309.0554266472, 8737037.382867156], [193309.71912187344, 8737036.719171928], [193310.1452404392, 8737035.882867156], [193310.2920708903, 8737034.955816172], [193310.1452404392, 8737034.028765189], [193309.71912187344, 8737033.192460416], [193309.0554266472, 8737032.528765189], [193308.21912187344, 8737032.102646623], [193307.2920708903, 8737031.955816172], [193306.36501990719, 8737032.102646623], [193305.52871513343, 8737032.528765189], [193304.86501990719, 8737033.192460416], [193304.53986617725, 8737033.830610542], [193303.6414370212, 8737033.688313343], [193303.20178074567, 8737033.757948056], [193303.03068655194, 8737033.422156794], [193302.3669913257, 8737032.758461567], [193301.53068655194, 8737032.332343], [193300.6036355688, 8737032.18551255], [193299.6765845857, 8737032.332343], [193298.84027981194, 8737032.758461567], [193298.1765845857, 8737033.422156794], [193297.75046601993, 8737034.258461567], [193297.6036355688, 8737035.18551255], [193297.67883607667, 8737035.66030987], [193297.2841410315, 8737034.88567723], [193296.72375294322, 8737034.32528914], [193296.7159242826, 8737034.275860922], [193296.28980571683, 8737033.43955615], [193295.77829811195, 8737032.928048544], [193295.74964492195, 8737032.747139422], [193295.3235263562, 8737031.91083465], [193295.10511953593, 8737031.692427829], [193294.94711015868, 8737031.382316966], [193294.28341493243, 8737030.718621738], [193293.44711015868, 8737030.292503173], [193293.3820184823, 8737030.282193664], [193293.1722954596, 8737030.07247064], [193292.33599068585, 8737029.646352075], [193292.2431292938, 8737029.631644275], [193291.9259943026, 8737029.314509284], [193291.08968952886, 8737028.888390718], [193290.16263854573, 8737028.741560267], [193289.2355875626, 8737028.888390718], [193288.39928278886, 8737029.314509284], [193287.7355875626, 8737029.978204511], [193287.30946899686, 8737030.814509284], [193287.20741039285, 8737031.45888195]]]}, "properties": {"class_id": 3}}, {"type": "Feature", "geometry": {"type": "Polygon", "coordinates": [[[193278.2752663546, 8737064.398929793], [193277.84914778886, 8737065.235234566], [193277.70231733774, 8737066.16228555], [193277.84914778886, 8737067.089336533], [193278.2752663546, 8737067.925641306], [193278.93896158086, 8737068.589336533], [193279.7752663546, 8737069.015455099], [193280.70231733774, 8737069.16228555], [193281.62936832086, 8737069.015455099], [193282.46567309462, 8737068.589336533], [193283.12936832086, 8737067.925641306], [193283.55548688662, 8737067.089336533], [193283.70231733774, 8737066.16228555], [193283.55548688662, 8737065.235234566], [193283.12936832086, 8737064.398929793], [193282.46567309462, 8737063.735234566], [193281.62936832086, 8737063.309116], [193280.70231733774, 8737063.16228555], [193279.7752663546, 8737063.309116], [193278.93896158086, 8737063.735234566], [193278.2752663546, 8737064.398929793]]]}, "properties": {"class_id": 3}}, {"type": "Feature", "geometry": {"type": "Polygon", "coordinates": [[[193251.87927537708, 8737066.778041], [193251.45315681133, 8737067.614345772], [193251.3063263602, 8737068.541396756], [193251.45315681133, 8737069.46844774], [193251.87927537708, 8737070.304752512], [193252.54297060333, 8737070.96844774], [193253.37927537708, 8737071.394566305], [193254.3063263602, 8737071.541396756], [193255.23337734333, 8737071.394566305], [193256.0696821171, 8737070.96844774], [193256.73337734333, 8737070.304752512], [193257.1594959091, 8737069.46844774], [193257.3063263602, 8737068.541396756], [193257.1594959091, 8737067.614345772], [193256.73337734333, 8737066.778041], [193256.0696821171, 8737066.114345772], [193255.23337734333, 8737065.688227206], [193254.3063263602, 8737065.541396756], [193253.37927537708, 8737065.688227206], [193252.54297060333, 8737066.114345772], [193251.87927537708, 8737066.778041]]]}, "properties": {"class_id": 3}}, {"type": "Feature", "geometry": {"type": "Polygon", "coordinates": [[[193268.59290610946, 8737066.940392712], [193268.1667875437, 8737067.776697485], [193268.0199570926, 8737068.703748468], [193268.1667875437, 8737069.630799452], [193268.59290610946, 8737070.467104224], [193269.2566013357, 8737071.130799452], [193270.09290610946, 8737071.556918018], [193271.0199570926, 8737071.703748468], [193271.94700807572, 8737071.556918018], [193272.78331284947, 8737071.130799452], [193273.44700807572, 8737070.467104224], [193273.87312664147, 8737069.630799452], [193274.0199570926, 8737068.703748468], [193273.87312664147, 8737067.776697485], [193273.44700807572, 8737066.940392712], [193272.78331284947, 8737066.276697485], [193271.94700807572, 8737065.850578919], [193271.0199570926, 8737065.703748468], [193270.09290610946, 8737065.850578919], [193269.2566013357, 8737066.276697485], [193268.59290610946, 8737066.940392712]]]}, "properties": {"class_id": 3}}, {"type": "Feature", "geometry": {"type": "Polygon", "coordinates": [[[193242.21885292185, 8737067.060699854], [193241.7927343561, 8737067.897004627], [193241.64590390498, 8737068.82405561], [193241.7927343561, 8737069.751106594], [193242.21885292185, 8737070.587411366], [193242.8825481481, 8737071.251106594], [193243.71885292185, 8737071.67722516], [193244.64590390498, 8737071.82405561], [193245.5729548881, 8737071.67722516], [193246.40925966186, 8737071.251106594], [193247.0729548881, 8737070.587411366], [193247.49907345386, 8737069.751106594], [193247.64590390498, 8737068.82405561], [193247.49907345386, 8737067.897004627], [193247.0729548881, 8737067.060699854], [193246.40925966186, 8737066.397004627], [193245.5729548881, 8737065.970886061], [193244.64590390498, 8737065.82405561], [193243.71885292185, 8737065.970886061], [193242.8825481481, 8737066.397004627], [193242.21885292185, 8737067.060699854]]]}, "properties": {"class_id": 3}}, {"type": "Feature", "geometry": {"type": "Polygon", "coordinates": [[[193233.27565731312, 8737069.985835012], [193232.84953874737, 8737070.822139785], [193232.70270829624, 8737071.749190768], [193232.84953874737, 8737072.676241752], [193233.27565731312, 8737073.512546524], [193233.93935253937, 8737074.176241752], [193234.77565731312, 8737074.602360317], [193235.70270829624, 8737074.749190768], [193236.62975927937, 8737074.602360317], [193237.46606405312, 8737074.176241752], [193238.12975927937, 8737073.512546524], [193238.55587784512, 8737072.676241752], [193238.70270829624, 8737071.749190768], [193238.55587784512, 8737070.822139785], [193238.12975927937, 8737069.985835012], [193237.46606405312, 8737069.322139785], [193236.62975927937, 8737068.896021219], [193235.70270829624, 8737068.749190768], [193234.77565731312, 8737068.896021219], [193233.93935253937, 8737069.322139785], [193233.27565731312, 8737069.985835012]]]}, "properties": {"class_id": 3}}, {"type": "Feature", "geometry": {"type": "Polygon", "coordinates": [[[193284.48874685465, 8737074.813073369], [193284.0626282889, 8737075.649378141], [193283.91579783778, 8737076.576429125], [193284.0626282889, 8737077.503480108], [193284.48874685465, 8737078.339784881], [193285.1524420809, 8737079.003480108], [193285.98874685465, 8737079.429598674], [193286.91579783778, 8737079.576429125], [193287.8428488209, 8737079.429598674], [193288.67915359465, 8737079.003480108], [193289.3428488209, 8737078.339784881], [193289.76896738666, 8737077.503480108], [193289.91579783778, 8737076.576429125], [193289.76896738666, 8737075.649378141], [193289.3428488209, 8737074.813073369], [193288.67915359465, 8737074.149378141], [193287.8428488209, 8737073.723259576], [193286.91579783778, 8737073.576429125], [193285.98874685465, 8737073.723259576], [193285.1524420809, 8737074.149378141], [193284.48874685465, 8737074.813073369]]]}, "properties": {"class_id": 3}}, {"type": "Feature", "geometry": {"type": "Polygon", "coordinates": [[[193269.57367645216, 8737080.692226078], [193269.1475578864, 8737081.528530851], [193269.00072743528, 8737082.455581835], [193269.1475578864, 8737083.382632818], [193269.57367645216, 8737084.21893759], [193270.2373716784, 8737084.882632818], [193271.07367645216, 8737085.308751384], [193272.00072743528, 8737085.455581835], [193272.9277784184, 8737085.308751384], [193273.76408319216, 8737084.882632818], [193274.4277784184, 8737084.21893759], [193274.85389698416, 8737083.382632818], [193275.00072743528, 8737082.455581835], [193274.85389698416, 8737081.528530851], [193274.4277784184, 8737080.692226078], [193273.76408319216, 8737080.028530851], [193272.9277784184, 8737079.602412285], [193272.00072743528, 8737079.455581835], [193271.07367645216, 8737079.602412285], [193270.2373716784, 8737080.028530851], [193269.57367645216, 8737080.692226078]]]}, "properties": {"class_id": 3}}, {"type": "Feature", "geometry": {"type": "Polygon", "coordinates": [[[193260.8271593884, 8737082.48977498], [193260.40104082265, 8737083.326079752], [193260.25421037152, 8737084.253130736], [193260.40104082265, 8737085.18018172], [193260.8271593884, 8737086.016486492], [193261.49085461465, 8737086.68018172], [193262.3271593884, 8737087.106300285], [193263.25421037152, 8737087.253130736], [193264.18126135465, 8737087.106300285], [193265.0175661284, 8737086.68018172], [193265.68126135465, 8737086.016486492], [193266.1073799204, 8737085.18018172], [193266.25421037152, 8737084.253130736], [193266.1073799204, 8737083.326079752], [193265.68126135465, 8737082.48977498], [193265.0175661284, 8737081.826079752], [193264.18126135465, 8737081.399961187], [193263.25421037152, 8737081.253130736], [193262.3271593884, 8737081.399961187], [193261.49085461465, 8737081.826079752], [193260.8271593884, 8737082.48977498]]]}, "properties": {"class_id": 3}}, {"type": "Feature", "geometry": {"type": "Polygon", "coordinates": [[[193222.37481257052, 8737083.245746335], [193221.94869400476, 8737084.082051108], [193221.80186355364, 8737085.009102091], [193221.94869400476, 8737085.936153075], [193222.37481257052, 8737086.772457847], [193223.03850779677, 8737087.436153075], [193223.87481257052, 8737087.86227164], [193224.80186355364, 8737088.009102091], [193225.72891453677, 8737087.86227164], [193226.56521931052, 8737087.436153075], [193227.22891453677, 8737086.772457847], [193227.65503310252, 8737085.936153075], [193227.80186355364, 8737085.009102091], [193227.65503310252, 8737084.082051108], [193227.22891453677, 8737083.245746335], [193226.56521931052, 8737082.582051108], [193225.72891453677, 8737082.155932542], [193224.80186355364, 8737082.009102091], [193223.87481257052, 8737082.155932542], [193223.03850779677, 8737082.582051108], [193222.37481257052, 8737083.245746335]]]}, "properties": {"class_id": 3}}, {"type": "Feature", "geometry": {"type": "Polygon", "coordinates": [[[193276.03320078, 8737084.896485738], [193275.60708221424, 8737085.732790511], [193275.4602517631, 8737086.659841495], [193275.60708221424, 8737087.586892478], [193276.03320078, 8737088.42319725], [193276.69689600624, 8737089.086892478], [193277.53320078, 8737089.513011044], [193278.4602517631, 8737089.659841495], [193279.38730274624, 8737089.513011044], [193280.22360752, 8737089.086892478], [193280.88730274624, 8737088.42319725], [193281.313421312, 8737087.586892478], [193281.4602517631, 8737086.659841495], [193281.313421312, 8737085.732790511], [193280.88730274624, 8737084.896485738], [193280.22360752, 8737084.232790511], [193279.38730274624, 8737083.806671945], [193278.4602517631, 8737083.659841495], [193277.53320078, 8737083.806671945], [193276.69689600624, 8737084.232790511], [193276.03320078, 8737084.896485738]]]}, "properties": {"class_id": 3}}, {"type": "Feature", "geometry": {"type": "Polygon", "coordinates": [[[193231.38669089798, 8737092.369333552], [193230.96057233223, 8737093.205638325], [193230.8137418811, 8737094.132689308], [193230.96057233223, 8737095.059740292], [193231.38669089798, 8737095.896045065], [193232.05038612423, 8737096.559740292], [193232.88669089798, 8737096.985858858], [193233.8137418811, 8737097.132689308], [193234.74079286424, 8737096.985858858], [193235.577097638, 8737096.559740292], [193236.24079286424, 8737095.896045065], [193236.66691143, 8737095.059740292], [193236.8137418811, 8737094.132689308], [193236.66691143, 8737093.205638325], [193236.24079286424, 8737092.369333552], [193235.577097638, 8737091.705638325], [193234.74079286424, 8737091.27951976], [193233.8137418811, 8737091.132689308], [193232.88669089798, 8737091.27951976], [193232.05038612423, 8737091.705638325], [193231.38669089798, 8737092.369333552]]]}, "properties": {"class_id": 3}}, {"type": "Feature", "geometry": {"type": "Polygon", "coordinates": [[[193243.98552382074, 8737095.503734658], [193243.559405255, 8737096.34003943], [193243.41257480386, 8737097.267090414], [193243.559405255, 8737098.194141397], [193243.98552382074, 8737099.03044617], [193244.649219047, 8737099.694141397], [193245.48552382074, 8737100.120259963], [193246.41257480386, 8737100.267090414], [193247.339625787, 8737100.120259963], [193248.17593056074, 8737099.694141397], [193248.839625787, 8737099.03044617], [193249.26574435274, 8737098.194141397], [193249.41257480386, 8737097.267090414], [193249.26574435274, 8737096.34003943], [193248.839625787, 8737095.503734658], [193248.17593056074, 8737094.84003943], [193247.339625787, 8737094.413920864], [193246.41257480386, 8737094.267090414], [193245.48552382074, 8737094.413920864], [193244.649219047, 8737094.84003943], [193243.98552382074, 8737095.503734658]]]}, "properties": {"class_id": 3}}, {"type": "Feature", "geometry": {"type": "Polygon", "coordinates": [[[193272.2111869334, 8737095.966157418], [193271.78506836764, 8737096.80246219], [193271.63823791652, 8737097.729513174], [193271.78506836764, 8737098.656564157], [193272.2111869334, 8737099.49286893], [193272.87488215964, 8737100.156564157], [193273.7111869334, 8737100.582682723], [193274.63823791652, 8737100.729513174], [193275.56528889964, 8737100.582682723], [193276.4015936734, 8737100.156564157], [193277.06528889964, 8737099.49286893], [193277.4914074654, 8737098.656564157], [193277.63823791652, 8737097.729513174], [193277.4914074654, 8737096.80246219], [193277.06528889964, 8737095.966157418], [193276.4015936734, 8737095.30246219], [193275.56528889964, 8737094.876343625], [193274.63823791652, 8737094.729513174], [193273.7111869334, 8737094.876343625], [193272.87488215964, 8737095.30246219], [193272.2111869334, 8737095.966157418]]]}, "properties": {"class_id": 3}}, {"type": "Feature", "geometry": {"type": "Polygon", "coordinates": [[[193256.21111524472, 8737098.822755402], [193255.78499667897, 8737099.659060175], [193255.63816622784, 8737100.586111158], [193255.78499667897, 8737101.513162142], [193256.21111524472, 8737102.349466914], [193256.87481047097, 8737103.013162142], [193257.71111524472, 8737103.439280707], [193258.63816622784, 8737103.586111158], [193259.56521721097, 8737103.439280707], [193260.40152198472, 8737103.013162142], [193261.06521721097, 8737102.349466914], [193261.49133577672, 8737101.513162142], [193261.63816622784, 8737100.586111158], [193261.49133577672, 8737099.659060175], [193261.06521721097, 8737098.822755402], [193260.40152198472, 8737098.159060175], [193259.56521721097, 8737097.732941609], [193258.63816622784, 8737097.586111158], [193257.71111524472, 8737097.732941609], [193256.87481047097, 8737098.159060175], [193256.21111524472, 8737098.822755402]]]}, "properties": {"class_id": 3}}, {"type": "Feature", "geometry": {"type": "Polygon", "coordinates": [[[193224.62991563242, 8737099.645477314], [193224.20379706667, 8737100.481782086], [193224.05696661555, 8737101.40883307], [193224.20379706667, 8737102.335884053], [193224.62991563242, 8737103.172188826], [193225.29361085867, 8737103.835884053], [193226.12991563242, 8737104.262002619], [193227.05696661555, 8737104.40883307], [193227.98401759868, 8737104.262002619], [193228.82032237243, 8737103.835884053], [193229.48401759868, 8737103.172188826], [193229.91013616443, 8737102.335884053], [193230.05696661555, 8737101.40883307], [193229.91013616443, 8737100.481782086], [193229.48401759868, 8737099.645477314], [193228.82032237243, 8737098.981782086], [193227.98401759868, 8737098.55566352], [193227.05696661555, 8737098.40883307], [193226.12991563242, 8737098.55566352], [193225.29361085867, 8737098.981782086], [193224.62991563242, 8737099.645477314]]]}, "properties": {"class_id": 3}}, {"type": "Feature", "geometry": {"type": "Polygon", "coordinates": [[[193263.9870486547, 8737101.345546957], [193263.56093008895, 8737102.18185173], [193263.41409963783, 8737103.108902713], [193263.56093008895, 8737104.035953697], [193263.67748834137, 8737104.264712147], [193263.40255981742, 8737104.221167747], [193262.4755088343, 8737104.367998198], [193261.63920406054, 8737104.794116763], [193260.9755088343, 8737105.45781199], [193260.54939026854, 8737106.294116763], [193260.40255981742, 8737107.221167747], [193260.54939026854, 8737108.14821873], [193260.9755088343, 8737108.984523503], [193261.63920406054, 8737109.64821873], [193262.4755088343, 8737110.074337296], [193263.40255981742, 8737110.221167747], [193264.32961080055, 8737110.074337296], [193265.1659155743, 8737109.64821873], [193265.82961080055, 8737108.984523503], [193266.2557293663, 8737108.14821873], [193266.40255981742, 8737107.221167747], [193266.2557293663, 8737106.294116763], [193266.13917111387, 8737106.065358313], [193266.41409963783, 8737106.108902713], [193267.34115062095, 8737105.962072263], [193268.1774553947, 8737105.535953697], [193268.84115062095, 8737104.87225847], [193269.2672691867, 8737104.035953697], [193269.41409963783, 8737103.108902713], [193269.2672691867, 8737102.18185173], [193268.84115062095, 8737101.345546957], [193268.1774553947, 8737100.68185173], [193267.34115062095, 8737100.255733164], [193266.41409963783, 8737100.108902713], [193265.4870486547, 8737100.255733164], [193264.65074388095, 8737100.68185173], [193263.9870486547, 8737101.345546957]]]}, "properties": {"class_id": 3}}, {"type": "Feature", "geometry": {"type": "Polygon", "coordinates": [[[193231.09309793136, 8737103.473280475], [193230.6669793656, 8737104.309585247], [193230.52014891448, 8737105.23663623], [193230.6669793656, 8737106.163687214], [193231.09309793136, 8737106.999991987], [193231.7567931576, 8737107.663687214], [193232.59309793136, 8737108.08980578], [193233.52014891448, 8737108.23663623], [193234.4471998976, 8737108.08980578], [193235.28350467136, 8737107.663687214], [193235.9471998976, 8737106.999991987], [193236.37331846336, 8737106.163687214], [193236.52014891448, 8737105.23663623], [193236.37331846336, 8737104.309585247], [193235.9471998976, 8737103.473280475], [193235.28350467136, 8737102.809585247], [193234.4471998976, 8737102.383466681], [193233.52014891448, 8737102.23663623], [193232.59309793136, 8737102.383466681], [193231.7567931576, 8737102.809585247], [193231.09309793136, 8737103.473280475]]]}, "properties": {"class_id": 3}}, {"type": "Feature", "geometry": {"type": "Polygon", "coordinates": [[[193217.42873239887, 8737109.640255963], [193217.28190194775, 8737110.567306947], [193217.42873239887, 8737111.49435793], [193217.85485096462, 8737112.330662703], [193218.51854619087, 8737112.99435793], [193219.35485096462, 8737113.420476496], [193220.28190194775, 8737113.567306947], [193221.20895293087, 8737113.420476496], [193222.04525770462, 8737112.99435793], [193222.70895293087, 8737112.330662703], [193223.13507149662, 8737111.49435793], [193223.28190194775, 8737110.567306947], [193223.13507149662, 8737109.640255963], [193222.70895293087, 8737108.80395119], [193222.04525770462, 8737108.140255963], [193221.20895293087, 8737107.714137398], [193220.28190194775, 8737107.567306947], [193219.35485096462, 8737107.714137398], [193218.51854619087, 8737108.140255963], [193217.85485096462, 8737108.80395119], [193217.42873239887, 8737109.640255963]]]}, "properties": {"class_id": 3}}, {"type": "Feature", "geometry": {"type": "Polygon", "coordinates": [[[193208.2097661127, 8737367.9955749], [193208.06293566158, 8737368.922625884], [193208.2097661127, 8737369.849676868], [193208.63588467846, 8737370.68598164], [193209.2995799047, 8737371.349676868], [193209.94879537736, 8737371.680468673], [193209.9559457516, 8737371.72561436], [193210.38206431735, 8737372.561919132], [193211.0457595436, 8737373.22561436], [193211.88206431735, 8737373.651732925], [193212.80911530048, 8737373.798563376], [193213.7361662836, 8737373.651732925], [193214.42851060018, 8737373.298965877], [193215.20400190185, 8737373.421791632], [193216.13105288497, 8737373.274961181], [193216.96735765872, 8737372.848842615], [193217.63105288497, 8737372.185147388], [193218.05717145072, 8737371.348842615], [193218.20400190185, 8737370.421791632], [193218.05717145072, 8737369.494740648], [193217.63105288497, 8737368.658435876], [193216.96735765872, 8737367.994740648], [193216.13105288497, 8737367.568622082], [193215.64529201062, 8737367.491685119], [193215.16606634058, 8737367.012459448], [193214.32976156683, 8737366.586340882], [193213.4027105837, 8737366.439510431], [193212.85670563643, 8737366.525989119], [193212.82629141846, 8737366.4955749], [193211.9899866447, 8737366.069456335], [193211.06293566158, 8737365.922625884], [193210.13588467846, 8737366.069456335], [193209.2995799047, 8737366.4955749], [193208.63588467846, 8737367.159270128], [193208.2097661127, 8737367.9955749]]]}, "properties": {"class_id": 3}}, {"type": "Feature", "geometry": {"type": "Polygon", "coordinates": [[[193487.05128239235, 8736787.448149413], [193486.6251638266, 8736788.284454186], [193486.47833337547, 8736789.211505169], [193486.6251638266, 8736790.138556153], [193487.05128239235, 8736790.974860925], [193487.7149776186, 8736791.638556153], [193488.55128239235, 8736792.064674718], [193489.47833337547, 8736792.211505169], [193490.4053843586, 8736792.064674718], [193491.24168913235, 8736791.638556153], [193491.9053843586, 8736790.974860925], [193492.33150292435, 8736790.138556153], [193492.47833337547, 8736789.211505169], [193492.33150292435, 8736788.284454186], [193491.9053843586, 8736787.448149413], [193491.24168913235, 8736786.784454186], [193490.4053843586, 8736786.35833562], [193489.47833337547, 8736786.211505169], [193488.55128239235, 8736786.35833562], [193487.7149776186, 8736786.784454186], [193487.05128239235, 8736787.448149413]]]}, "properties": {"class_id": 3}}, {"type": "Feature", "geometry": {"type": "Polygon", "coordinates": [[[193486.72804987465, 8736820.741443722], [193486.3019313089, 8736821.577748494], [193486.15510085778, 8736822.504799478], [193486.3019313089, 8736823.431850461], [193486.72804987465, 8736824.268155234], [193487.3917451009, 8736824.931850461], [193488.22804987465, 8736825.357969027], [193489.15510085778, 8736825.504799478], [193490.0821518409, 8736825.357969027], [193490.91845661466, 8736824.931850461], [193491.5821518409, 8736824.268155234], [193492.00827040666, 8736823.431850461], [193492.15510085778, 8736822.504799478], [193492.00827040666, 8736821.577748494], [193491.5821518409, 8736820.741443722], [193490.91845661466, 8736820.077748494], [193490.0821518409, 8736819.651629928], [193489.15510085778, 8736819.504799478], [193488.22804987465, 8736819.651629928], [193487.3917451009, 8736820.077748494], [193486.72804987465, 8736820.741443722]]]}, "properties": {"class_id": 3}}, {"type": "Feature", "geometry": {"type": "Polygon", "coordinates": [[[193467.4376730987, 8736831.456530184], [193467.01155453295, 8736832.292834956], [193466.86472408182, 8736833.21988594], [193467.01155453295, 8736834.146936923], [193467.4376730987, 8736834.983241696], [193468.10136832495, 8736835.646936923], [193468.9376730987, 8736836.073055489], [193469.86472408182, 8736836.21988594], [193470.79177506495, 8736836.073055489], [193471.6280798387, 8736835.646936923], [193472.29177506495, 8736834.983241696], [193472.7178936307, 8736834.146936923], [193472.86472408182, 8736833.21988594], [193472.7178936307, 8736832.292834956], [193472.29177506495, 8736831.456530184], [193471.6280798387, 8736830.792834956], [193470.79177506495, 8736830.36671639], [193469.86472408182, 8736830.21988594], [193468.9376730987, 8736830.36671639], [193468.10136832495, 8736830.792834956], [193467.4376730987, 8736831.456530184]]]}, "properties": {"class_id": 3}}, {"type": "Feature", "geometry": {"type": "Polygon", "coordinates": [[[193474.93800992426, 8736837.422524655], [193474.5118913585, 8736838.258829428], [193474.36506090738, 8736839.185880411], [193474.5118913585, 8736840.112931395], [193474.93800992426, 8736840.949236168], [193475.6017051505, 8736841.612931395], [193476.43800992426, 8736842.03904996], [193477.36506090738, 8736842.185880411], [193478.2921118905, 8736842.03904996], [193479.12841666426, 8736841.612931395], [193479.7921118905, 8736840.949236168], [193480.21823045626, 8736840.112931395], [193480.36506090738, 8736839.185880411], [193480.21823045626, 8736838.258829428], [193479.7921118905, 8736837.422524655], [193479.12841666426, 8736836.758829428], [193478.2921118905, 8736836.332710862], [193477.36506090738, 8736836.185880411], [193476.43800992426, 8736836.332710862], [193475.6017051505, 8736836.758829428], [193474.93800992426, 8736837.422524655]]]}, "properties": {"class_id": 3}}, {"type": "Feature", "geometry": {"type": "Polygon", "coordinates": [[[193476.91266447835, 8736843.629528938], [193476.4865459126, 8736844.46583371], [193476.33971546148, 8736845.392884694], [193476.4865459126, 8736846.319935678], [193476.91266447835, 8736847.15624045], [193477.5763597046, 8736847.819935678], [193478.41266447835, 8736848.246054243], [193479.33971546148, 8736848.392884694], [193480.2667664446, 8736848.246054243], [193481.10307121836, 8736847.819935678], [193481.7667664446, 8736847.15624045], [193482.19288501036, 8736846.319935678], [193482.33971546148, 8736845.392884694], [193482.19288501036, 8736844.46583371], [193481.7667664446, 8736843.629528938], [193481.10307121836, 8736842.96583371], [193480.2667664446, 8736842.539715145], [193479.33971546148, 8736842.392884694], [193478.41266447835, 8736842.539715145], [193477.5763597046, 8736842.96583371], [193476.91266447835, 8736843.629528938]]]}, "properties": {"class_id": 3}}, {"type": "Feature", "geometry": {"type": "Polygon", "coordinates": [[[193453.74623234547, 8736864.325377904], [193453.32011377972, 8736865.161682677], [193453.1732833286, 8736866.08873366], [193453.32011377972, 8736867.015784644], [193453.74623234547, 8736867.852089416], [193454.40992757172, 8736868.515784644], [193455.24623234547, 8736868.94190321], [193456.1732833286, 8736869.08873366], [193457.10033431172, 8736868.94190321], [193457.93663908547, 8736868.515784644], [193458.60033431172, 8736867.852089416], [193459.02645287747, 8736867.015784644], [193459.1732833286, 8736866.08873366], [193459.02645287747, 8736865.161682677], [193458.60033431172, 8736864.325377904], [193457.93663908547, 8736863.661682677], [193457.10033431172, 8736863.23556411], [193456.1732833286, 8736863.08873366], [193455.24623234547, 8736863.23556411], [193454.40992757172, 8736863.661682677], [193453.74623234547, 8736864.325377904]]]}, "properties": {"class_id": 3}}, {"type": "Feature", "geometry": {"type": "Polygon", "coordinates": [[[193470.87032520457, 8736867.143563146], [193470.44420663881, 8736867.979867918], [193470.2973761877, 8736868.906918902], [193470.44420663881, 8736869.833969885], [193470.87032520457, 8736870.670274658], [193471.53402043082, 8736871.333969885], [193472.37032520457, 8736871.760088451], [193473.2973761877, 8736871.906918902], [193474.22442717082, 8736871.760088451], [193475.06073194457, 8736871.333969885], [193475.72442717082, 8736870.670274658], [193476.15054573657, 8736869.833969885], [193476.2973761877, 8736868.906918902], [193476.15054573657, 8736867.979867918], [193475.72442717082, 8736867.143563146], [193475.06073194457, 8736866.479867918], [193474.22442717082, 8736866.053749353], [193473.2973761877, 8736865.906918902], [193472.37032520457, 8736866.053749353], [193471.53402043082, 8736866.479867918], [193470.87032520457, 8736867.143563146]]]}, "properties": {"class_id": 3}}, {"type": "Feature", "geometry": {"type": "Polygon", "coordinates": [[[193474.57759229717, 8736874.546023205], [193474.1514737314, 8736875.382327978], [193474.0046432803, 8736876.309378961], [193474.1514737314, 8736877.236429945], [193474.57759229717, 8736878.072734717], [193475.24128752341, 8736878.736429945], [193476.07759229717, 8736879.16254851], [193477.0046432803, 8736879.309378961], [193477.93169426342, 8736879.16254851], [193478.76799903717, 8736878.736429945], [193479.43169426342, 8736878.072734717], [193479.85781282917, 8736877.236429945], [193480.0046432803, 8736876.309378961], [193479.85781282917, 8736875.382327978], [193479.43169426342, 8736874.546023205], [193478.76799903717, 8736873.882327978], [193477.93169426342, 8736873.456209412], [193477.0046432803, 8736873.309378961], [193476.07759229717, 8736873.456209412], [193475.24128752341, 8736873.882327978], [193474.57759229717, 8736874.546023205]]]}, "properties": {"class_id": 3}}, {"type": "Feature", "geometry": {"type": "Polygon", "coordinates": [[[193465.52947214228, 8736878.288741978], [193465.10335357653, 8736879.12504675], [193464.9565231254, 8736880.052097734], [193465.10335357653, 8736880.979148718], [193465.52947214228, 8736881.81545349], [193466.19316736853, 8736882.479148718], [193467.02947214228, 8736882.905267283], [193467.9565231254, 8736883.052097734], [193468.88357410853, 8736882.905267283], [193469.7198788823, 8736882.479148718], [193470.38357410853, 8736881.81545349], [193470.8096926743, 8736880.979148718], [193470.9565231254, 8736880.052097734], [193470.8096926743, 8736879.12504675], [193470.38357410853, 8736878.288741978], [193469.7198788823, 8736877.62504675], [193468.88357410853, 8736877.198928185], [193467.9565231254, 8736877.052097734], [193467.02947214228, 8736877.198928185], [193466.19316736853, 8736877.62504675], [193465.52947214228, 8736878.288741978]]]}, "properties": {"class_id": 3}}, {"type": "Feature", "geometry": {"type": "Polygon", "coordinates": [[[193455.9057196988, 8736881.436552381], [193455.47960113306, 8736882.272857154], [193455.33277068194, 8736883.199908137], [193455.47960113306, 8736884.12695912], [193455.9057196988, 8736884.963263893], [193456.56941492506, 8736885.62695912], [193457.4057196988, 8736886.053077687], [193458.33277068194, 8736886.199908137], [193459.25982166507, 8736886.053077687], [193460.09612643882, 8736885.62695912], [193460.75982166507, 8736884.963263893], [193461.18594023082, 8736884.12695912], [193461.33277068194, 8736883.199908137], [193461.18594023082, 8736882.272857154], [193460.75982166507, 8736881.436552381], [193460.09612643882, 8736880.772857154], [193459.25982166507, 8736880.346738588], [193458.33277068194, 8736880.199908137], [193457.4057196988, 8736880.346738588], [193456.56941492506, 8736880.772857154], [193455.9057196988, 8736881.436552381]]]}, "properties": {"class_id": 3}}, {"type": "Feature", "geometry": {"type": "Polygon", "coordinates": [[[193342.4588886323, 8737031.864248523], [193342.4822831479, 8737032.011955682], [193341.9726952159, 8737032.521543615], [193341.54657665014, 8737033.357848387], [193341.39974619902, 8737034.28489937], [193341.54657665014, 8737035.211950354], [193341.9726952159, 8737036.048255127], [193342.63639044215, 8737036.711950354], [193342.96675526525, 8737036.88027964], [193343.26706133597, 8737037.469663488], [193343.93075656221, 8737038.133358715], [193344.76706133597, 8737038.55947728], [193345.6941123191, 8737038.706307732], [193346.62116330222, 8737038.55947728], [193346.89897774236, 8737038.417923754], [193347.05934331764, 8737038.443323165], [193347.98639430077, 8737038.296492714], [193348.49839594457, 8737038.035614846], [193348.88889524795, 8737037.973765833], [193349.7252000217, 8737037.547647268], [193350.38889524795, 8737036.88395204], [193350.47801815698, 8737036.709038483], [193350.551312869, 8737036.671692962], [193351.21500809526, 8737036.007997734], [193351.641126661, 8737035.171692962], [193351.78795711213, 8737034.244641978], [193351.641126661, 8737033.317590995], [193351.51486067916, 8737033.069780052], [193351.40498816574, 8737032.376072304], [193350.9788696, 8737031.539767532], [193350.31517437374, 8737030.876072304], [193349.53472568505, 8737030.478413835], [193349.49106429482, 8737030.392723532], [193348.82736906857, 8737029.729028305], [193347.99106429482, 8737029.30290974], [193347.0640133117, 8737029.156079289], [193346.76382986823, 8737029.203623675], [193346.38593961543, 8737029.011078974], [193345.4588886323, 8737028.864248523], [193344.53183764918, 8737029.011078974], [193343.69553287543, 8737029.43719754], [193343.03183764918, 8737030.100892767], [193342.60571908343, 8737030.93719754], [193342.4588886323, 8737031.864248523]]]}, "properties": {"class_id": 3}}, {"type": "Feature", "geometry": {"type": "Polygon", "coordinates": [[[193314.33349164488, 8737061.548887119], [193313.90737307913, 8737062.385191891], [193313.760542628, 8737063.312242875], [193313.90737307913, 8737064.239293858], [193314.33349164488, 8737065.075598631], [193314.99718687113, 8737065.739293858], [193315.83349164488, 8737066.165412424], [193316.760542628, 8737066.312242875], [193317.68759361113, 8737066.165412424], [193318.52389838488, 8737065.739293858], [193319.18759361113, 8737065.075598631], [193319.61371217688, 8737064.239293858], [193319.760542628, 8737063.312242875], [193319.61371217688, 8737062.385191891], [193319.18759361113, 8737061.548887119], [193318.52389838488, 8737060.885191891], [193317.68759361113, 8737060.459073326], [193316.760542628, 8737060.312242875], [193315.83349164488, 8737060.459073326], [193314.99718687113, 8737060.885191891], [193314.33349164488, 8737061.548887119]]]}, "properties": {"class_id": 3}}, {"type": "Feature", "geometry": {"type": "Polygon", "coordinates": [[[193290.29685559828, 8737069.598465528], [193289.87073703253, 8737070.434770301], [193289.7239065814, 8737071.361821285], [193289.87073703253, 8737072.288872268], [193290.29685559828, 8737073.12517704], [193290.96055082453, 8737073.788872268], [193291.79685559828, 8737074.214990834], [193292.7239065814, 8737074.361821285], [193293.65095756453, 8737074.214990834], [193294.48726233828, 8737073.788872268], [193295.15095756453, 8737073.12517704], [193295.57707613028, 8737072.288872268], [193295.7239065814, 8737071.361821285], [193295.57707613028, 8737070.434770301], [193295.15095756453, 8737069.598465528], [193294.48726233828, 8737068.934770301], [193293.65095756453, 8737068.508651735], [193292.7239065814, 8737068.361821285], [193291.79685559828, 8737068.508651735], [193290.96055082453, 8737068.934770301], [193290.29685559828, 8737069.598465528]]]}, "properties": {"class_id": 3}}, {"type": "Feature", "geometry": {"type": "Polygon", "coordinates": [[[193623.86557800544, 8736678.57391227], [193623.4394594397, 8736679.410217043], [193623.29262898857, 8736680.337268027], [193623.4394594397, 8736681.26431901], [193623.86557800544, 8736682.100623783], [193624.5292732317, 8736682.76431901], [193625.36557800544, 8736683.190437576], [193626.29262898857, 8736683.337268027], [193627.2196799717, 8736683.190437576], [193628.05598474544, 8736682.76431901], [193628.7196799717, 8736682.100623783], [193629.14579853744, 8736681.26431901], [193629.29262898857, 8736680.337268027], [193629.14579853744, 8736679.410217043], [193628.7196799717, 8736678.57391227], [193628.05598474544, 8736677.910217043], [193627.2196799717, 8736677.484098477], [193626.29262898857, 8736677.337268027], [193625.36557800544, 8736677.484098477], [193624.5292732317, 8736677.910217043], [193623.86557800544, 8736678.57391227]]]}, "properties": {"class_id": 3}}, {"type": "Feature", "geometry": {"type": "Polygon", "coordinates": [[[193602.77125062788, 8736695.459368588], [193602.34513206212, 8736696.295673361], [193602.198301611, 8736697.222724345], [193602.34513206212, 8736698.149775328], [193602.77125062788, 8736698.9860801], [193603.43494585413, 8736699.649775328], [193604.27125062788, 8736700.075893894], [193605.198301611, 8736700.222724345], [193606.12535259413, 8736700.075893894], [193606.96165736788, 8736699.649775328], [193607.62535259413, 8736698.9860801], [193608.05147115988, 8736698.149775328], [193608.198301611, 8736697.222724345], [193608.05147115988, 8736696.295673361], [193607.62535259413, 8736695.459368588], [193606.96165736788, 8736694.795673361], [193606.12535259413, 8736694.369554795], [193605.198301611, 8736694.222724345], [193604.27125062788, 8736694.369554795], [193603.43494585413, 8736694.795673361], [193602.77125062788, 8736695.459368588]]]}, "properties": {"class_id": 3}}, {"type": "Feature", "geometry": {"type": "Polygon", "coordinates": [[[193584.0337453799, 8736709.126449002], [193583.60762681413, 8736709.962753775], [193583.460796363, 8736710.889804758], [193583.60762681413, 8736711.816855742], [193584.0337453799, 8736712.653160514], [193584.69744060613, 8736713.316855742], [193585.5337453799, 8736713.742974307], [193586.460796363, 8736713.889804758], [193586.88892742994, 8736713.82199546], [193586.38714627095, 8736714.07766573], [193585.7234510447, 8736714.741360957], [193585.29733247895, 8736715.57766573], [193585.15050202783, 8736716.504716713], [193585.29733247895, 8736717.431767697], [193585.7234510447, 8736718.26807247], [193586.38714627095, 8736718.931767697], [193587.2234510447, 8736719.357886262], [193588.15050202783, 8736719.504716713], [193589.07755301095, 8736719.357886262], [193589.9138577847, 8736718.931767697], [193590.57755301095, 8736718.26807247], [193591.0036715767, 8736717.431767697], [193591.15050202783, 8736716.504716713], [193591.0036715767, 8736715.57766573], [193590.57755301095, 8736714.741360957], [193589.9138577847, 8736714.07766573], [193589.07755301095, 8736713.651547164], [193588.15050202783, 8736713.504716713], [193587.7223709609, 8736713.572526012], [193588.2241521199, 8736713.316855742], [193588.88784734614, 8736712.653160514], [193589.3139659119, 8736711.816855742], [193589.460796363, 8736710.889804758], [193589.3139659119, 8736709.962753775], [193588.88784734614, 8736709.126449002], [193588.2241521199, 8736708.462753775], [193587.38784734614, 8736708.036635209], [193586.460796363, 8736707.889804758], [193585.5337453799, 8736708.036635209], [193584.69744060613, 8736708.462753775], [193584.0337453799, 8736709.126449002]]]}, "properties": {"class_id": 3}}, {"type": "Feature", "geometry": {"type": "Polygon", "coordinates": [[[193555.9403247974, 8736728.301217318], [193555.64080417453, 8736728.889059639], [193555.35039730457, 8736729.179466508], [193554.92427873882, 8736730.015771281], [193554.7774482877, 8736730.942822265], [193554.92427873882, 8736731.869873248], [193555.35039730457, 8736732.70617802], [193556.01409253082, 8736733.369873248], [193556.85039730457, 8736733.795991814], [193557.7774482877, 8736733.942822265], [193558.70449927083, 8736733.795991814], [193559.54080404458, 8736733.369873248], [193560.20449927083, 8736732.70617802], [193560.5040198937, 8736732.1183357], [193560.79442676366, 8736731.82792883], [193561.22054532942, 8736730.991624057], [193561.36737578054, 8736730.064573074], [193561.22054532942, 8736729.13752209], [193560.79442676366, 8736728.301217318], [193560.1307315374, 8736727.63752209], [193559.29442676366, 8736727.211403525], [193558.36737578054, 8736727.064573074], [193557.4403247974, 8736727.211403525], [193556.60402002366, 8736727.63752209], [193555.9403247974, 8736728.301217318]]]}, "properties": {"class_id": 3}}, {"type": "Feature", "geometry": {"type": "Polygon", "coordinates": [[[193548.29700552032, 8736737.066779288], [193547.87088695457, 8736737.90308406], [193547.72405650344, 8736738.830135044], [193547.87088695457, 8736739.757186027], [193548.29700552032, 8736740.5934908], [193548.96070074657, 8736741.257186027], [193549.79700552032, 8736741.683304593], [193550.72405650344, 8736741.830135044], [193551.65110748657, 8736741.683304593], [193552.48741226032, 8736741.257186027], [193553.15110748657, 8736740.5934908], [193553.57722605232, 8736739.757186027], [193553.72405650344, 8736738.830135044], [193553.57722605232, 8736737.90308406], [193553.15110748657, 8736737.066779288], [193552.48741226032, 8736736.40308406], [193551.65110748657, 8736735.976965494], [193550.72405650344, 8736735.830135044], [193549.79700552032, 8736735.976965494], [193548.96070074657, 8736736.40308406], [193548.29700552032, 8736737.066779288]]]}, "properties": {"class_id": 3}}, {"type": "Feature", "geometry": {"type": "Polygon", "coordinates": [[[193527.28840074397, 8736745.113278234], [193526.86228217822, 8736745.949583007], [193526.7154517271, 8736746.87663399], [193526.86228217822, 8736747.803684974], [193527.28840074397, 8736748.639989747], [193527.95209597022, 8736749.303684974], [193528.78840074397, 8736749.72980354], [193529.7154517271, 8736749.87663399], [193530.64250271022, 8736749.72980354], [193531.47880748397, 8736749.303684974], [193532.14250271022, 8736748.639989747], [193532.56862127598, 8736747.803684974], [193532.7154517271, 8736746.87663399], [193532.56862127598, 8736745.949583007], [193532.14250271022, 8736745.113278234], [193531.47880748397, 8736744.449583007], [193530.64250271022, 8736744.023464441], [193529.7154517271, 8736743.87663399], [193528.78840074397, 8736744.023464441], [193527.95209597022, 8736744.449583007], [193527.28840074397, 8736745.113278234]]]}, "properties": {"class_id": 3}}, {"type": "Feature", "geometry": {"type": "Polygon", "coordinates": [[[193539.78738056793, 8736745.234613663], [193539.36126200217, 8736746.070918435], [193539.21443155105, 8736746.997969419], [193539.36126200217, 8736747.925020402], [193539.78738056793, 8736748.761325175], [193540.45107579418, 8736749.425020402], [193541.28738056793, 8736749.851138968], [193542.21443155105, 8736749.997969419], [193543.14148253418, 8736749.851138968], [193543.97778730793, 8736749.425020402], [193544.64148253418, 8736748.761325175], [193545.06760109993, 8736747.925020402], [193545.21443155105, 8736746.997969419], [193545.06760109993, 8736746.070918435], [193544.64148253418, 8736745.234613663], [193543.97778730793, 8736744.570918435], [193543.14148253418, 8736744.14479987], [193542.21443155105, 8736743.997969419], [193541.28738056793, 8736744.14479987], [193540.45107579418, 8736744.570918435], [193539.78738056793, 8736745.234613663]]]}, "properties": {"class_id": 3}}, {"type": "Feature", "geometry": {"type": "Polygon", "coordinates": [[[193567.09642860107, 8736746.972995076], [193566.67031003532, 8736747.809299849], [193566.5234795842, 8736748.736350833], [193566.67031003532, 8736749.663401816], [193567.09642860107, 8736750.499706589], [193567.76012382732, 8736751.163401816], [193568.59642860107, 8736751.589520382], [193569.5234795842, 8736751.736350833], [193570.45053056732, 8736751.589520382], [193571.28683534107, 8736751.163401816], [193571.95053056732, 8736750.499706589], [193572.37664913308, 8736749.663401816], [193572.5234795842, 8736748.736350833], [193572.37664913308, 8736747.809299849], [193571.95053056732, 8736746.972995076], [193571.28683534107, 8736746.309299849], [193570.45053056732, 8736745.883181283], [193569.5234795842, 8736745.736350833], [193568.59642860107, 8736745.883181283], [193567.76012382732, 8736746.309299849], [193567.09642860107, 8736746.972995076]]]}, "properties": {"class_id": 3}}, {"type": "Feature", "geometry": {"type": "Polygon", "coordinates": [[[193531.24628938473, 8736756.643385956], [193530.82017081897, 8736757.479690729], [193530.67334036785, 8736758.406741712], [193530.82017081897, 8736759.333792696], [193531.24628938473, 8736760.170097468], [193531.90998461097, 8736760.833792696], [193532.74628938473, 8736761.259911261], [193533.67334036785, 8736761.406741712], [193534.60039135098, 8736761.259911261], [193535.43669612473, 8736760.833792696], [193536.10039135098, 8736760.170097468], [193536.52650991673, 8736759.333792696], [193536.67334036785, 8736758.406741712], [193536.52650991673, 8736757.479690729], [193536.10039135098, 8736756.643385956], [193535.43669612473, 8736755.979690729], [193534.60039135098, 8736755.553572163], [193533.67334036785, 8736755.406741712], [193532.74628938473, 8736755.553572163], [193531.90998461097, 8736755.979690729], [193531.24628938473, 8736756.643385956]]]}, "properties": {"class_id": 3}}, {"type": "Feature", "geometry": {"type": "Polygon", "coordinates": [[[193510.00133814965, 8736759.089068979], [193509.5752195839, 8736759.925373752], [193509.42838913278, 8736760.852424735], [193509.5752195839, 8736761.779475719], [193510.00133814965, 8736762.615780491], [193510.6650333759, 8736763.279475719], [193511.50133814965, 8736763.705594284], [193512.42838913278, 8736763.852424735], [193513.3554401159, 8736763.705594284], [193514.19174488966, 8736763.279475719], [193514.8554401159, 8736762.615780491], [193515.28155868166, 8736761.779475719], [193515.42838913278, 8736760.852424735], [193515.28155868166, 8736759.925373752], [193514.8554401159, 8736759.089068979], [193514.19174488966, 8736758.425373752], [193513.3554401159, 8736757.999255186], [193512.42838913278, 8736757.852424735], [193511.50133814965, 8736757.999255186], [193510.6650333759, 8736758.425373752], [193510.00133814965, 8736759.089068979]]]}, "properties": {"class_id": 3}}, {"type": "Feature", "geometry": {"type": "Polygon", "coordinates": [[[193558.2532351751, 8736759.5574741], [193557.82711660935, 8736760.393778872], [193557.68028615823, 8736761.320829855], [193557.82711660935, 8736762.247880839], [193558.2532351751, 8736763.084185611], [193558.91693040135, 8736763.747880839], [193559.7532351751, 8736764.173999405], [193560.68028615823, 8736764.320829855], [193561.60733714135, 8736764.173999405], [193562.4436419151, 8736763.747880839], [193563.10733714135, 8736763.084185611], [193563.5334557071, 8736762.247880839], [193563.68028615823, 8736761.320829855], [193563.5334557071, 8736760.393778872], [193563.10733714135, 8736759.5574741], [193562.4436419151, 8736758.893778872], [193561.60733714135, 8736758.467660306], [193560.68028615823, 8736758.320829855], [193559.7532351751, 8736758.467660306], [193558.91693040135, 8736758.893778872], [193558.2532351751, 8736759.5574741]]]}, "properties": {"class_id": 3}}, {"type": "Feature", "geometry": {"type": "Polygon", "coordinates": [[[193505.8775529535, 8736764.64754844], [193505.45143438774, 8736765.483853213], [193505.30460393662, 8736766.410904197], [193505.45143438774, 8736767.33795518], [193505.8775529535, 8736768.174259953], [193506.54124817974, 8736768.83795518], [193507.3775529535, 8736769.264073746], [193508.30460393662, 8736769.410904197], [193509.23165491974, 8736769.264073746], [193510.0679596935, 8736768.83795518], [193510.73165491974, 8736768.174259953], [193511.1577734855, 8736767.33795518], [193511.30460393662, 8736766.410904197], [193511.1577734855, 8736765.483853213], [193510.73165491974, 8736764.64754844], [193510.0679596935, 8736763.983853213], [193509.23165491974, 8736763.557734648], [193508.30460393662, 8736763.410904197], [193507.3775529535, 8736763.557734648], [193506.54124817974, 8736763.983853213], [193505.8775529535, 8736764.64754844]]]}, "properties": {"class_id": 3}}, {"type": "Feature", "geometry": {"type": "Polygon", "coordinates": [[[193522.09524200036, 8736770.992822258], [193521.6691234346, 8736771.82912703], [193521.52229298349, 8736772.756178014], [193521.6691234346, 8736773.683228998], [193522.09524200036, 8736774.51953377], [193522.7589372266, 8736775.183228998], [193523.59524200036, 8736775.609347563], [193524.52229298349, 8736775.756178014], [193525.4493439666, 8736775.609347563], [193526.28564874036, 8736775.183228998], [193526.9493439666, 8736774.51953377], [193527.37546253236, 8736773.683228998], [193527.52229298349, 8736772.756178014], [193527.37546253236, 8736771.82912703], [193526.9493439666, 8736770.992822258], [193526.28564874036, 8736770.32912703], [193525.4493439666, 8736769.903008465], [193524.52229298349, 8736769.756178014], [193523.59524200036, 8736769.903008465], [193522.7589372266, 8736770.32912703], [193522.09524200036, 8736770.992822258]]]}, "properties": {"class_id": 3}}, {"type": "Feature", "geometry": {"type": "Polygon", "coordinates": [[[193499.40548901522, 8736772.540498886], [193498.97937044947, 8736773.376803659], [193498.83253999834, 8736774.303854642], [193498.97937044947, 8736775.230905626], [193499.40548901522, 8736776.067210399], [193500.06918424147, 8736776.730905626], [193500.90548901522, 8736777.157024192], [193501.83253999834, 8736777.303854642], [193502.75959098147, 8736777.157024192], [193503.59589575522, 8736776.730905626], [193504.25959098147, 8736776.067210399], [193504.68570954722, 8736775.230905626], [193504.83253999834, 8736774.303854642], [193504.68570954722, 8736773.376803659], [193504.25959098147, 8736772.540498886], [193503.59589575522, 8736771.876803659], [193502.75959098147, 8736771.450685093], [193501.83253999834, 8736771.303854642], [193500.90548901522, 8736771.450685093], [193500.06918424147, 8736771.876803659], [193499.40548901522, 8736772.540498886]]]}, "properties": {"class_id": 3}}, {"type": "Feature", "geometry": {"type": "Polygon", "coordinates": [[[193547.76688093398, 8736778.56495593], [193547.62005048286, 8736779.492006913], [193547.76688093398, 8736780.419057896], [193548.19299949973, 8736781.255362669], [193548.85669472598, 8736781.919057896], [193549.69299949973, 8736782.345176462], [193550.62005048286, 8736782.492006913], [193551.54710146599, 8736782.345176462], [193552.38340623974, 8736781.919057896], [193553.04710146599, 8736781.255362669], [193553.47322003174, 8736780.419057896], [193553.62005048286, 8736779.492006913], [193553.47322003174, 8736778.56495593], [193553.04710146599, 8736777.728651157], [193552.38340623974, 8736777.06495593], [193551.54710146599, 8736776.638837364], [193550.62005048286, 8736776.492006913], [193549.69299949973, 8736776.638837364], [193548.85669472598, 8736777.06495593], [193548.19299949973, 8736777.728651157], [193547.76688093398, 8736778.56495593]]]}, "properties": {"class_id": 3}}, {"type": "Feature", "geometry": {"type": "Polygon", "coordinates": [[[193495.6875588375, 8736783.06858135], [193495.54072838638, 8736783.995632334], [193495.6875588375, 8736784.922683317], [193496.11367740325, 8736785.75898809], [193496.7773726295, 8736786.422683317], [193497.61367740325, 8736786.848801883], [193498.54072838638, 8736786.995632334], [193499.4677793695, 8736786.848801883], [193500.30408414325, 8736786.422683317], [193500.9677793695, 8736785.75898809], [193501.39389793525, 8736784.922683317], [193501.54072838638, 8736783.995632334], [193501.39389793525, 8736783.06858135], [193500.9677793695, 8736782.232276578], [193500.30408414325, 8736781.56858135], [193499.4677793695, 8736781.142462784], [193498.54072838638, 8736780.995632334], [193497.61367740325, 8736781.142462784], [193496.7773726295, 8736781.56858135], [193496.11367740325, 8736782.232276578], [193495.6875588375, 8736783.06858135]]]}, "properties": {"class_id": 3}}, {"type": "Feature", "geometry": {"type": "Polygon", "coordinates": [[[193541.4359921462, 8736785.0295251], [193541.00987358045, 8736785.865829872], [193540.86304312933, 8736786.792880856], [193541.00987358045, 8736787.719931839], [193541.4359921462, 8736788.556236612], [193542.09968737245, 8736789.219931839], [193542.9359921462, 8736789.646050405], [193543.86304312933, 8736789.792880856], [193544.79009411245, 8736789.646050405], [193545.6263988862, 8736789.219931839], [193546.29009411245, 8736788.556236612], [193546.7162126782, 8736787.719931839], [193546.86304312933, 8736786.792880856], [193546.7162126782, 8736785.865829872], [193546.29009411245, 8736785.0295251], [193545.6263988862, 8736784.365829872], [193544.79009411245, 8736783.939711306], [193543.86304312933, 8736783.792880856], [193542.9359921462, 8736783.939711306], [193542.09968737245, 8736784.365829872], [193541.4359921462, 8736785.0295251]]]}, "properties": {"class_id": 3}}, {"type": "Feature", "geometry": {"type": "Polygon", "coordinates": [[[193528.87121420063, 8736791.684703311], [193528.44509563487, 8736792.521008084], [193528.29826518375, 8736793.448059067], [193528.44509563487, 8736794.37511005], [193528.87121420063, 8736795.211414823], [193529.53490942687, 8736795.87511005], [193530.37121420063, 8736796.301228616], [193531.29826518375, 8736796.448059067], [193532.22531616688, 8736796.301228616], [193533.06162094063, 8736795.87511005], [193533.72531616688, 8736795.211414823], [193534.15143473263, 8736794.37511005], [193534.29826518375, 8736793.448059067], [193534.15143473263, 8736792.521008084], [193533.72531616688, 8736791.684703311], [193533.06162094063, 8736791.021008084], [193532.22531616688, 8736790.594889518], [193531.29826518375, 8736790.448059067], [193530.37121420063, 8736790.594889518], [193529.53490942687, 8736791.021008084], [193528.87121420063, 8736791.684703311]]]}, "properties": {"class_id": 3}}, {"type": "Feature", "geometry": {"type": "Polygon", "coordinates": [[[193522.91185921466, 8736806.654442057], [193522.4857406489, 8736807.49074683], [193522.33891019778, 8736808.417797813], [193522.4857406489, 8736809.344848797], [193522.91185921466, 8736810.18115357], [193523.5755544409, 8736810.844848797], [193524.41185921466, 8736811.270967362], [193525.33891019778, 8736811.417797813], [193526.2659611809, 8736811.270967362], [193527.10226595466, 8736810.844848797], [193527.7659611809, 8736810.18115357], [193528.19207974666, 8736809.344848797], [193528.33891019778, 8736808.417797813], [193528.19207974666, 8736807.49074683], [193527.7659611809, 8736806.654442057], [193527.10226595466, 8736805.99074683], [193526.2659611809, 8736805.564628264], [193525.33891019778, 8736805.417797813], [193524.41185921466, 8736805.564628264], [193523.5755544409, 8736805.99074683], [193522.91185921466, 8736806.654442057]]]}, "properties": {"class_id": 3}}, {"type": "Feature", "geometry": {"type": "Polygon", "coordinates": [[[193526.05493747204, 8736812.283466704], [193525.6288189063, 8736813.119771477], [193525.48198845517, 8736814.04682246], [193525.6288189063, 8736814.973873444], [193526.05493747204, 8736815.810178217], [193526.7186326983, 8736816.473873444], [193527.55493747204, 8736816.89999201], [193528.48198845517, 8736817.04682246], [193529.4090394383, 8736816.89999201], [193530.24534421205, 8736816.473873444], [193530.9090394383, 8736815.810178217], [193531.33515800405, 8736814.973873444], [193531.48198845517, 8736814.04682246], [193531.33515800405, 8736813.119771477], [193530.9090394383, 8736812.283466704], [193530.24534421205, 8736811.619771477], [193529.4090394383, 8736811.193652911], [193528.48198845517, 8736811.04682246], [193527.55493747204, 8736811.193652911], [193526.7186326983, 8736811.619771477], [193526.05493747204, 8736812.283466704]]]}, "properties": {"class_id": 3}}, {"type": "Feature", "geometry": {"type": "Polygon", "coordinates": [[[193511.20193072112, 8736815.085866468], [193510.77581215536, 8736815.92217124], [193510.62898170424, 8736816.849222224], [193510.77581215536, 8736817.776273208], [193511.20193072112, 8736818.61257798], [193511.86562594736, 8736819.276273208], [193512.70193072112, 8736819.702391773], [193513.62898170424, 8736819.849222224], [193514.55603268737, 8736819.702391773], [193515.39233746112, 8736819.276273208], [193516.05603268737, 8736818.61257798], [193516.48215125312, 8736817.776273208], [193516.62898170424, 8736816.849222224], [193516.48215125312, 8736815.92217124], [193516.05603268737, 8736815.085866468], [193515.39233746112, 8736814.42217124], [193514.55603268737, 8736813.996052675], [193513.62898170424, 8736813.849222224], [193512.70193072112, 8736813.996052675], [193511.86562594736, 8736814.42217124], [193511.20193072112, 8736815.085866468]]]}, "properties": {"class_id": 3}}, {"type": "Feature", "geometry": {"type": "Polygon", "coordinates": [[[193542.58048897737, 8736816.863759868], [193542.15437041162, 8736817.70006464], [193542.0075399605, 8736818.627115624], [193542.15437041162, 8736819.554166608], [193542.58048897737, 8736820.39047138], [193543.24418420362, 8736821.054166608], [193544.08048897737, 8736821.480285173], [193545.0075399605, 8736821.627115624], [193545.93459094362, 8736821.480285173], [193546.77089571737, 8736821.054166608], [193547.43459094362, 8736820.39047138], [193547.86070950938, 8736819.554166608], [193548.0075399605, 8736818.627115624], [193547.86070950938, 8736817.70006464], [193547.43459094362, 8736816.863759868], [193546.77089571737, 8736816.20006464], [193545.93459094362, 8736815.773946075], [193545.0075399605, 8736815.627115624], [193544.08048897737, 8736815.773946075], [193543.24418420362, 8736816.20006464], [193542.58048897737, 8736816.863759868]]]}, "properties": {"class_id": 3}}, {"type": "Feature", "geometry": {"type": "Polygon", "coordinates": [[[193494.2998949295, 8736819.341660785], [193493.87377636376, 8736820.177965557], [193493.72694591264, 8736821.10501654], [193493.87377636376, 8736822.032067524], [193494.2998949295, 8736822.868372297], [193494.96359015576, 8736823.532067524], [193495.7998949295, 8736823.95818609], [193496.72694591264, 8736824.10501654], [193497.65399689577, 8736823.95818609], [193498.49030166952, 8736823.532067524], [193499.15399689577, 8736822.868372297], [193499.58011546152, 8736822.032067524], [193499.72694591264, 8736821.10501654], [193499.58011546152, 8736820.177965557], [193499.15399689577, 8736819.341660785], [193498.49030166952, 8736818.677965557], [193497.65399689577, 8736818.251846991], [193496.72694591264, 8736818.10501654], [193495.7998949295, 8736818.251846991], [193494.96359015576, 8736818.677965557], [193494.2998949295, 8736819.341660785]]]}, "properties": {"class_id": 3}}, {"type": "Feature", "geometry": {"type": "Polygon", "coordinates": [[[193495.6903410548, 8736825.837650342], [193495.26422248906, 8736826.673955115], [193495.11739203794, 8736827.601006098], [193495.26422248906, 8736828.528057082], [193495.6903410548, 8736829.364361854], [193496.35403628106, 8736830.028057082], [193497.1903410548, 8736830.454175647], [193498.11739203794, 8736830.601006098], [193499.04444302106, 8736830.454175647], [193499.8807477948, 8736830.028057082], [193500.54444302106, 8736829.364361854], [193500.97056158682, 8736828.528057082], [193501.11739203794, 8736827.601006098], [193500.97056158682, 8736826.673955115], [193500.54444302106, 8736825.837650342], [193499.8807477948, 8736825.173955115], [193499.04444302106, 8736824.747836549], [193498.11739203794, 8736824.601006098], [193497.1903410548, 8736824.747836549], [193496.35403628106, 8736825.173955115], [193495.6903410548, 8736825.837650342]]]}, "properties": {"class_id": 3}}, {"type": "Feature", "geometry": {"type": "Polygon", "coordinates": [[[193543.92232626735, 8736828.368468517], [193543.4962077016, 8736829.20477329], [193543.34937725047, 8736830.131824274], [193543.4962077016, 8736831.058875257], [193543.92232626735, 8736831.89518003], [193544.5860214936, 8736832.558875257], [193545.42232626735, 8736832.984993823], [193546.34937725047, 8736833.131824274], [193547.2764282336, 8736832.984993823], [193548.11273300735, 8736832.558875257], [193548.7764282336, 8736831.89518003], [193549.20254679935, 8736831.058875257], [193549.34937725047, 8736830.131824274], [193549.20254679935, 8736829.20477329], [193548.7764282336, 8736828.368468517], [193548.11273300735, 8736827.70477329], [193547.2764282336, 8736827.278654724], [193546.34937725047, 8736827.131824274], [193545.42232626735, 8736827.278654724], [193544.5860214936, 8736827.70477329], [193543.92232626735, 8736828.368468517]]]}, "properties": {"class_id": 3}}, {"type": "Feature", "geometry": {"type": "Polygon", "coordinates": [[[193490.10459191678, 8736832.265913347], [193489.67847335103, 8736833.10221812], [193489.5316428999, 8736834.029269103], [193489.67847335103, 8736834.956320086], [193490.10459191678, 8736835.79262486], [193490.76828714303, 8736836.456320086], [193491.60459191678, 8736836.882438652], [193492.5316428999, 8736837.029269103], [193493.45869388303, 8736836.882438652], [193494.29499865678, 8736836.456320086], [193494.95869388303, 8736835.79262486], [193495.38481244878, 8736834.956320086], [193495.5316428999, 8736834.029269103], [193495.38481244878, 8736833.10221812], [193494.95869388303, 8736832.265913347], [193494.29499865678, 8736831.60221812], [193493.45869388303, 8736831.176099554], [193492.5316428999, 8736831.029269103], [193491.60459191678, 8736831.176099554], [193490.76828714303, 8736831.60221812], [193490.10459191678, 8736832.265913347]]]}, "properties": {"class_id": 3}}, {"type": "Feature", "geometry": {"type": "Polygon", "coordinates": [[[193551.36261663132, 8736840.52168795], [193550.93649806557, 8736841.357992722], [193550.78966761444, 8736842.285043705], [193550.93649806557, 8736843.212094689], [193551.36261663132, 8736844.048399461], [193552.02631185757, 8736844.712094689], [193552.86261663132, 8736845.138213255], [193553.78966761444, 8736845.285043705], [193554.71671859757, 8736845.138213255], [193555.55302337132, 8736844.712094689], [193556.21671859757, 8736844.048399461], [193556.64283716332, 8736843.212094689], [193556.78966761444, 8736842.285043705], [193556.64283716332, 8736841.357992722], [193556.21671859757, 8736840.52168795], [193555.55302337132, 8736839.857992722], [193554.71671859757, 8736839.431874156], [193553.78966761444, 8736839.285043705], [193552.86261663132, 8736839.431874156], [193552.02631185757, 8736839.857992722], [193551.36261663132, 8736840.52168795]]]}, "properties": {"class_id": 3}}, {"type": "Feature", "geometry": {"type": "Polygon", "coordinates": [[[193487.61901225406, 8736848.742668835], [193487.1928936883, 8736849.578973608], [193487.04606323718, 8736850.506024592], [193487.1928936883, 8736851.433075575], [193487.61901225406, 8736852.269380348], [193488.2827074803, 8736852.933075575], [193489.11901225406, 8736853.35919414], [193490.04606323718, 8736853.506024592], [193490.9731142203, 8736853.35919414], [193491.80941899406, 8736852.933075575], [193492.4731142203, 8736852.269380348], [193492.89923278606, 8736851.433075575], [193493.04606323718, 8736850.506024592], [193492.89923278606, 8736849.578973608], [193492.4731142203, 8736848.742668835], [193491.80941899406, 8736848.078973608], [193490.9731142203, 8736847.652855042], [193490.04606323718, 8736847.506024592], [193489.11901225406, 8736847.652855042], [193488.2827074803, 8736848.078973608], [193487.61901225406, 8736848.742668835]]]}, "properties": {"class_id": 3}}, {"type": "Feature", "geometry": {"type": "Polygon", "coordinates": [[[193536.14171022014, 8736851.276312573], [193535.71559165439, 8736852.112617346], [193535.56876120326, 8736853.039668329], [193535.71559165439, 8736853.966719313], [193536.14171022014, 8736854.803024085], [193536.8054054464, 8736855.466719313], [193537.64171022014, 8736855.892837878], [193538.56876120326, 8736856.039668329], [193539.4958121864, 8736855.892837878], [193540.33211696014, 8736855.466719313], [193540.9958121864, 8736854.803024085], [193541.42193075214, 8736853.966719313], [193541.56876120326, 8736853.039668329], [193541.42193075214, 8736852.112617346], [193540.9958121864, 8736851.276312573], [193540.33211696014, 8736850.612617346], [193539.4958121864, 8736850.18649878], [193538.56876120326, 8736850.039668329], [193537.64171022014, 8736850.18649878], [193536.8054054464, 8736850.612617346], [193536.14171022014, 8736851.276312573]]]}, "properties": {"class_id": 3}}, {"type": "Feature", "geometry": {"type": "Polygon", "coordinates": [[[193487.51317960338, 8736859.644012643], [193487.08706103763, 8736860.480317416], [193486.9402305865, 8736861.4073684], [193487.08706103763, 8736862.334419383], [193487.51317960338, 8736863.170724155], [193488.17687482963, 8736863.834419383], [193489.01317960338, 8736864.260537948], [193489.9402305865, 8736864.4073684], [193490.86728156963, 8736864.260537948], [193491.70358634338, 8736863.834419383], [193492.36728156963, 8736863.170724155], [193492.7934001354, 8736862.334419383], [193492.9402305865, 8736861.4073684], [193492.7934001354, 8736860.480317416], [193492.36728156963, 8736859.644012643], [193491.70358634338, 8736858.980317416], [193490.86728156963, 8736858.55419885], [193489.9402305865, 8736858.4073684], [193489.01317960338, 8736858.55419885], [193488.17687482963, 8736858.980317416], [193487.51317960338, 8736859.644012643]]]}, "properties": {"class_id": 3}}, {"type": "Feature", "geometry": {"type": "Polygon", "coordinates": [[[193524.97594341112, 8736863.543588754], [193524.54982484537, 8736864.379893526], [193524.40299439424, 8736865.30694451], [193524.54982484537, 8736866.233995494], [193524.97594341112, 8736867.070300266], [193525.63963863737, 8736867.733995494], [193526.47594341112, 8736868.16011406], [193527.40299439424, 8736868.30694451], [193528.33004537737, 8736868.16011406], [193529.16635015112, 8736867.733995494], [193529.83004537737, 8736867.070300266], [193530.25616394312, 8736866.233995494], [193530.40299439424, 8736865.30694451], [193530.25616394312, 8736864.379893526], [193529.83004537737, 8736863.543588754], [193529.16635015112, 8736862.879893526], [193528.33004537737, 8736862.45377496], [193527.40299439424, 8736862.30694451], [193526.47594341112, 8736862.45377496], [193525.63963863737, 8736862.879893526], [193524.97594341112, 8736863.543588754]]]}, "properties": {"class_id": 3}}, {"type": "Feature", "geometry": {"type": "Polygon", "coordinates": [[[193493.57159240724, 8736864.41736689], [193493.1454738415, 8736865.253671663], [193492.99864339037, 8736866.180722646], [193493.1454738415, 8736867.10777363], [193493.57159240724, 8736867.944078403], [193494.2352876335, 8736868.60777363], [193495.07159240724, 8736869.033892196], [193495.99864339037, 8736869.180722646], [193496.9256943735, 8736869.033892196], [193497.76199914725, 8736868.60777363], [193498.4256943735, 8736867.944078403], [193498.85181293925, 8736867.10777363], [193498.99864339037, 8736866.180722646], [193498.85181293925, 8736865.253671663], [193498.4256943735, 8736864.41736689], [193497.76199914725, 8736863.753671663], [193496.9256943735, 8736863.327553097], [193495.99864339037, 8736863.180722646], [193495.07159240724, 8736863.327553097], [193494.2352876335, 8736863.753671663], [193493.57159240724, 8736864.41736689]]]}, "properties": {"class_id": 3}}, {"type": "Feature", "geometry": {"type": "Polygon", "coordinates": [[[193515.32074495766, 8736869.932354156], [193514.8946263919, 8736870.768658929], [193514.74779594078, 8736871.695709912], [193514.8946263919, 8736872.622760896], [193515.32074495766, 8736873.459065668], [193515.9844401839, 8736874.122760896], [193516.82074495766, 8736874.548879461], [193517.74779594078, 8736874.695709912], [193518.6748469239, 8736874.548879461], [193519.51115169766, 8736874.122760896], [193520.1748469239, 8736873.459065668], [193520.60096548966, 8736872.622760896], [193520.74779594078, 8736871.695709912], [193520.60096548966, 8736870.768658929], [193520.1748469239, 8736869.932354156], [193519.51115169766, 8736869.268658929], [193518.6748469239, 8736868.842540363], [193517.74779594078, 8736868.695709912], [193516.82074495766, 8736868.842540363], [193515.9844401839, 8736869.268658929], [193515.32074495766, 8736869.932354156]]]}, "properties": {"class_id": 3}}, {"type": "Feature", "geometry": {"type": "Polygon", "coordinates": [[[193503.65369679726, 8736873.944318393], [193503.2275782315, 8736874.780623166], [193503.0807477804, 8736875.70767415], [193503.2275782315, 8736876.634725133], [193503.65369679726, 8736877.471029906], [193504.3173920235, 8736878.134725133], [193505.15369679726, 8736878.560843699], [193506.0807477804, 8736878.70767415], [193507.00779876352, 8736878.560843699], [193507.84410353727, 8736878.134725133], [193508.50779876352, 8736877.471029906], [193508.93391732927, 8736876.634725133], [193509.0807477804, 8736875.70767415], [193508.93391732927, 8736874.780623166], [193508.50779876352, 8736873.944318393], [193507.84410353727, 8736873.280623166], [193507.00779876352, 8736872.8545046], [193506.0807477804, 8736872.70767415], [193505.15369679726, 8736872.8545046], [193504.3173920235, 8736873.280623166], [193503.65369679726, 8736873.944318393]]]}, "properties": {"class_id": 3}}, {"type": "Feature", "geometry": {"type": "Polygon", "coordinates": [[[193732.00806682697, 8737351.80282359], [193731.5819482612, 8737352.639128363], [193731.4351178101, 8737353.566179346], [193731.5819482612, 8737354.49323033], [193732.00806682697, 8737355.329535102], [193732.6717620532, 8737355.99323033], [193733.50806682697, 8737356.419348896], [193734.4351178101, 8737356.566179346], [193735.36216879322, 8737356.419348896], [193736.19847356697, 8737355.99323033], [193736.86216879322, 8737355.329535102], [193737.28828735897, 8737354.49323033], [193737.4351178101, 8737353.566179346], [193737.28828735897, 8737352.639128363], [193736.86216879322, 8737351.80282359], [193736.19847356697, 8737351.139128363], [193735.36216879322, 8737350.713009797], [193734.4351178101, 8737350.566179346], [193733.50806682697, 8737350.713009797], [193732.6717620532, 8737351.139128363], [193732.00806682697, 8737351.80282359]]]}, "properties": {"class_id": 3}}, {"type": "Feature", "geometry": {"type": "Polygon", "coordinates": [[[193737.19850912673, 8737356.162525907], [193736.92936877804, 8737356.690743582], [193736.77429735608, 8737356.666182682], [193735.84724637296, 8737356.813013133], [193735.0109415992, 8737357.239131698], [193734.34724637296, 8737357.902826926], [193733.9211278072, 8737358.739131698], [193733.77429735608, 8737359.666182682], [193733.9211278072, 8737360.593233665], [193734.34724637296, 8737361.429538438], [193734.36894155387, 8737361.45123362], [193733.76796567242, 8737361.757446125], [193733.10427044617, 8737362.421141353], [193732.67815188042, 8737363.257446125], [193732.63643897694, 8737363.520811033], [193732.4995666225, 8737363.252183912], [193731.83587139624, 8737362.588488685], [193731.1340067802, 8737362.230870802], [193731.67681102513, 8737361.688066555], [193732.10292959088, 8737360.851761783], [193732.249760042, 8737359.924710799], [193732.10292959088, 8737358.997659815], [193731.67681102513, 8737358.161355043], [193731.01311579888, 8737357.497659815], [193730.17681102513, 8737357.07154125], [193729.249760042, 8737356.924710799], [193728.32270905888, 8737357.07154125], [193727.48640428513, 8737357.497659815], [193726.82270905888, 8737358.161355043], [193726.39659049312, 8737358.997659815], [193726.249760042, 8737359.924710799], [193726.39659049312, 8737360.851761783], [193726.82270905888, 8737361.688066555], [193727.48640428513, 8737362.351761783], [193728.18826890117, 8737362.709379666], [193727.64546465623, 8737363.252183912], [193727.21934609048, 8737364.088488685], [193727.07251563936, 8737365.015539669], [193727.21934609048, 8737365.942590652], [193727.64546465623, 8737366.778895425], [193728.30915988248, 8737367.442590652], [193729.14546465623, 8737367.868709218], [193730.07251563936, 8737368.015539669], [193730.9995666225, 8737367.868709218], [193731.83587139624, 8737367.442590652], [193732.4995666225, 8737366.778895425], [193732.92568518824, 8737365.942590652], [193732.9673980917, 8737365.679225745], [193733.10427044617, 8737365.947852865], [193733.76796567242, 8737366.611548092], [193734.60427044617, 8737367.037666658], [193735.160403283, 8737367.125749446], [193735.03661656214, 8737367.368694564], [193734.88978611102, 8737368.295745548], [193735.03661656214, 8737369.222796531], [193735.4627351279, 8737370.059101304], [193736.12643035414, 8737370.722796531], [193736.68375800215, 8737371.006769152], [193736.39771127165, 8737371.292815883], [193735.9715927059, 8737372.129120655], [193735.82476225478, 8737373.056171639], [193735.9715927059, 8737373.983222622], [193736.39771127165, 8737374.819527395], [193737.0614064979, 8737375.483222622], [193737.89771127165, 8737375.909341188], [193738.82476225478, 8737376.056171639], [193739.7518132379, 8737375.909341188], [193740.58811801166, 8737375.483222622], [193741.2518132379, 8737374.819527395], [193741.67793180366, 8737373.983222622], [193741.82476225478, 8737373.056171639], [193741.67793180366, 8737372.129120655], [193741.2518132379, 8737371.292815883], [193741.2332303274, 8737371.274232972], [193741.59594622965, 8737371.331681527], [193742.52299721277, 8737371.184851076], [193743.35930198652, 8737370.75873251], [193744.02299721277, 8737370.095037283], [193744.44911577852, 8737369.25873251], [193744.59594622965, 8737368.331681527], [193744.44911577852, 8737367.404630544], [193744.02299721277, 8737366.568325771], [193743.35930198652, 8737365.904630544], [193742.52299721277, 8737365.478511978], [193741.59594622965, 8737365.331681527], [193740.66889524652, 8737365.478511978], [193739.83259047277, 8737365.904630544], [193739.76083415997, 8737365.976386856], [193739.6531418679, 8737365.868694564], [193738.81683709414, 8737365.442575999], [193738.26070425732, 8737365.35449321], [193738.38449097818, 8737365.111548092], [193738.5313214293, 8737364.184497109], [193738.38449097818, 8737363.257446125], [193737.95837241242, 8737362.421141353], [193737.9366772315, 8737362.39944617], [193738.53765311296, 8737362.093233665], [193739.2013483392, 8737361.429538438], [193739.4704886879, 8737360.901320763], [193739.62556010985, 8737360.925881663], [193740.55261109298, 8737360.779051213], [193741.38891586673, 8737360.352932647], [193741.6268310273, 8737360.115017487], [193741.7702775409, 8737360.39654712], [193742.43397276715, 8737361.060242347], [193743.2702775409, 8737361.486360913], [193744.19732852402, 8737361.633191364], [193745.12437950715, 8737361.486360913], [193745.9606842809, 8737361.060242347], [193746.62437950715, 8737360.39654712], [193747.0504980729, 8737359.560242347], [193747.19732852402, 8737358.633191364], [193747.0504980729, 8737357.70614038], [193746.62437950715, 8737356.869835608], [193745.9606842809, 8737356.20614038], [193745.12437950715, 8737355.780021815], [193744.19732852402, 8737355.633191364], [193743.2702775409, 8737355.780021815], [193742.43397276715, 8737356.20614038], [193742.19605760658, 8737356.44405554], [193742.05261109298, 8737356.162525907], [193741.38891586673, 8737355.49883068], [193740.55261109298, 8737355.072712114], [193739.62556010985, 8737354.925881663], [193738.69850912673, 8737355.072712114], [193737.86220435298, 8737355.49883068], [193737.19850912673, 8737356.162525907]]]}, "properties": {"class_id": 3}}, {"type": "Feature", "geometry": {"type": "Polygon", "coordinates": [[[193821.73990382004, 8737265.04988249], [193821.88673427116, 8737265.976933474], [193822.3128528369, 8737266.813238246], [193822.34420445072, 8737266.844589861], [193822.47019137305, 8737267.640039982], [193822.64649645553, 8737267.986058189], [193822.50059388348, 8737268.27240811], [193822.35376343236, 8737269.199459093], [193822.4296132936, 8737269.67835627], [193821.9739340787, 8737270.134035485], [193821.54781551295, 8737270.970340258], [193821.44013157132, 8737271.650229907], [193820.97900051076, 8737271.885187918], [193820.31530528452, 8737272.548883146], [193820.09920474142, 8737272.973004341], [193820.0017385985, 8737272.988441462], [193819.16543382476, 8737273.414560027], [193818.5017385985, 8737274.078255255], [193818.07562003276, 8737274.914560027], [193817.92878958164, 8737275.841611011], [193818.07562003276, 8737276.768661994], [193818.08537829685, 8737276.787813665], [193817.70871739986, 8737277.164474564], [193817.2825988341, 8737278.000779336], [193817.13576838298, 8737278.92783032], [193817.2825988341, 8737279.854881303], [193817.70871739986, 8737280.691186076], [193818.3724126261, 8737281.354881303], [193819.20871739986, 8737281.78099987], [193820.13576838298, 8737281.92783032], [193821.0628193661, 8737281.78099987], [193821.89912413986, 8737281.354881303], [193822.5628193661, 8737280.691186076], [193822.72445662494, 8737280.373955093], [193823.31135379663, 8737280.466910474], [193824.23840477975, 8737280.320080023], [193824.70619403746, 8737280.081729492], [193824.78666100843, 8737280.094474208], [193825.71371199156, 8737279.947643757], [193826.2654406265, 8737279.666523976], [193826.86200618686, 8737279.572037274], [193827.6983109606, 8737279.145918708], [193827.828375079, 8737279.01585459], [193827.84949283465, 8737279.019199314], [193828.74886322278, 8737278.876753038], [193828.775515242, 8737278.89033292], [193829.70256622514, 8737279.037163371], [193830.62961720827, 8737278.89033292], [193831.46592198202, 8737278.464214355], [193832.12961720827, 8737277.800519127], [193832.20916860408, 8737277.644390723], [193832.57671359007, 8737278.011935709], [193833.41301836382, 8737278.438054275], [193834.34006934694, 8737278.584884726], [193835.26712033007, 8737278.438054275], [193836.10342510382, 8737278.011935709], [193836.76712033007, 8737277.348240482], [193837.19323889582, 8737276.511935709], [193837.34006934694, 8737275.584884726], [193837.19323889582, 8737274.657833742], [193836.76712033007, 8737273.82152897], [193836.10342510382, 8737273.157833742], [193835.26712033007, 8737272.731715176], [193834.34006934694, 8737272.584884726], [193833.41301836382, 8737272.731715176], [193832.75487654196, 8737273.067055184], [193832.52719839476, 8737272.62021166], [193831.8635031685, 8737271.956516434], [193831.40171818162, 8737271.72122523], [193831.17749744392, 8737271.281167256], [193830.51380221767, 8737270.617472028], [193830.0258102219, 8737270.368827688], [193830.3918387796, 8737269.650456196], [193830.5386692307, 8737268.723405212], [193830.3918387796, 8737267.796354229], [193830.15972517576, 8737267.340805631], [193830.37990337983, 8737267.120627427], [193830.80602194558, 8737266.284322655], [193830.9528523967, 8737265.357271671], [193830.80602194558, 8737264.430220688], [193830.37990337983, 8737263.593915915], [193829.71620815358, 8737262.930220688], [193828.87990337983, 8737262.504102122], [193827.9528523967, 8737262.357271671], [193827.02580141358, 8737262.504102122], [193826.60098497762, 8737262.720556907], [193826.50325957692, 8737262.622831507], [193825.66695480316, 8737262.19671294], [193824.73990382004, 8737262.04988249], [193823.8128528369, 8737262.19671294], [193822.97654806316, 8737262.622831507], [193822.3128528369, 8737263.286526734], [193821.88673427116, 8737264.122831507], [193821.73990382004, 8737265.04988249]]]}, "properties": {"class_id": 3}}, {"type": "Feature", "geometry": {"type": "Polygon", "coordinates": [[[193773.5324953738, 8737279.774839548], [193773.10637680805, 8737280.611144321], [193772.95954635693, 8737281.538195305], [193773.10637680805, 8737282.465246288], [193773.5324953738, 8737283.30155106], [193774.19619060005, 8737283.965246288], [193775.0324953738, 8737284.391364854], [193775.4707087517, 8737284.460771034], [193775.58723199196, 8737285.19646982], [193776.0133505577, 8737286.032774592], [193776.67704578396, 8737286.69646982], [193777.5133505577, 8737287.122588385], [193777.58947183387, 8737287.13464481], [193777.23341488166, 8737287.833445925], [193777.08658443054, 8737288.760496909], [193777.23341488166, 8737289.687547892], [193777.6595334474, 8737290.523852665], [193778.32322867366, 8737291.187547892], [193779.1595334474, 8737291.613666458], [193780.08658443054, 8737291.760496909], [193781.01363541366, 8737291.613666458], [193781.8499401874, 8737291.187547892], [193782.51363541366, 8737290.523852665], [193782.56946100143, 8737290.41428878], [193782.67928448558, 8737290.304465296], [193783.10540305133, 8737289.468160523], [193783.25223350246, 8737288.54110954], [193783.10540305133, 8737287.614058556], [193783.02483611362, 8737287.455937037], [193783.29354806323, 8737286.928560143], [193783.44037851435, 8737286.00150916], [193783.29354806323, 8737285.074458176], [193782.86742949748, 8737284.238153404], [193782.20373427123, 8737283.574458176], [193781.36742949748, 8737283.14833961], [193781.1795464293, 8737283.118581856], [193780.86745252396, 8737282.50606308], [193780.2037572977, 8737281.842367852], [193779.36745252396, 8737281.416249286], [193778.92923914606, 8737281.346843107], [193778.8127159058, 8737280.611144321], [193778.38659734005, 8737279.774839548], [193777.7229021138, 8737279.111144321], [193776.88659734005, 8737278.685025755], [193775.95954635693, 8737278.538195305], [193775.0324953738, 8737278.685025755], [193774.19619060005, 8737279.111144321], [193773.5324953738, 8737279.774839548]]]}, "properties": {"class_id": 3}}, {"type": "Feature", "geometry": {"type": "Polygon", "coordinates": [[[193833.31228078395, 8737281.29361883], [193832.8861622182, 8737282.129923603], [193832.73933176708, 8737283.056974586], [193832.74811975818, 8737283.112459779], [193832.43461470495, 8737283.727748089], [193832.28778425383, 8737284.654799072], [193832.39721850125, 8737285.345739719], [193832.33157597622, 8737285.76019031], [193832.47840642734, 8737286.687241293], [193832.9045249931, 8737287.523546066], [193833.56822021934, 8737288.187241293], [193834.4045249931, 8737288.61335986], [193835.33157597622, 8737288.76019031], [193836.25862695934, 8737288.61335986], [193837.0949317331, 8737288.187241293], [193837.75862695934, 8737287.523546066], [193838.1847455251, 8737286.687241293], [193838.33157597622, 8737285.76019031], [193838.2221417288, 8737285.069249664], [193838.28778425383, 8737284.654799072], [193838.27899626273, 8737284.59931388], [193838.59250131596, 8737283.98402557], [193838.73933176708, 8737283.056974586], [193838.59250131596, 8737282.129923603], [193838.1663827502, 8737281.29361883], [193837.50268752396, 8737280.629923603], [193836.6663827502, 8737280.203805037], [193835.73933176708, 8737280.056974586], [193834.81228078395, 8737280.203805037], [193833.9759760102, 8737280.629923603], [193833.31228078395, 8737281.29361883]]]}, "properties": {"class_id": 3}}, {"type": "Feature", "geometry": {"type": "Polygon", "coordinates": [[[193763.23535999603, 8737281.011494571], [193762.3083090129, 8737281.158325022], [193761.47200423916, 8737281.584443588], [193761.37319899956, 8737281.683248827], [193761.03330839373, 8737281.856431741], [193760.36961316748, 8737282.520126969], [193759.94349460173, 8737283.356431741], [193759.7966641506, 8737284.283482725], [193759.94349460173, 8737285.210533708], [193760.36961316748, 8737286.046838481], [193761.03330839373, 8737286.710533708], [193761.12127057245, 8737286.755352678], [193761.41160989925, 8737287.045692004], [193761.58039157602, 8737287.131690564], [193761.8796053559, 8737287.718930671], [193762.16021672476, 8737287.99954204], [193762.15887272847, 8737288.008027699], [193762.3057031796, 8737288.935078682], [193762.73182174534, 8737289.771383455], [193763.3955169716, 8737290.435078682], [193764.23182174534, 8737290.861197248], [193765.15887272847, 8737291.008027699], [193766.0859237116, 8737290.861197248], [193766.92222848535, 8737290.435078682], [193767.5859237116, 8737289.771383455], [193768.01204227735, 8737288.935078682], [193768.15887272847, 8737288.008027699], [193768.1351192537, 8737287.858054161], [193768.20473113313, 8737287.788442282], [193768.28838825933, 8737287.624255927], [193768.6251635619, 8737287.57091596], [193769.46146833565, 8737287.144797394], [193770.1251635619, 8737286.481102167], [193770.55128212765, 8737285.644797394], [193770.69811257877, 8737284.71774641], [193770.55128212765, 8737283.790695427], [193770.1251635619, 8737282.954390654], [193769.46146833565, 8737282.290695427], [193768.6251635619, 8737281.864576861], [193768.05019628382, 8737281.77351099], [193767.833365736, 8737281.556680443], [193766.99706096225, 8737281.130561877], [193766.07000997913, 8737280.983731426], [193765.78418296587, 8737281.029001977], [193765.0895060546, 8737280.918975964], [193764.16245507146, 8737281.065806415], [193764.023925021, 8737281.136391], [193763.23535999603, 8737281.011494571]]]}, "properties": {"class_id": 3}}, {"type": "Feature", "geometry": {"type": "Polygon", "coordinates": [[[192749.1228744736, 8736710.510034075], [192749.01225860257, 8736710.620649947], [192748.9412388416, 8736710.760034075], [192748.91676709976, 8736710.914542573], [192748.9412388416, 8736711.06905107], [192749.01225860257, 8736711.208435198], [192749.1228744736, 8736711.31905107], [192749.26225860257, 8736711.390070831], [192749.41676709976, 8736711.414542573], [192749.57127559694, 8736711.390070831], [192749.7106597259, 8736711.31905107], [192749.82127559694, 8736711.208435198], [192749.89229535792, 8736711.06905107], [192749.91676709976, 8736710.914542573], [192749.89229535792, 8736710.760034075], [192749.82127559694, 8736710.620649947], [192749.7106597259, 8736710.510034075], [192749.57127559694, 8736710.439014314], [192749.41676709976, 8736710.414542573], [192749.26225860257, 8736710.439014314], [192749.1228744736, 8736710.510034075]]]}, "properties": {"class_id": 4}}, {"type": "Feature", "geometry": {"type": "Polygon", "coordinates": [[[192755.8037454237, 8736714.372902261], [192755.69312955267, 8736714.483518133], [192755.6221097917, 8736714.622902261], [192755.59763804986, 8736714.777410759], [192755.6221097917, 8736714.931919256], [192755.69312955267, 8736715.071303384], [192755.8037454237, 8736715.181919256], [192755.94312955267, 8736715.252939017], [192756.09763804986, 8736715.277410759], [192756.25214654705, 8736715.252939017], [192756.39153067602, 8736715.181919256], [192756.50214654705, 8736715.071303384], [192756.57316630802, 8736714.931919256], [192756.59763804986, 8736714.777410759], [192756.57316630802, 8736714.622902261], [192756.50214654705, 8736714.483518133], [192756.39153067602, 8736714.372902261], [192756.25214654705, 8736714.3018825], [192756.09763804986, 8736714.277410759], [192755.94312955267, 8736714.3018825], [192755.8037454237, 8736714.372902261]]]}, "properties": {"class_id": 4}}, {"type": "Feature", "geometry": {"type": "Polygon", "coordinates": [[[192747.7594121589, 8736784.22735134], [192747.64879628786, 8736784.337967211], [192747.5777765269, 8736784.47735134], [192747.55330478505, 8736784.631859837], [192747.5777765269, 8736784.786368335], [192747.64879628786, 8736784.925752463], [192747.7594121589, 8736785.036368335], [192747.89879628786, 8736785.107388096], [192748.05330478505, 8736785.131859837], [192748.20781328224, 8736785.107388096], [192748.3471974112, 8736785.036368335], [192748.45781328224, 8736784.925752463], [192748.5288330432, 8736784.786368335], [192748.55330478505, 8736784.631859837], [192748.5288330432, 8736784.47735134], [192748.45781328224, 8736784.337967211], [192748.3471974112, 8736784.22735134], [192748.20781328224, 8736784.156331578], [192748.05330478505, 8736784.131859837], [192747.89879628786, 8736784.156331578], [192747.7594121589, 8736784.22735134]]]}, "properties": {"class_id": 4}}, {"type": "Feature", "geometry": {"type": "Polygon", "coordinates": [[[192750.87406956343, 8736784.827716853], [192750.80304980246, 8736784.967100982], [192750.77857806062, 8736785.12160948], [192750.80304980246, 8736785.276117977], [192750.87406956343, 8736785.415502105], [192750.98468543447, 8736785.526117977], [192751.12406956343, 8736785.597137738], [192751.27857806062, 8736785.62160948], [192751.4330865578, 8736785.597137738], [192751.57247068678, 8736785.526117977], [192751.6830865578, 8736785.415502105], [192751.75410631878, 8736785.276117977], [192751.77857806062, 8736785.12160948], [192751.75410631878, 8736784.967100982], [192751.6830865578, 8736784.827716853], [192751.57247068678, 8736784.717100982], [192751.4330865578, 8736784.64608122], [192751.27857806062, 8736784.62160948], [192751.12406956343, 8736784.64608122], [192750.98468543447, 8736784.717100982], [192750.87406956343, 8736784.827716853]]]}, "properties": {"class_id": 4}}, {"type": "Feature", "geometry": {"type": "Polygon", "coordinates": [[[193119.85824146462, 8737249.64838087], [193119.78722170365, 8737249.787764998], [193119.7627499618, 8737249.942273496], [193119.78722170365, 8737250.096781993], [193119.85824146462, 8737250.236166121], [193119.96885733565, 8737250.346781993], [193120.10824146462, 8737250.417801755], [193120.2627499618, 8737250.442273496], [193120.417258459, 8737250.417801755], [193120.42322275662, 8737250.414762793], [193120.43610442354, 8737250.496094437], [193120.4924222135, 8737250.606624322], [193120.4410018338, 8737250.61476851], [193120.30161770483, 8737250.685788272], [193120.1910018338, 8737250.796404144], [193120.11998207282, 8737250.935788272], [193120.09551033098, 8737251.09029677], [193120.11998207282, 8737251.244805267], [193120.1910018338, 8737251.384189395], [193120.30161770483, 8737251.494805267], [193120.4410018338, 8737251.565825028], [193120.59551033098, 8737251.59029677], [193120.75001882817, 8737251.565825028], [193120.88940295714, 8737251.494805267], [193121.00001882817, 8737251.384189395], [193121.07103858914, 8737251.244805267], [193121.09551033098, 8737251.09029677], [193121.07103858914, 8737250.935788272], [193121.0147207992, 8737250.825258387], [193121.0661411789, 8737250.817114199], [193121.20552530786, 8737250.746094437], [193121.3161411789, 8737250.635478565], [193121.38716093986, 8737250.496094437], [193121.4116326817, 8737250.34158594], [193121.38716093986, 8737250.187077442], [193121.3161411789, 8737250.047693314], [193121.20552530786, 8737249.937077442], [193121.0661411789, 8737249.86605768], [193120.9116326817, 8737249.84158594], [193120.7571241845, 8737249.86605768], [193120.7511598869, 8737249.869096642], [193120.73827821997, 8737249.787764998], [193120.667258459, 8737249.64838087], [193120.55664258797, 8737249.537764998], [193120.417258459, 8737249.466745237], [193120.2627499618, 8737249.442273496], [193120.10824146462, 8737249.466745237], [193119.96885733565, 8737249.537764998], [193119.85824146462, 8737249.64838087]]]}, "properties": {"class_id": 4}}, {"type": "Feature", "geometry": {"type": "Polygon", "coordinates": [[[193110.20819075863, 8737250.696576033], [193110.13717099765, 8737250.835960161], [193110.1126992558, 8737250.990468659], [193110.13717099765, 8737251.144977156], [193110.20819075863, 8737251.284361284], [193110.31880662966, 8737251.394977156], [193110.4138584182, 8737251.443408461], [193110.27993888664, 8737251.422197692], [193110.12543038945, 8737251.446669433], [193109.98604626048, 8737251.517689195], [193109.87543038945, 8737251.628305066], [193109.80441062848, 8737251.767689195], [193109.77993888664, 8737251.922197692], [193109.80441062848, 8737252.07670619], [193109.82773151223, 8737252.122476], [193109.77113459154, 8737252.233553711], [193109.7466628497, 8737252.388062209], [193109.75480140463, 8737252.439447023], [193109.66992390977, 8737252.482694266], [193109.55930803873, 8737252.593310138], [193109.48828827776, 8737252.732694266], [193109.46381653592, 8737252.887202764], [193109.48828827776, 8737253.041711261], [193109.55930803873, 8737253.18109539], [193109.62313280924, 8737253.24492016], [193109.55930803873, 8737253.308744932], [193109.48828827776, 8737253.44812906], [193109.46381653592, 8737253.602637557], [193109.48828827776, 8737253.757146055], [193109.55930803873, 8737253.896530183], [193109.66992390977, 8737254.007146055], [193109.80930803873, 8737254.078165816], [193109.96381653592, 8737254.102637557], [193110.1183250331, 8737254.078165816], [193110.25770916208, 8737254.007146055], [193110.3683250331, 8737253.896530183], [193110.43934479408, 8737253.757146055], [193110.46381653592, 8737253.602637557], [193110.43934479408, 8737253.44812906], [193110.3683250331, 8737253.308744932], [193110.3045002626, 8737253.24492016], [193110.3683250331, 8737253.18109539], [193110.43934479408, 8737253.041711261], [193110.46381653592, 8737252.887202764], [193110.455677981, 8737252.83581795], [193110.54055547586, 8737252.792570706], [193110.6511713469, 8737252.681954835], [193110.72219110787, 8737252.542570706], [193110.7466628497, 8737252.388062209], [193110.72219110787, 8737252.233553711], [193110.69887022412, 8737252.1877839], [193110.7554671448, 8737252.07670619], [193110.77993888664, 8737251.922197692], [193110.7554671448, 8737251.767689195], [193110.68444738383, 8737251.628305066], [193110.5738315128, 8737251.517689195], [193110.47877972425, 8737251.46925789], [193110.6126992558, 8737251.490468659], [193110.767207753, 8737251.465996917], [193110.90659188197, 8737251.394977156], [193111.017207753, 8737251.284361284], [193111.08822751397, 8737251.144977156], [193111.1126992558, 8737250.990468659], [193111.08822751397, 8737250.835960161], [193111.017207753, 8737250.696576033], [193110.90659188197, 8737250.585960161], [193110.767207753, 8737250.5149404], [193110.6126992558, 8737250.490468659], [193110.45819075863, 8737250.5149404], [193110.31880662966, 8737250.585960161], [193110.20819075863, 8737250.696576033]]]}, "properties": {"class_id": 4}}, {"type": "Feature", "geometry": {"type": "Polygon", "coordinates": [[[193120.92307464598, 8737252.277187787], [193120.852054885, 8737252.416571915], [193120.82758314317, 8737252.571080413], [193120.852054885, 8737252.72558891], [193120.92307464598, 8737252.864973038], [193121.033690517, 8737252.97558891], [193121.17307464598, 8737253.046608672], [193121.32758314317, 8737253.071080413], [193121.48209164036, 8737253.046608672], [193121.49804342558, 8737253.038480831], [193121.48429958645, 8737253.065454634], [193121.4598278446, 8737253.219963131], [193121.48429958645, 8737253.374471629], [193121.55531934742, 8737253.513855757], [193121.66593521845, 8737253.624471629], [193121.80531934742, 8737253.69549139], [193121.9598278446, 8737253.719963131], [193122.1143363418, 8737253.69549139], [193122.25372047076, 8737253.624471629], [193122.26462707826, 8737253.613565022], [193122.266286454, 8737253.624041907], [193122.33730621496, 8737253.763426036], [193122.447922086, 8737253.874041907], [193122.56275690437, 8737253.93255317], [193122.5824088047, 8737254.056630386], [193122.62190451464, 8737254.134145081], [193122.59766425213, 8737254.146496112], [193122.4870483811, 8737254.257111983], [193122.41602862012, 8737254.396496112], [193122.39155687828, 8737254.55100461], [193122.41602862012, 8737254.705513107], [193122.4870483811, 8737254.844897235], [193122.59766425213, 8737254.955513107], [193122.7370483811, 8737255.026532868], [193122.7881754613, 8737255.034630602], [193122.7487889893, 8737255.111930905], [193122.72431724746, 8737255.266439402], [193122.7487889893, 8737255.4209479], [193122.81980875027, 8737255.560332028], [193122.9304246213, 8737255.6709479], [193123.06980875027, 8737255.741967661], [193123.22431724746, 8737255.766439402], [193123.37882574464, 8737255.741967661], [193123.5182098736, 8737255.6709479], [193123.62882574464, 8737255.560332028], [193123.6930127039, 8737255.434358029], [193123.75114213204, 8737255.404739605], [193123.86175800307, 8737255.294123733], [193123.93277776404, 8737255.154739605], [193123.95724950588, 8737255.000231108], [193123.93277776404, 8737254.84572261], [193123.86175800307, 8737254.706338482], [193123.75114213204, 8737254.59572261], [193123.61175800307, 8737254.524702849], [193123.45724950588, 8737254.500231108], [193123.38531955387, 8737254.511623692], [193123.36708513644, 8737254.396496112], [193123.3275894265, 8737254.318981417], [193123.35182968903, 8737254.306630386], [193123.46244556006, 8737254.196014514], [193123.53346532103, 8737254.056630386], [193123.55793706287, 8737253.902121888], [193123.53346532103, 8737253.74761339], [193123.46244556006, 8737253.608229263], [193123.35182968903, 8737253.49761339], [193123.23699487065, 8737253.439102128], [193123.2173429703, 8737253.315024912], [193123.19870835124, 8737253.278452413], [193123.24615132008, 8737253.231009444], [193123.31717108106, 8737253.091625316], [193123.3416428229, 8737252.937116819], [193123.31717108106, 8737252.782608321], [193123.24615132008, 8737252.643224193], [193123.13553544905, 8737252.532608321], [193122.99615132008, 8737252.46158856], [193122.8416428229, 8737252.437116819], [193122.6871343257, 8737252.46158856], [193122.54775019674, 8737252.532608321], [193122.4371343257, 8737252.643224193], [193122.36611456473, 8737252.782608321], [193122.34625602743, 8737252.907990191], [193122.25372047076, 8737252.815454634], [193122.1143363418, 8737252.744434873], [193121.9598278446, 8737252.719963131], [193121.80531934742, 8737252.744434873], [193121.7893675622, 8737252.752562713], [193121.80311140133, 8737252.72558891], [193121.82758314317, 8737252.571080413], [193121.80311140133, 8737252.416571915], [193121.73209164036, 8737252.277187787], [193121.62147576932, 8737252.166571915], [193121.48209164036, 8737252.095552154], [193121.32758314317, 8737252.071080413], [193121.17307464598, 8737252.095552154], [193121.033690517, 8737252.166571915], [193120.92307464598, 8737252.277187787]]]}, "properties": {"class_id": 4}}, {"type": "Feature", "geometry": {"type": "Polygon", "coordinates": [[[193112.88106147226, 8737252.76554058], [193112.77044560123, 8737252.876156451], [193112.69942584026, 8737253.01554058], [193112.67495409842, 8737253.170049077], [193112.69942584026, 8737253.324557574], [193112.77044560123, 8737253.463941703], [193112.88106147226, 8737253.574557574], [193113.02044560123, 8737253.645577336], [193113.17495409842, 8737253.670049077], [193113.3294625956, 8737253.645577336], [193113.46884672457, 8737253.574557574], [193113.5794625956, 8737253.463941703], [193113.65048235658, 8737253.324557574], [193113.67495409842, 8737253.170049077], [193113.65048235658, 8737253.01554058], [193113.5794625956, 8737252.876156451], [193113.46884672457, 8737252.76554058], [193113.3294625956, 8737252.694520818], [193113.17495409842, 8737252.670049077], [193113.02044560123, 8737252.694520818], [193112.88106147226, 8737252.76554058]]]}, "properties": {"class_id": 4}}, {"type": "Feature", "geometry": {"type": "Polygon", "coordinates": [[[193113.23631011808, 8737253.87443756], [193113.1652903571, 8737254.013821688], [193113.14081861527, 8737254.168330185], [193113.1652903571, 8737254.322838683], [193113.23631011808, 8737254.46222281], [193113.3469259891, 8737254.572838683], [193113.48631011808, 8737254.643858444], [193113.64081861527, 8737254.668330185], [193113.79532711246, 8737254.643858444], [193113.93471124143, 8737254.572838683], [193114.04532711246, 8737254.46222281], [193114.11634687343, 8737254.322838683], [193114.14081861527, 8737254.168330185], [193114.11634687343, 8737254.013821688], [193114.04532711246, 8737253.87443756], [193113.93471124143, 8737253.763821688], [193113.79532711246, 8737253.692801926], [193113.64081861527, 8737253.668330185], [193113.48631011808, 8737253.692801926], [193113.3469259891, 8737253.763821688], [193113.23631011808, 8737253.87443756]]]}, "properties": {"class_id": 4}}, {"type": "Feature", "geometry": {"type": "Polygon", "coordinates": [[[192965.2067073362, 8737273.256004654], [192965.09609146518, 8737273.366620526], [192965.0250717042, 8737273.506004654], [192965.00059996237, 8737273.660513151], [192965.0250717042, 8737273.815021649], [192965.09609146518, 8737273.954405777], [192965.2067073362, 8737274.065021649], [192965.34609146518, 8737274.13604141], [192965.50059996237, 8737274.160513151], [192965.65510845956, 8737274.13604141], [192965.79449258852, 8737274.065021649], [192965.90510845956, 8737273.954405777], [192965.97612822053, 8737273.815021649], [192966.00059996237, 8737273.660513151], [192965.97612822053, 8737273.506004654], [192965.90510845956, 8737273.366620526], [192965.79449258852, 8737273.256004654], [192965.65510845956, 8737273.184984893], [192965.50059996237, 8737273.160513151], [192965.34609146518, 8737273.184984893], [192965.2067073362, 8737273.256004654]]]}, "properties": {"class_id": 4}}, {"type": "Feature", "geometry": {"type": "Polygon", "coordinates": [[[192993.13060061677, 8737282.773598012], [192993.0595808558, 8737282.91298214], [192993.03510911396, 8737283.067490637], [192993.0595808558, 8737283.221999135], [192993.13060061677, 8737283.361383263], [192993.2412164878, 8737283.471999135], [192993.38060061677, 8737283.543018896], [192993.53510911396, 8737283.567490637], [192993.68961761115, 8737283.543018896], [192993.82900174012, 8737283.471999135], [192993.93961761115, 8737283.361383263], [192994.01063737212, 8737283.221999135], [192994.03510911396, 8737283.067490637], [192994.01063737212, 8737282.91298214], [192993.93961761115, 8737282.773598012], [192993.82900174012, 8737282.66298214], [192993.68961761115, 8737282.591962378], [192993.53510911396, 8737282.567490637], [192993.38060061677, 8737282.591962378], [192993.2412164878, 8737282.66298214], [192993.13060061677, 8737282.773598012]]]}, "properties": {"class_id": 4}}, {"type": "Feature", "geometry": {"type": "Polygon", "coordinates": [[[192976.49810786484, 8737289.168096995], [192976.42708810387, 8737289.307481123], [192976.40261636203, 8737289.46198962], [192976.42708810387, 8737289.616498118], [192976.49810786484, 8737289.755882246], [192976.60872373587, 8737289.866498118], [192976.74810786484, 8737289.93751788], [192976.90261636203, 8737289.96198962], [192977.05712485922, 8737289.93751788], [192977.19650898819, 8737289.866498118], [192977.30712485922, 8737289.755882246], [192977.3781446202, 8737289.616498118], [192977.40261636203, 8737289.46198962], [192977.3781446202, 8737289.307481123], [192977.30712485922, 8737289.168096995], [192977.19650898819, 8737289.057481123], [192977.05712485922, 8737288.986461362], [192976.90261636203, 8737288.96198962], [192976.74810786484, 8737288.986461362], [192976.60872373587, 8737289.057481123], [192976.49810786484, 8737289.168096995]]]}, "properties": {"class_id": 4}}, {"type": "Feature", "geometry": {"type": "Polygon", "coordinates": [[[192989.41475719228, 8737295.001496445], [192989.30414132125, 8737295.112112317], [192989.23312156028, 8737295.251496445], [192989.20864981844, 8737295.406004943], [192989.23312156028, 8737295.56051344], [192989.30414132125, 8737295.699897569], [192989.41475719228, 8737295.81051344], [192989.55414132125, 8737295.881533202], [192989.70864981844, 8737295.906004943], [192989.86315831562, 8737295.881533202], [192990.0025424446, 8737295.81051344], [192990.11315831562, 8737295.699897569], [192990.1841780766, 8737295.56051344], [192990.20864981844, 8737295.406004943], [192990.1841780766, 8737295.251496445], [192990.11315831562, 8737295.112112317], [192990.0025424446, 8737295.001496445], [192989.86315831562, 8737294.930476684], [192989.70864981844, 8737294.906004943], [192989.55414132125, 8737294.930476684], [192989.41475719228, 8737295.001496445]]]}, "properties": {"class_id": 4}}, {"type": "Feature", "geometry": {"type": "Polygon", "coordinates": [[[193001.63259315785, 8737295.35881687], [193001.56157339687, 8737295.498200998], [193001.53710165503, 8737295.652709495], [193001.56157339687, 8737295.807217993], [193001.63259315785, 8737295.946602121], [193001.74320902888, 8737296.057217993], [193001.88259315785, 8737296.128237754], [193002.03710165503, 8737296.152709495], [193002.19161015222, 8737296.128237754], [193002.3309942812, 8737296.057217993], [193002.44161015222, 8737295.946602121], [193002.5126299132, 8737295.807217993], [193002.53710165503, 8737295.652709495], [193002.5126299132, 8737295.498200998], [193002.44161015222, 8737295.35881687], [193002.3309942812, 8737295.248200998], [193002.19161015222, 8737295.177181236], [193002.03710165503, 8737295.152709495], [193001.88259315785, 8737295.177181236], [193001.74320902888, 8737295.248200998], [193001.63259315785, 8737295.35881687]]]}, "properties": {"class_id": 4}}, {"type": "Feature", "geometry": {"type": "Polygon", "coordinates": [[[193002.6863286226, 8737296.613178186], [193002.61530886163, 8737296.752562314], [193002.5908371198, 8737296.907070812], [193002.61530886163, 8737297.06157931], [193002.6863286226, 8737297.200963438], [193002.79694449363, 8737297.31157931], [193002.9363286226, 8737297.38259907], [193003.0908371198, 8737297.407070812], [193003.24534561698, 8737297.38259907], [193003.38472974594, 8737297.31157931], [193003.49534561698, 8737297.200963438], [193003.56636537795, 8737297.06157931], [193003.5908371198, 8737296.907070812], [193003.56636537795, 8737296.752562314], [193003.49534561698, 8737296.613178186], [193003.38472974594, 8737296.502562314], [193003.24534561698, 8737296.431542553], [193003.0908371198, 8737296.407070812], [193002.9363286226, 8737296.431542553], [193002.79694449363, 8737296.502562314], [193002.6863286226, 8737296.613178186]]]}, "properties": {"class_id": 4}}, {"type": "Feature", "geometry": {"type": "Polygon", "coordinates": [[[192966.5741444692, 8737312.017063161], [192966.46352859816, 8737312.127679033], [192966.3925088372, 8737312.267063161], [192966.36803709535, 8737312.421571659], [192966.3925088372, 8737312.576080156], [192966.46352859816, 8737312.715464285], [192966.5741444692, 8737312.826080156], [192966.71352859816, 8737312.897099918], [192966.86803709535, 8737312.921571659], [192967.02254559254, 8737312.897099918], [192967.1619297215, 8737312.826080156], [192967.27254559254, 8737312.715464285], [192967.3435653535, 8737312.576080156], [192967.36803709535, 8737312.421571659], [192967.3435653535, 8737312.267063161], [192967.27254559254, 8737312.127679033], [192967.1619297215, 8737312.017063161], [192967.02254559254, 8737311.9460434], [192966.86803709535, 8737311.921571659], [192966.71352859816, 8737311.9460434], [192966.5741444692, 8737312.017063161]]]}, "properties": {"class_id": 4}}, {"type": "Feature", "geometry": {"type": "Polygon", "coordinates": [[[192942.94344284866, 8737328.06729377], [192942.83282697762, 8737328.177909642], [192942.76180721665, 8737328.31729377], [192942.7373354748, 8737328.471802268], [192942.76180721665, 8737328.626310766], [192942.83282697762, 8737328.765694894], [192942.94344284866, 8737328.876310766], [192943.08282697762, 8737328.947330527], [192943.2373354748, 8737328.971802268], [192943.391843972, 8737328.947330527], [192943.53122810097, 8737328.876310766], [192943.641843972, 8737328.765694894], [192943.71286373297, 8737328.626310766], [192943.7373354748, 8737328.471802268], [192943.71286373297, 8737328.31729377], [192943.641843972, 8737328.177909642], [192943.53122810097, 8737328.06729377], [192943.391843972, 8737327.99627401], [192943.2373354748, 8737327.971802268], [192943.08282697762, 8737327.99627401], [192942.94344284866, 8737328.06729377]]]}, "properties": {"class_id": 4}}, {"type": "Feature", "geometry": {"type": "Polygon", "coordinates": [[[192944.01344480793, 8737330.140315056], [192943.9028289369, 8737330.250930928], [192943.83180917593, 8737330.390315056], [192943.8073374341, 8737330.544823553], [192943.83180917593, 8737330.699332051], [192943.9028289369, 8737330.83871618], [192944.01344480793, 8737330.949332051], [192944.1528289369, 8737331.020351812], [192944.3073374341, 8737331.044823553], [192944.46184593128, 8737331.020351812], [192944.60123006025, 8737330.949332051], [192944.71184593128, 8737330.83871618], [192944.78286569225, 8737330.699332051], [192944.8073374341, 8737330.544823553], [192944.78286569225, 8737330.390315056], [192944.71184593128, 8737330.250930928], [192944.60123006025, 8737330.140315056], [192944.46184593128, 8737330.069295295], [192944.3073374341, 8737330.044823553], [192944.1528289369, 8737330.069295295], [192944.01344480793, 8737330.140315056]]]}, "properties": {"class_id": 4}}, {"type": "Feature", "geometry": {"type": "Polygon", "coordinates": [[[192950.73385941025, 8737364.371013071], [192950.66283964927, 8737364.5103972], [192950.63836790744, 8737364.664905697], [192950.66283964927, 8737364.819414195], [192950.73385941025, 8737364.958798323], [192950.84447528128, 8737365.069414195], [192950.98385941025, 8737365.140433956], [192951.13836790744, 8737365.164905697], [192951.29287640462, 8737365.140433956], [192951.4322605336, 8737365.069414195], [192951.54287640462, 8737364.958798323], [192951.6138961656, 8737364.819414195], [192951.63836790744, 8737364.664905697], [192951.6138961656, 8737364.5103972], [192951.54287640462, 8737364.371013071], [192951.4322605336, 8737364.2603972], [192951.29287640462, 8737364.189377438], [192951.13836790744, 8737364.164905697], [192950.98385941025, 8737364.189377438], [192950.84447528128, 8737364.2603972], [192950.73385941025, 8737364.371013071]]]}, "properties": {"class_id": 4}}, {"type": "Feature", "geometry": {"type": "Polygon", "coordinates": [[[192949.2086945861, 8737368.415944265], [192949.13767482512, 8737368.555328393], [192949.11320308328, 8737368.70983689], [192949.13767482512, 8737368.864345388], [192949.2086945861, 8737369.003729517], [192949.31931045713, 8737369.114345388], [192949.4586945861, 8737369.18536515], [192949.61320308328, 8737369.20983689], [192949.76771158047, 8737369.18536515], [192949.90709570944, 8737369.114345388], [192950.01771158047, 8737369.003729517], [192950.08873134144, 8737368.864345388], [192950.11320308328, 8737368.70983689], [192950.08873134144, 8737368.555328393], [192950.01771158047, 8737368.415944265], [192949.90709570944, 8737368.305328393], [192949.76771158047, 8737368.234308632], [192949.61320308328, 8737368.20983689], [192949.4586945861, 8737368.234308632], [192949.31931045713, 8737368.305328393], [192949.2086945861, 8737368.415944265]]]}, "properties": {"class_id": 4}}, {"type": "Feature", "geometry": {"type": "Polygon", "coordinates": [[[192946.6184191217, 8737368.692414489], [192946.50780325066, 8737368.80303036], [192946.43678348968, 8737368.942414489], [192946.41231174784, 8737369.096922986], [192946.43678348968, 8737369.251431484], [192946.50780325066, 8737369.390815612], [192946.6184191217, 8737369.501431484], [192946.75780325066, 8737369.572451245], [192946.91231174784, 8737369.596922986], [192947.06682024503, 8737369.572451245], [192947.206204374, 8737369.501431484], [192947.31682024503, 8737369.390815612], [192947.387840006, 8737369.251431484], [192947.41231174784, 8737369.096922986], [192947.387840006, 8737368.942414489], [192947.31682024503, 8737368.80303036], [192947.206204374, 8737368.692414489], [192947.06682024503, 8737368.621394727], [192946.91231174784, 8737368.596922986], [192946.75780325066, 8737368.621394727], [192946.6184191217, 8737368.692414489]]]}, "properties": {"class_id": 4}}, {"type": "Feature", "geometry": {"type": "Polygon", "coordinates": [[[192951.89076378368, 8737375.779865438], [192951.8197440227, 8737375.919249566], [192951.79527228087, 8737376.073758064], [192951.8197440227, 8737376.228266561], [192951.89076378368, 8737376.36765069], [192952.0013796547, 8737376.478266561], [192952.14076378368, 8737376.549286323], [192952.29527228087, 8737376.573758064], [192952.44978077806, 8737376.549286323], [192952.58916490703, 8737376.478266561], [192952.69978077806, 8737376.36765069], [192952.77080053903, 8737376.228266561], [192952.79527228087, 8737376.073758064], [192952.77080053903, 8737375.919249566], [192952.69978077806, 8737375.779865438], [192952.58916490703, 8737375.669249566], [192952.44978077806, 8737375.598229805], [192952.29527228087, 8737375.573758064], [192952.14076378368, 8737375.598229805], [192952.0013796547, 8737375.669249566], [192951.89076378368, 8737375.779865438]]]}, "properties": {"class_id": 4}}, {"type": "Feature", "geometry": {"type": "Polygon", "coordinates": [[[192962.66719532784, 8737386.160883078], [192962.59617556687, 8737386.300267207], [192962.57170382503, 8737386.454775704], [192962.59617556687, 8737386.609284202], [192962.66719532784, 8737386.74866833], [192962.77781119887, 8737386.859284202], [192962.91719532784, 8737386.930303963], [192963.07170382503, 8737386.954775704], [192963.22621232222, 8737386.930303963], [192963.36559645119, 8737386.859284202], [192963.47621232222, 8737386.74866833], [192963.5472320832, 8737386.609284202], [192963.57170382503, 8737386.454775704], [192963.5472320832, 8737386.300267207], [192963.47621232222, 8737386.160883078], [192963.36559645119, 8737386.050267207], [192963.22621232222, 8737385.979247445], [192963.07170382503, 8737385.954775704], [192962.91719532784, 8737385.979247445], [192962.77781119887, 8737386.050267207], [192962.66719532784, 8737386.160883078]]]}, "properties": {"class_id": 4}}, {"type": "Feature", "geometry": {"type": "Polygon", "coordinates": [[[192963.02346541247, 8737387.362254241], [192962.91284954143, 8737387.472870113], [192962.84182978046, 8737387.612254241], [192962.81735803862, 8737387.766762739], [192962.84182978046, 8737387.921271237], [192962.91284954143, 8737388.060655365], [192963.02346541247, 8737388.171271237], [192963.16284954143, 8737388.242290998], [192963.31735803862, 8737388.266762739], [192963.4718665358, 8737388.242290998], [192963.61125066478, 8737388.171271237], [192963.7218665358, 8737388.060655365], [192963.79288629678, 8737387.921271237], [192963.81735803862, 8737387.766762739], [192963.79288629678, 8737387.612254241], [192963.7218665358, 8737387.472870113], [192963.61125066478, 8737387.362254241], [192963.4718665358, 8737387.29123448], [192963.31735803862, 8737387.266762739], [192963.16284954143, 8737387.29123448], [192963.02346541247, 8737387.362254241]]]}, "properties": {"class_id": 4}}, {"type": "Feature", "geometry": {"type": "Polygon", "coordinates": [[[192962.74045684034, 8737396.069530949], [192962.66943707937, 8737396.208915077], [192962.64496533753, 8737396.363423575], [192962.66943707937, 8737396.517932072], [192962.74045684034, 8737396.6573162], [192962.85107271138, 8737396.767932072], [192962.99045684034, 8737396.838951834], [192963.14496533753, 8737396.863423575], [192963.29947383472, 8737396.838951834], [192963.4388579637, 8737396.767932072], [192963.54947383472, 8737396.6573162], [192963.6204935957, 8737396.517932072], [192963.64496533753, 8737396.363423575], [192963.6204935957, 8737396.208915077], [192963.54947383472, 8737396.069530949], [192963.4388579637, 8737395.958915077], [192963.29947383472, 8737395.887895316], [192963.14496533753, 8737395.863423575], [192962.99045684034, 8737395.887895316], [192962.85107271138, 8737395.958915077], [192962.74045684034, 8737396.069530949]]]}, "properties": {"class_id": 4}}, {"type": "Feature", "geometry": {"type": "Polygon", "coordinates": [[[192973.92977302647, 8737397.205512669], [192973.8587532655, 8737397.344896797], [192973.83428152365, 8737397.499405295], [192973.8587532655, 8737397.653913792], [192973.92977302647, 8737397.79329792], [192974.0403888975, 8737397.903913792], [192974.17977302647, 8737397.974933553], [192974.33428152365, 8737397.999405295], [192974.48879002084, 8737397.974933553], [192974.6281741498, 8737397.903913792], [192974.73879002084, 8737397.79329792], [192974.80980978181, 8737397.653913792], [192974.83428152365, 8737397.499405295], [192974.80980978181, 8737397.344896797], [192974.73879002084, 8737397.205512669], [192974.6281741498, 8737397.094896797], [192974.48879002084, 8737397.023877036], [192974.33428152365, 8737396.999405295], [192974.17977302647, 8737397.023877036], [192974.0403888975, 8737397.094896797], [192973.92977302647, 8737397.205512669]]]}, "properties": {"class_id": 4}}, {"type": "Feature", "geometry": {"type": "Polygon", "coordinates": [[[192960.59435134308, 8737403.819127986], [192960.48373547205, 8737403.929743858], [192960.41271571108, 8737404.069127986], [192960.38824396924, 8737404.223636484], [192960.41271571108, 8737404.378144981], [192960.48373547205, 8737404.51752911], [192960.59435134308, 8737404.628144981], [192960.73373547205, 8737404.699164743], [192960.88824396924, 8737404.723636484], [192961.04275246643, 8737404.699164743], [192961.1821365954, 8737404.628144981], [192961.29275246643, 8737404.51752911], [192961.3637722274, 8737404.378144981], [192961.38824396924, 8737404.223636484], [192961.3637722274, 8737404.069127986], [192961.29275246643, 8737403.929743858], [192961.1821365954, 8737403.819127986], [192961.04275246643, 8737403.748108225], [192960.88824396924, 8737403.723636484], [192960.73373547205, 8737403.748108225], [192960.59435134308, 8737403.819127986]]]}, "properties": {"class_id": 4}}, {"type": "Feature", "geometry": {"type": "Polygon", "coordinates": [[[193037.09077089126, 8737410.86217087], [193037.01975113028, 8737411.001554998], [193036.99527938844, 8737411.156063495], [193037.01975113028, 8737411.310571993], [193037.09077089126, 8737411.44995612], [193037.2013867623, 8737411.560571993], [193037.34077089126, 8737411.631591754], [193037.49527938844, 8737411.656063495], [193037.64978788563, 8737411.631591754], [193037.7891720146, 8737411.560571993], [193037.89978788563, 8737411.44995612], [193037.9708076466, 8737411.310571993], [193037.99527938844, 8737411.156063495], [193037.9708076466, 8737411.001554998], [193037.89978788563, 8737410.86217087], [193037.7891720146, 8737410.751554998], [193037.64978788563, 8737410.680535236], [193037.49527938844, 8737410.656063495], [193037.34077089126, 8737410.680535236], [193037.2013867623, 8737410.751554998], [193037.09077089126, 8737410.86217087]]]}, "properties": {"class_id": 4}}, {"type": "Feature", "geometry": {"type": "Polygon", "coordinates": [[[192996.1673676458, 8737411.495753808], [192996.09634788483, 8737411.635137936], [192996.071876143, 8737411.789646434], [192996.09634788483, 8737411.944154931], [192996.1673676458, 8737412.08353906], [192996.27798351683, 8737412.194154931], [192996.4173676458, 8737412.265174692], [192996.571876143, 8737412.289646434], [192996.72638464018, 8737412.265174692], [192996.86576876914, 8737412.194154931], [192996.97638464018, 8737412.08353906], [192997.04740440115, 8737411.944154931], [192997.071876143, 8737411.789646434], [192997.04740440115, 8737411.635137936], [192996.97638464018, 8737411.495753808], [192996.86576876914, 8737411.385137936], [192996.72638464018, 8737411.314118175], [192996.571876143, 8737411.289646434], [192996.4173676458, 8737411.314118175], [192996.27798351683, 8737411.385137936], [192996.1673676458, 8737411.495753808]]]}, "properties": {"class_id": 4}}, {"type": "Feature", "geometry": {"type": "Polygon", "coordinates": [[[193026.05777711325, 8737413.221529739], [193025.94716124222, 8737413.33214561], [193025.87614148125, 8737413.471529739], [193025.8516697394, 8737413.626038237], [193025.87614148125, 8737413.780546734], [193025.94716124222, 8737413.919930862], [193026.05777711325, 8737414.030546734], [193026.19716124222, 8737414.101566495], [193026.3516697394, 8737414.126038237], [193026.5061782366, 8737414.101566495], [193026.64556236556, 8737414.030546734], [193026.7561782366, 8737413.919930862], [193026.82719799757, 8737413.780546734], [193026.8516697394, 8737413.626038237], [193026.82719799757, 8737413.471529739], [193026.7561782366, 8737413.33214561], [193026.64556236556, 8737413.221529739], [193026.5061782366, 8737413.150509978], [193026.3516697394, 8737413.126038237], [193026.19716124222, 8737413.150509978], [193026.05777711325, 8737413.221529739]]]}, "properties": {"class_id": 4}}, {"type": "Feature", "geometry": {"type": "Polygon", "coordinates": [[[193190.8240681206, 8736967.309745114], [193190.75304835962, 8736967.449129242], [193190.72857661778, 8736967.60363774], [193190.75304835962, 8736967.758146238], [193190.8240681206, 8736967.897530366], [193190.93468399163, 8736968.008146238], [193191.0740681206, 8736968.079165999], [193191.22857661778, 8736968.10363774], [193191.38308511497, 8736968.079165999], [193191.52246924394, 8736968.008146238], [193191.63308511497, 8736967.897530366], [193191.70410487594, 8736967.758146238], [193191.72857661778, 8736967.60363774], [193191.70410487594, 8736967.449129242], [193191.63308511497, 8736967.309745114], [193191.52246924394, 8736967.199129242], [193191.38308511497, 8736967.128109481], [193191.22857661778, 8736967.10363774], [193191.0740681206, 8736967.128109481], [193190.93468399163, 8736967.199129242], [193190.8240681206, 8736967.309745114]]]}, "properties": {"class_id": 4}}, {"type": "Feature", "geometry": {"type": "Polygon", "coordinates": [[[193168.0890274409, 8736980.974649856], [193168.01800767993, 8736981.114033984], [193167.9935359381, 8736981.268542482], [193168.01800767993, 8736981.42305098], [193168.0890274409, 8736981.562435107], [193168.19964331193, 8736981.67305098], [193168.3390274409, 8736981.74407074], [193168.4935359381, 8736981.768542482], [193168.64804443528, 8736981.74407074], [193168.78742856425, 8736981.67305098], [193168.89804443528, 8736981.562435107], [193168.96906419625, 8736981.42305098], [193168.9935359381, 8736981.268542482], [193168.96906419625, 8736981.114033984], [193168.89804443528, 8736980.974649856], [193168.78742856425, 8736980.864033984], [193168.64804443528, 8736980.793014223], [193168.4935359381, 8736980.768542482], [193168.3390274409, 8736980.793014223], [193168.19964331193, 8736980.864033984], [193168.0890274409, 8736980.974649856]]]}, "properties": {"class_id": 4}}, {"type": "Feature", "geometry": {"type": "Polygon", "coordinates": [[[193172.65269644032, 8736982.56476485], [193172.54208056928, 8736982.675380722], [193172.4710608083, 8736982.81476485], [193172.44658906647, 8736982.969273347], [193172.4710608083, 8736983.123781845], [193172.54208056928, 8736983.263165973], [193172.65269644032, 8736983.373781845], [193172.79208056928, 8736983.444801606], [193172.94658906647, 8736983.469273347], [193173.10109756366, 8736983.444801606], [193173.24048169263, 8736983.373781845], [193173.35109756366, 8736983.263165973], [193173.42211732463, 8736983.123781845], [193173.44658906647, 8736982.969273347], [193173.42211732463, 8736982.81476485], [193173.35109756366, 8736982.675380722], [193173.24048169263, 8736982.56476485], [193173.10109756366, 8736982.493745089], [193172.94658906647, 8736982.469273347], [193172.79208056928, 8736982.493745089], [193172.65269644032, 8736982.56476485]]]}, "properties": {"class_id": 4}}, {"type": "Feature", "geometry": {"type": "Polygon", "coordinates": [[[193160.10669422577, 8736983.475351281], [193160.0356744648, 8736983.61473541], [193160.01120272296, 8736983.769243907], [193160.0356744648, 8736983.923752405], [193160.10669422577, 8736984.063136533], [193160.2173100968, 8736984.173752405], [193160.35669422577, 8736984.244772166], [193160.51120272296, 8736984.269243907], [193160.66571122015, 8736984.244772166], [193160.80509534912, 8736984.173752405], [193160.91571122015, 8736984.063136533], [193160.98673098112, 8736983.923752405], [193161.01120272296, 8736983.769243907], [193160.98673098112, 8736983.61473541], [193160.91571122015, 8736983.475351281], [193160.80509534912, 8736983.36473541], [193160.66571122015, 8736983.293715648], [193160.51120272296, 8736983.269243907], [193160.35669422577, 8736983.293715648], [193160.2173100968, 8736983.36473541], [193160.10669422577, 8736983.475351281]]]}, "properties": {"class_id": 4}}, {"type": "Feature", "geometry": {"type": "Polygon", "coordinates": [[[193141.0732641795, 8736986.421142519], [193141.00224441852, 8736986.560526647], [193140.97777267668, 8736986.715035144], [193141.00224441852, 8736986.869543642], [193141.0732641795, 8736987.00892777], [193141.18388005052, 8736987.119543642], [193141.3232641795, 8736987.190563403], [193141.47777267668, 8736987.215035144], [193141.63228117386, 8736987.190563403], [193141.77166530283, 8736987.119543642], [193141.88228117386, 8736987.00892777], [193141.95330093484, 8736986.869543642], [193141.97777267668, 8736986.715035144], [193141.95330093484, 8736986.560526647], [193141.88228117386, 8736986.421142519], [193141.77166530283, 8736986.310526647], [193141.63228117386, 8736986.239506885], [193141.47777267668, 8736986.215035144], [193141.3232641795, 8736986.239506885], [193141.18388005052, 8736986.310526647], [193141.0732641795, 8736986.421142519]]]}, "properties": {"class_id": 4}}, {"type": "Feature", "geometry": {"type": "Polygon", "coordinates": [[[193143.90021543225, 8736990.977810927], [193143.78959956122, 8736991.088426799], [193143.71857980025, 8736991.227810927], [193143.6941080584, 8736991.382319424], [193143.71857980025, 8736991.536827922], [193143.78959956122, 8736991.67621205], [193143.90021543225, 8736991.786827922], [193144.03959956122, 8736991.857847683], [193144.1941080584, 8736991.882319424], [193144.3486165556, 8736991.857847683], [193144.48800068456, 8736991.786827922], [193144.5986165556, 8736991.67621205], [193144.66963631657, 8736991.536827922], [193144.6941080584, 8736991.382319424], [193144.66963631657, 8736991.227810927], [193144.5986165556, 8736991.088426799], [193144.48800068456, 8736990.977810927], [193144.3486165556, 8736990.906791165], [193144.1941080584, 8736990.882319424], [193144.03959956122, 8736990.906791165], [193143.90021543225, 8736990.977810927]]]}, "properties": {"class_id": 4}}, {"type": "Feature", "geometry": {"type": "Polygon", "coordinates": [[[193148.71428824085, 8736992.86740922], [193148.64326847988, 8736993.006793348], [193148.61879673804, 8736993.161301846], [193148.64326847988, 8736993.315810343], [193148.71428824085, 8736993.455194471], [193148.82490411188, 8736993.565810343], [193148.96428824085, 8736993.636830105], [193149.11879673804, 8736993.661301846], [193149.27330523523, 8736993.636830105], [193149.4126893642, 8736993.565810343], [193149.52330523523, 8736993.455194471], [193149.5943249962, 8736993.315810343], [193149.61879673804, 8736993.161301846], [193149.5943249962, 8736993.006793348], [193149.52330523523, 8736992.86740922], [193149.4126893642, 8736992.756793348], [193149.27330523523, 8736992.685773587], [193149.11879673804, 8736992.661301846], [193148.96428824085, 8736992.685773587], [193148.82490411188, 8736992.756793348], [193148.71428824085, 8736992.86740922]]]}, "properties": {"class_id": 4}}, {"type": "Feature", "geometry": {"type": "Polygon", "coordinates": [[[193184.7465134532, 8737248.35893444], [193184.67549369222, 8737248.498318568], [193184.65102195038, 8737248.652827065], [193184.67549369222, 8737248.807335563], [193184.7465134532, 8737248.946719691], [193184.8198486381, 8737249.020054877], [193184.81740213497, 8737249.03550149], [193184.8418738768, 8737249.190009987], [193184.91289363778, 8737249.329394115], [193185.0235095088, 8737249.440009987], [193185.16289363778, 8737249.511029748], [193185.31740213497, 8737249.53550149], [193185.47191063216, 8737249.511029748], [193185.61129476113, 8737249.440009987], [193185.72191063216, 8737249.329394115], [193185.79293039313, 8737249.190009987], [193185.81740213497, 8737249.03550149], [193185.79293039313, 8737248.880992992], [193185.72191063216, 8737248.741608864], [193185.64857544727, 8737248.668273678], [193185.65102195038, 8737248.652827065], [193185.62655020854, 8737248.498318568], [193185.55553044757, 8737248.35893444], [193185.44491457654, 8737248.248318568], [193185.30553044757, 8737248.177298807], [193185.15102195038, 8737248.152827065], [193184.9965134532, 8737248.177298807], [193184.85712932423, 8737248.248318568], [193184.7465134532, 8737248.35893444]]]}, "properties": {"class_id": 4}}, {"type": "Feature", "geometry": {"type": "Polygon", "coordinates": [[[193185.5559260995, 8737249.546084007], [193185.44531022848, 8737249.65669988], [193185.3742904675, 8737249.796084007], [193185.34981872566, 8737249.950592505], [193185.3742904675, 8737250.105101002], [193185.44531022848, 8737250.24448513], [193185.5559260995, 8737250.355101002], [193185.69531022848, 8737250.426120764], [193185.84981872566, 8737250.450592505], [193186.00432722285, 8737250.426120764], [193186.14371135182, 8737250.355101002], [193186.25432722285, 8737250.24448513], [193186.32534698382, 8737250.105101002], [193186.34981872566, 8737249.950592505], [193186.32534698382, 8737249.796084007], [193186.25432722285, 8737249.65669988], [193186.14371135182, 8737249.546084007], [193186.00432722285, 8737249.475064246], [193185.84981872566, 8737249.450592505], [193185.69531022848, 8737249.475064246], [193185.5559260995, 8737249.546084007]]]}, "properties": {"class_id": 4}}, {"type": "Feature", "geometry": {"type": "Polygon", "coordinates": [[[193143.8776898607, 8737249.687507166], [193143.76707398967, 8737249.798123037], [193143.6960542287, 8737249.937507166], [193143.67158248686, 8737250.092015663], [193143.6960542287, 8737250.24652416], [193143.76707398967, 8737250.385908289], [193143.8776898607, 8737250.49652416], [193144.01707398967, 8737250.567543922], [193144.11338805864, 8737250.582798572], [193144.12864270862, 8737250.679112641], [193144.1996624696, 8737250.81849677], [193144.31027834062, 8737250.929112641], [193144.4496624696, 8737251.000132402], [193144.60417096678, 8737251.024604144], [193144.75867946396, 8737251.000132402], [193144.89806359293, 8737250.929112641], [193145.00867946396, 8737250.81849677], [193145.07969922494, 8737250.679112641], [193145.10417096678, 8737250.524604144], [193145.07969922494, 8737250.370095646], [193145.00867946396, 8737250.230711518], [193144.89806359293, 8737250.120095646], [193144.75867946396, 8737250.049075885], [193144.662365395, 8737250.033821234], [193144.64711074502, 8737249.937507166], [193144.57609098405, 8737249.798123037], [193144.46547511301, 8737249.687507166], [193144.32609098405, 8737249.616487404], [193144.17158248686, 8737249.592015663], [193144.01707398967, 8737249.616487404], [193143.8776898607, 8737249.687507166]]]}, "properties": {"class_id": 4}}, {"type": "Feature", "geometry": {"type": "Polygon", "coordinates": [[[193186.37703926218, 8737251.761409216], [193186.3060195012, 8737251.900793344], [193186.28154775937, 8737252.055301841], [193186.3060195012, 8737252.209810339], [193186.37703926218, 8737252.349194467], [193186.4876551332, 8737252.459810339], [193186.62703926218, 8737252.5308301], [193186.69942226782, 8737252.54229444], [193186.69749822083, 8737252.554442396], [193186.72196996267, 8737252.708950894], [193186.79298972365, 8737252.848335022], [193186.90360559468, 8737252.958950894], [193187.04298972365, 8737253.029970655], [193187.19749822083, 8737253.054442396], [193187.35200671802, 8737253.029970655], [193187.491390847, 8737252.958950894], [193187.60200671802, 8737252.848335022], [193187.673026479, 8737252.708950894], [193187.69749822083, 8737252.554442396], [193187.673026479, 8737252.399933899], [193187.60200671802, 8737252.26054977], [193187.491390847, 8737252.149933899], [193187.35200671802, 8737252.078914138], [193187.27962371238, 8737252.067449797], [193187.28154775937, 8737252.055301841], [193187.25707601753, 8737251.900793344], [193187.18605625656, 8737251.761409216], [193187.07544038552, 8737251.650793344], [193186.93605625656, 8737251.579773583], [193186.78154775937, 8737251.555301841], [193186.62703926218, 8737251.579773583], [193186.4876551332, 8737251.650793344], [193186.37703926218, 8737251.761409216]]]}, "properties": {"class_id": 4}}, {"type": "Feature", "geometry": {"type": "Polygon", "coordinates": [[[193189.51577449267, 8737251.950277677], [193189.40515862164, 8737252.060893549], [193189.33413886066, 8737252.200277677], [193189.30966711883, 8737252.354786174], [193189.33413886066, 8737252.509294672], [193189.40515862164, 8737252.6486788], [193189.51577449267, 8737252.759294672], [193189.65515862164, 8737252.830314433], [193189.80966711883, 8737252.854786174], [193189.82888518585, 8737252.851742331], [193189.80447106465, 8737252.876156453], [193189.73345130368, 8737253.015540581], [193189.70897956184, 8737253.170049079], [193189.73345130368, 8737253.324557576], [193189.80447106465, 8737253.463941704], [193189.91508693568, 8737253.574557576], [193190.05447106465, 8737253.645577338], [193190.20897956184, 8737253.670049079], [193190.36348805903, 8737253.645577338], [193190.502872188, 8737253.574557576], [193190.61348805903, 8737253.463941704], [193190.68450782, 8737253.324557576], [193190.70897956184, 8737253.170049079], [193190.68450782, 8737253.015540581], [193190.61348805903, 8737252.876156453], [193190.502872188, 8737252.765540581], [193190.36348805903, 8737252.69452082], [193190.20897956184, 8737252.670049079], [193190.1897614948, 8737252.673092922], [193190.214175616, 8737252.6486788], [193190.285195377, 8737252.509294672], [193190.30966711883, 8737252.354786174], [193190.285195377, 8737252.200277677], [193190.214175616, 8737252.060893549], [193190.10355974498, 8737251.950277677], [193189.964175616, 8737251.879257916], [193189.80966711883, 8737251.854786174], [193189.65515862164, 8737251.879257916], [193189.51577449267, 8737251.950277677]]]}, "properties": {"class_id": 4}}, {"type": "Feature", "geometry": {"type": "Polygon", "coordinates": [[[193186.89281783436, 8737484.01150888], [193186.8217980734, 8737484.150893008], [193186.79732633155, 8737484.305401506], [193186.8217980734, 8737484.459910003], [193186.89281783436, 8737484.599294132], [193187.0034337054, 8737484.709910003], [193187.14281783436, 8737484.780929765], [193187.29732633155, 8737484.805401506], [193187.45183482874, 8737484.780929765], [193187.5912189577, 8737484.709910003], [193187.70183482874, 8737484.599294132], [193187.7728545897, 8737484.459910003], [193187.79732633155, 8737484.305401506], [193187.7728545897, 8737484.150893008], [193187.70183482874, 8737484.01150888], [193187.5912189577, 8737483.900893008], [193187.45183482874, 8737483.829873247], [193187.29732633155, 8737483.805401506], [193187.14281783436, 8737483.829873247], [193187.0034337054, 8737483.900893008], [193186.89281783436, 8737484.01150888]]]}, "properties": {"class_id": 4}}, {"type": "Feature", "geometry": {"type": "Polygon", "coordinates": [[[193187.7247187573, 8737484.677029619], [193187.65369899632, 8737484.816413747], [193187.62922725448, 8737484.970922245], [193187.65369899632, 8737485.125430742], [193187.7247187573, 8737485.26481487], [193187.83533462833, 8737485.375430742], [193187.9747187573, 8737485.446450504], [193188.12922725448, 8737485.470922245], [193188.28373575167, 8737485.446450504], [193188.42311988064, 8737485.375430742], [193188.53373575167, 8737485.26481487], [193188.60475551264, 8737485.125430742], [193188.62922725448, 8737484.970922245], [193188.60475551264, 8737484.816413747], [193188.53373575167, 8737484.677029619], [193188.42311988064, 8737484.566413747], [193188.28373575167, 8737484.495393986], [193188.12922725448, 8737484.470922245], [193187.9747187573, 8737484.495393986], [193187.83533462833, 8737484.566413747], [193187.7247187573, 8737484.677029619]]]}, "properties": {"class_id": 4}}, {"type": "Feature", "geometry": {"type": "Polygon", "coordinates": [[[193185.2730797857, 8737486.662804073], [193185.16246391466, 8737486.773419945], [193185.0914441537, 8737486.912804073], [193185.06697241185, 8737487.06731257], [193185.0914441537, 8737487.221821068], [193185.16246391466, 8737487.361205196], [193185.2730797857, 8737487.471821068], [193185.41246391466, 8737487.54284083], [193185.56697241185, 8737487.56731257], [193185.72148090904, 8737487.54284083], [193185.860865038, 8737487.471821068], [193185.97148090904, 8737487.361205196], [193186.04250067, 8737487.221821068], [193186.06697241185, 8737487.06731257], [193186.04250067, 8737486.912804073], [193185.97148090904, 8737486.773419945], [193185.860865038, 8737486.662804073], [193185.72148090904, 8737486.591784311], [193185.56697241185, 8737486.56731257], [193185.41246391466, 8737486.591784311], [193185.2730797857, 8737486.662804073]]]}, "properties": {"class_id": 4}}, {"type": "Feature", "geometry": {"type": "Polygon", "coordinates": [[[193186.5600574652, 8737488.337393679], [193186.48903770422, 8737488.476777807], [193186.46456596238, 8737488.631286304], [193186.48903770422, 8737488.785794802], [193186.5600574652, 8737488.92517893], [193186.67067333622, 8737489.035794802], [193186.8100574652, 8737489.106814563], [193186.96456596238, 8737489.131286304], [193187.11907445957, 8737489.106814563], [193187.25845858853, 8737489.035794802], [193187.36907445957, 8737488.92517893], [193187.44009422054, 8737488.785794802], [193187.46456596238, 8737488.631286304], [193187.44009422054, 8737488.476777807], [193187.36907445957, 8737488.337393679], [193187.25845858853, 8737488.226777807], [193187.11907445957, 8737488.155758046], [193186.96456596238, 8737488.131286304], [193186.8100574652, 8737488.155758046], [193186.67067333622, 8737488.226777807], [193186.5600574652, 8737488.337393679]]]}, "properties": {"class_id": 4}}, {"type": "Feature", "geometry": {"type": "Polygon", "coordinates": [[[193187.49178649887, 8737489.20257064], [193187.4207667379, 8737489.341954768], [193187.39629499606, 8737489.496463265], [193187.4207667379, 8737489.650971763], [193187.49178649887, 8737489.790355891], [193187.6024023699, 8737489.900971763], [193187.74178649887, 8737489.971991524], [193187.89629499606, 8737489.996463265], [193188.05080349324, 8737489.971991524], [193188.1901876222, 8737489.900971763], [193188.30080349324, 8737489.790355891], [193188.37182325422, 8737489.650971763], [193188.39629499606, 8737489.496463265], [193188.37182325422, 8737489.341954768], [193188.30080349324, 8737489.20257064], [193188.1901876222, 8737489.091954768], [193188.05080349324, 8737489.020935006], [193187.89629499606, 8737488.996463265], [193187.74178649887, 8737489.020935006], [193187.6024023699, 8737489.091954768], [193187.49178649887, 8737489.20257064]]]}, "properties": {"class_id": 4}}, {"type": "Feature", "geometry": {"type": "Polygon", "coordinates": [[[193189.23292817883, 8737490.88886076], [193189.1223123078, 8737490.999476632], [193189.05129254682, 8737491.13886076], [193189.02682080498, 8737491.293369258], [193189.05129254682, 8737491.447877755], [193189.1223123078, 8737491.587261884], [193189.23292817883, 8737491.697877755], [193189.3723123078, 8737491.768897517], [193189.52682080498, 8737491.793369258], [193189.68132930217, 8737491.768897517], [193189.82071343114, 8737491.697877755], [193189.93132930217, 8737491.587261884], [193190.00234906314, 8737491.447877755], [193190.02682080498, 8737491.293369258], [193190.00234906314, 8737491.13886076], [193189.93132930217, 8737490.999476632], [193189.82071343114, 8737490.88886076], [193189.68132930217, 8737490.817840999], [193189.52682080498, 8737490.793369258], [193189.3723123078, 8737490.817840999], [193189.23292817883, 8737490.88886076]]]}, "properties": {"class_id": 4}}, {"type": "Feature", "geometry": {"type": "Polygon", "coordinates": [[[193190.42007774758, 8737492.197413962], [193190.3490579866, 8737492.33679809], [193190.32458624477, 8737492.491306588], [193190.3490579866, 8737492.645815086], [193190.42007774758, 8737492.785199214], [193190.5306936186, 8737492.895815086], [193190.67007774758, 8737492.966834847], [193190.82458624477, 8737492.991306588], [193190.97909474195, 8737492.966834847], [193191.11847887092, 8737492.895815086], [193191.22909474195, 8737492.785199214], [193191.30011450293, 8737492.645815086], [193191.32458624477, 8737492.491306588], [193191.30011450293, 8737492.33679809], [193191.22909474195, 8737492.197413962], [193191.11847887092, 8737492.08679809], [193190.97909474195, 8737492.01577833], [193190.82458624477, 8737491.991306588], [193190.67007774758, 8737492.01577833], [193190.5306936186, 8737492.08679809], [193190.42007774758, 8737492.197413962]]]}, "properties": {"class_id": 4}}, {"type": "Feature", "geometry": {"type": "Polygon", "coordinates": [[[193188.98920816014, 8737493.528455438], [193188.91818839917, 8737493.667839566], [193188.89371665733, 8737493.822348064], [193188.91818839917, 8737493.976856561], [193188.98920816014, 8737494.11624069], [193189.09982403117, 8737494.226856561], [193189.23920816014, 8737494.297876323], [193189.39371665733, 8737494.322348064], [193189.54822515452, 8737494.297876323], [193189.6876092835, 8737494.226856561], [193189.79822515452, 8737494.11624069], [193189.8692449155, 8737493.976856561], [193189.89371665733, 8737493.822348064], [193189.8692449155, 8737493.667839566], [193189.79822515452, 8737493.528455438], [193189.6876092835, 8737493.417839566], [193189.54822515452, 8737493.346819805], [193189.39371665733, 8737493.322348064], [193189.23920816014, 8737493.346819805], [193189.09982403117, 8737493.417839566], [193188.98920816014, 8737493.528455438]]]}, "properties": {"class_id": 4}}, {"type": "Feature", "geometry": {"type": "Polygon", "coordinates": [[[193189.4991364742, 8737494.3495686], [193189.38852060316, 8737494.460184472], [193189.31750084218, 8737494.5995686], [193189.29302910034, 8737494.754077097], [193189.31750084218, 8737494.908585595], [193189.38852060316, 8737495.047969723], [193189.4991364742, 8737495.158585595], [193189.63852060316, 8737495.229605356], [193189.79302910034, 8737495.254077097], [193189.94753759753, 8737495.229605356], [193190.0869217265, 8737495.158585595], [193190.19753759753, 8737495.047969723], [193190.2685573585, 8737494.908585595], [193190.29302910034, 8737494.754077097], [193190.2685573585, 8737494.5995686], [193190.19753759753, 8737494.460184472], [193190.0869217265, 8737494.3495686], [193189.94753759753, 8737494.278548839], [193189.79302910034, 8737494.254077097], [193189.63852060316, 8737494.278548839], [193189.4991364742, 8737494.3495686]]]}, "properties": {"class_id": 4}}, {"type": "Feature", "geometry": {"type": "Polygon", "coordinates": [[[193190.46414154477, 8737496.046646483], [193190.35352567374, 8737496.157262355], [193190.28250591276, 8737496.296646483], [193190.25803417093, 8737496.45115498], [193190.28250591276, 8737496.605663478], [193190.35352567374, 8737496.745047607], [193190.46414154477, 8737496.855663478], [193190.60352567374, 8737496.92668324], [193190.75803417093, 8737496.95115498], [193190.9125426681, 8737496.92668324], [193191.05192679708, 8737496.855663478], [193191.1625426681, 8737496.745047607], [193191.2335624291, 8737496.605663478], [193191.25803417093, 8737496.45115498], [193191.2335624291, 8737496.296646483], [193191.1625426681, 8737496.157262355], [193191.05192679708, 8737496.046646483], [193190.9125426681, 8737495.975626722], [193190.75803417093, 8737495.95115498], [193190.60352567374, 8737495.975626722], [193190.46414154477, 8737496.046646483]]]}, "properties": {"class_id": 4}}, {"type": "Feature", "geometry": {"type": "Polygon", "coordinates": [[[193191.32931850464, 8737496.579063073], [193191.2187026336, 8737496.689678945], [193191.14768287263, 8737496.829063073], [193191.1232111308, 8737496.98357157], [193191.14768287263, 8737497.138080068], [193191.2187026336, 8737497.277464196], [193191.32931850464, 8737497.388080068], [193191.4687026336, 8737497.45909983], [193191.6232111308, 8737497.48357157], [193191.77771962798, 8737497.45909983], [193191.91710375695, 8737497.388080068], [193192.02771962798, 8737497.277464196], [193192.09873938895, 8737497.138080068], [193192.1232111308, 8737496.98357157], [193192.09873938895, 8737496.829063073], [193192.02771962798, 8737496.689678945], [193191.91710375695, 8737496.579063073], [193191.77771962798, 8737496.508043312], [193191.6232111308, 8737496.48357157], [193191.4687026336, 8737496.508043312], [193191.32931850464, 8737496.579063073]]]}, "properties": {"class_id": 4}}, {"type": "Feature", "geometry": {"type": "Polygon", "coordinates": [[[193192.5497441103, 8737497.8210642], [193192.47872434932, 8737497.960448328], [193192.45425260748, 8737498.114956826], [193192.47872434932, 8737498.269465324], [193192.5497441103, 8737498.408849452], [193192.66035998132, 8737498.519465324], [193192.7997441103, 8737498.590485085], [193192.95425260748, 8737498.614956826], [193193.10876110467, 8737498.590485085], [193193.24814523364, 8737498.519465324], [193193.35876110467, 8737498.408849452], [193193.42978086564, 8737498.269465324], [193193.45425260748, 8737498.114956826], [193193.42978086564, 8737497.960448328], [193193.35876110467, 8737497.8210642], [193193.24814523364, 8737497.710448328], [193193.10876110467, 8737497.639428567], [193192.95425260748, 8737497.614956826], [193192.7997441103, 8737497.639428567], [193192.66035998132, 8737497.710448328], [193192.5497441103, 8737497.8210642]]]}, "properties": {"class_id": 4}}, {"type": "Feature", "geometry": {"type": "Polygon", "coordinates": [[[193191.35180678125, 8737498.386756828], [193191.28078702028, 8737498.526140956], [193191.25631527844, 8737498.680649454], [193191.28078702028, 8737498.835157951], [193191.35180678125, 8737498.97454208], [193191.4624226523, 8737499.085157951], [193191.60180678125, 8737499.156177713], [193191.75631527844, 8737499.180649454], [193191.91082377563, 8737499.156177713], [193192.0502079046, 8737499.085157951], [193192.16082377563, 8737498.97454208], [193192.2318435366, 8737498.835157951], [193192.25631527844, 8737498.680649454], [193192.2318435366, 8737498.526140956], [193192.16082377563, 8737498.386756828], [193192.0502079046, 8737498.276140956], [193191.91082377563, 8737498.205121195], [193191.75631527844, 8737498.180649454], [193191.60180678125, 8737498.205121195], [193191.4624226523, 8737498.276140956], [193191.35180678125, 8737498.386756828]]]}, "properties": {"class_id": 4}}, {"type": "Feature", "geometry": {"type": "Polygon", "coordinates": [[[193193.35915675657, 8737500.538911467], [193193.24854088554, 8737500.64952734], [193193.17752112457, 8737500.788911467], [193193.15304938273, 8737500.943419965], [193193.17752112457, 8737501.097928463], [193193.24854088554, 8737501.23731259], [193193.35915675657, 8737501.347928463], [193193.49854088554, 8737501.418948224], [193193.65304938273, 8737501.443419965], [193193.80755787992, 8737501.418948224], [193193.9469420089, 8737501.347928463], [193194.05755787992, 8737501.23731259], [193194.1285776409, 8737501.097928463], [193194.15304938273, 8737500.943419965], [193194.1285776409, 8737500.788911467], [193194.05755787992, 8737500.64952734], [193193.9469420089, 8737500.538911467], [193193.80755787992, 8737500.467891706], [193193.65304938273, 8737500.443419965], [193193.49854088554, 8737500.467891706], [193193.35915675657, 8737500.538911467]]]}, "properties": {"class_id": 4}}, {"type": "Feature", "geometry": {"type": "Polygon", "coordinates": [[[193193.41492107013, 8737501.847464668], [193193.34390130916, 8737501.986848796], [193193.31942956732, 8737502.141357293], [193193.34390130916, 8737502.29586579], [193193.41492107013, 8737502.43524992], [193193.52553694116, 8737502.54586579], [193193.66492107013, 8737502.616885552], [193193.81942956732, 8737502.641357293], [193193.9739380645, 8737502.616885552], [193194.11332219347, 8737502.54586579], [193194.2239380645, 8737502.43524992], [193194.29495782548, 8737502.29586579], [193194.31942956732, 8737502.141357293], [193194.29495782548, 8737501.986848796], [193194.2239380645, 8737501.847464668], [193194.11332219347, 8737501.736848796], [193193.9739380645, 8737501.665829035], [193193.81942956732, 8737501.641357293], [193193.66492107013, 8737501.665829035], [193193.52553694116, 8737501.736848796], [193193.41492107013, 8737501.847464668]]]}, "properties": {"class_id": 4}}, {"type": "Feature", "geometry": {"type": "Polygon", "coordinates": [[[193198.16902343414, 8736966.82862737], [193198.09800367316, 8736966.968011498], [193198.07353193132, 8736967.122519996], [193198.09800367316, 8736967.277028494], [193198.16902343414, 8736967.416412622], [193198.27963930517, 8736967.527028494], [193198.41902343414, 8736967.598048255], [193198.57353193132, 8736967.622519996], [193198.7280404285, 8736967.598048255], [193198.86742455748, 8736967.527028494], [193198.9780404285, 8736967.416412622], [193199.04906018949, 8736967.277028494], [193199.07353193132, 8736967.122519996], [193199.04906018949, 8736966.968011498], [193198.9780404285, 8736966.82862737], [193198.86742455748, 8736966.718011498], [193198.7280404285, 8736966.646991737], [193198.57353193132, 8736966.622519996], [193198.41902343414, 8736966.646991737], [193198.27963930517, 8736966.718011498], [193198.16902343414, 8736966.82862737]]]}, "properties": {"class_id": 4}}, {"type": "Feature", "geometry": {"type": "Polygon", "coordinates": [[[193198.772220329, 8736968.380256452], [193198.66160445797, 8736968.490872324], [193198.590584697, 8736968.630256452], [193198.56611295516, 8736968.78476495], [193198.590584697, 8736968.939273447], [193198.66160445797, 8736969.078657575], [193198.772220329, 8736969.189273447], [193198.91160445797, 8736969.260293208], [193199.06611295516, 8736969.28476495], [193199.22062145235, 8736969.260293208], [193199.36000558131, 8736969.189273447], [193199.47062145235, 8736969.078657575], [193199.54164121332, 8736968.939273447], [193199.56611295516, 8736968.78476495], [193199.54164121332, 8736968.630256452], [193199.47062145235, 8736968.490872324], [193199.36000558131, 8736968.380256452], [193199.22062145235, 8736968.30923669], [193199.06611295516, 8736968.28476495], [193198.91160445797, 8736968.30923669], [193198.772220329, 8736968.380256452]]]}, "properties": {"class_id": 4}}, {"type": "Feature", "geometry": {"type": "Polygon", "coordinates": [[[193195.9379667488, 8736975.794059012], [193195.86694698784, 8736975.93344314], [193195.842475246, 8736976.087951638], [193195.86694698784, 8736976.242460135], [193195.9379667488, 8736976.381844264], [193196.04858261984, 8736976.492460135], [193196.1879667488, 8736976.563479897], [193196.342475246, 8736976.587951638], [193196.49698374319, 8736976.563479897], [193196.63636787215, 8736976.492460135], [193196.74698374319, 8736976.381844264], [193196.81800350416, 8736976.242460135], [193196.842475246, 8736976.087951638], [193196.81800350416, 8736975.93344314], [193196.74698374319, 8736975.794059012], [193196.63636787215, 8736975.68344314], [193196.49698374319, 8736975.612423379], [193196.342475246, 8736975.587951638], [193196.1879667488, 8736975.612423379], [193196.04858261984, 8736975.68344314], [193195.9379667488, 8736975.794059012]]]}, "properties": {"class_id": 4}}, {"type": "Feature", "geometry": {"type": "Polygon", "coordinates": [[[193194.51948588612, 8736975.9276059], [193194.44846612515, 8736976.066990029], [193194.4239943833, 8736976.221498527], [193194.44846612515, 8736976.376007024], [193194.51948588612, 8736976.515391152], [193194.63010175715, 8736976.626007024], [193194.76948588612, 8736976.697026785], [193194.9239943833, 8736976.721498527], [193195.0785028805, 8736976.697026785], [193195.21788700946, 8736976.626007024], [193195.3285028805, 8736976.515391152], [193195.39952264147, 8736976.376007024], [193195.4239943833, 8736976.221498527], [193195.39952264147, 8736976.066990029], [193195.3285028805, 8736975.9276059], [193195.21788700946, 8736975.816990029], [193195.0785028805, 8736975.745970268], [193194.9239943833, 8736975.721498527], [193194.76948588612, 8736975.745970268], [193194.63010175715, 8736975.816990029], [193194.51948588612, 8736975.9276059]]]}, "properties": {"class_id": 4}}, {"type": "Feature", "geometry": {"type": "Polygon", "coordinates": [[[193237.55671420487, 8737158.86753276], [193237.44609833384, 8737158.978148632], [193237.37507857286, 8737159.11753276], [193237.35060683102, 8737159.272041257], [193237.37507857286, 8737159.426549755], [193237.44609833384, 8737159.565933883], [193237.55671420487, 8737159.676549755], [193237.69609833384, 8737159.747569516], [193237.85060683102, 8737159.772041257], [193238.0051153282, 8737159.747569516], [193238.14449945718, 8737159.676549755], [193238.2551153282, 8737159.565933883], [193238.32613508918, 8737159.426549755], [193238.35060683102, 8737159.272041257], [193238.32613508918, 8737159.11753276], [193238.2551153282, 8737158.978148632], [193238.14449945718, 8737158.86753276], [193238.0051153282, 8737158.796512999], [193237.85060683102, 8737158.772041257], [193237.69609833384, 8737158.796512999], [193237.55671420487, 8737158.86753276]]]}, "properties": {"class_id": 4}}, {"type": "Feature", "geometry": {"type": "Polygon", "coordinates": [[[193233.57077861993, 8737215.124492567], [193233.49975885896, 8737215.263876695], [193233.47528711712, 8737215.418385193], [193233.49975885896, 8737215.57289369], [193233.57077861993, 8737215.712277818], [193233.68139449097, 8737215.82289369], [193233.82077861993, 8737215.893913452], [193233.97528711712, 8737215.918385193], [193234.1010510713, 8737215.89846614], [193234.11536554195, 8737215.98884415], [193234.18638530292, 8737216.128228279], [193234.29700117395, 8737216.23884415], [193234.43638530292, 8737216.309863912], [193234.5908938001, 8737216.334335653], [193234.7454022973, 8737216.309863912], [193234.88478642626, 8737216.23884415], [193234.9954022973, 8737216.128228279], [193235.06642205827, 8737215.98884415], [193235.0908938001, 8737215.834335653], [193235.06642205827, 8737215.679827156], [193234.9954022973, 8737215.540443027], [193234.88478642626, 8737215.429827156], [193234.7454022973, 8737215.358807394], [193234.5908938001, 8737215.334335653], [193234.46512984592, 8737215.354254706], [193234.45081537528, 8737215.263876695], [193234.3797956143, 8737215.124492567], [193234.26917974328, 8737215.013876695], [193234.1297956143, 8737214.942856934], [193233.97528711712, 8737214.918385193], [193233.82077861993, 8737214.942856934], [193233.68139449097, 8737215.013876695], [193233.57077861993, 8737215.124492567]]]}, "properties": {"class_id": 4}}, {"type": "Feature", "geometry": {"type": "Polygon", "coordinates": [[[193219.0399382474, 8737225.44591427], [193218.92932237638, 8737225.556530142], [193218.8583026154, 8737225.69591427], [193218.83383087357, 8737225.850422768], [193218.8583026154, 8737226.004931265], [193218.92932237638, 8737226.144315394], [193219.0399382474, 8737226.254931265], [193219.17932237638, 8737226.325951027], [193219.33383087357, 8737226.350422768], [193219.48833937076, 8737226.325951027], [193219.62772349973, 8737226.254931265], [193219.73833937076, 8737226.144315394], [193219.80935913173, 8737226.004931265], [193219.83383087357, 8737225.850422768], [193219.80935913173, 8737225.69591427], [193219.73833937076, 8737225.556530142], [193219.62772349973, 8737225.44591427], [193219.48833937076, 8737225.37489451], [193219.33383087357, 8737225.350422768], [193219.17932237638, 8737225.37489451], [193219.0399382474, 8737225.44591427]]]}, "properties": {"class_id": 4}}, {"type": "Feature", "geometry": {"type": "Polygon", "coordinates": [[[193219.31199680094, 8737227.453264246], [193219.24097703997, 8737227.592648374], [193219.21650529813, 8737227.747156871], [193219.24097703997, 8737227.901665369], [193219.31199680094, 8737228.041049497], [193219.42261267197, 8737228.151665369], [193219.56199680094, 8737228.22268513], [193219.71650529813, 8737228.247156871], [193219.87101379532, 8737228.22268513], [193220.01039792428, 8737228.151665369], [193220.12101379532, 8737228.041049497], [193220.1920335563, 8737227.901665369], [193220.21650529813, 8737227.747156871], [193220.1920335563, 8737227.592648374], [193220.12101379532, 8737227.453264246], [193220.01039792428, 8737227.342648374], [193219.87101379532, 8737227.271628613], [193219.71650529813, 8737227.247156871], [193219.56199680094, 8737227.271628613], [193219.42261267197, 8737227.342648374], [193219.31199680094, 8737227.453264246]]]}, "properties": {"class_id": 4}}, {"type": "Feature", "geometry": {"type": "Polygon", "coordinates": [[[193218.080783435, 8737227.786024615], [193218.00976367402, 8737227.925408743], [193217.9852919322, 8737228.07991724], [193218.00976367402, 8737228.234425738], [193218.080783435, 8737228.373809867], [193218.19139930603, 8737228.484425738], [193218.330783435, 8737228.5554455], [193218.4356281547, 8737228.572051272], [193218.43451843056, 8737228.579057794], [193218.4589901724, 8737228.733566292], [193218.53000993337, 8737228.87295042], [193218.6406258044, 8737228.983566292], [193218.78000993337, 8737229.054586053], [193218.93451843056, 8737229.079057794], [193219.08902692774, 8737229.054586053], [193219.2284110567, 8737228.983566292], [193219.33902692774, 8737228.87295042], [193219.41004668872, 8737228.733566292], [193219.43451843056, 8737228.579057794], [193219.41004668872, 8737228.424549296], [193219.33902692774, 8737228.285165168], [193219.2284110567, 8737228.174549296], [193219.08902692774, 8737228.103529535], [193218.98418220805, 8737228.086923763], [193218.9852919322, 8737228.07991724], [193218.96082019035, 8737227.925408743], [193218.88980042937, 8737227.786024615], [193218.77918455834, 8737227.675408743], [193218.63980042937, 8737227.604388982], [193218.4852919322, 8737227.57991724], [193218.330783435, 8737227.604388982], [193218.19139930603, 8737227.675408743], [193218.080783435, 8737227.786024615]]]}, "properties": {"class_id": 4}}, {"type": "Feature", "geometry": {"type": "Polygon", "coordinates": [[[193219.46173896707, 8737228.81758176], [193219.3907192061, 8737228.956965888], [193219.36624746426, 8737229.111474385], [193219.3907192061, 8737229.265982883], [193219.46173896707, 8737229.405367011], [193219.5723548381, 8737229.515982883], [193219.71173896707, 8737229.587002644], [193219.86624746426, 8737229.611474385], [193220.02075596145, 8737229.587002644], [193220.16014009042, 8737229.515982883], [193220.27075596145, 8737229.405367011], [193220.34177572242, 8737229.265982883], [193220.36624746426, 8737229.111474385], [193220.34177572242, 8737228.956965888], [193220.27075596145, 8737228.81758176], [193220.16014009042, 8737228.706965888], [193220.02075596145, 8737228.635946127], [193219.86624746426, 8737228.611474385], [193219.71173896707, 8737228.635946127], [193219.5723548381, 8737228.706965888], [193219.46173896707, 8737228.81758176]]]}, "properties": {"class_id": 4}}, {"type": "Feature", "geometry": {"type": "Polygon", "coordinates": [[[193199.06352833682, 8737230.082071163], [193199.0248315092, 8737230.158017963], [193198.9828069956, 8737230.179430522], [193198.87219112457, 8737230.290046394], [193198.81344990814, 8737230.405332522], [193198.7276450126, 8737230.391742362], [193198.57313651542, 8737230.416214103], [193198.43375238645, 8737230.487233864], [193198.32313651542, 8737230.597849736], [193198.25211675445, 8737230.737233864], [193198.2276450126, 8737230.891742362], [193198.25211675445, 8737231.04625086], [193198.32313651542, 8737231.185634987], [193198.43375238645, 8737231.29625086], [193198.57313651542, 8737231.36727062], [193198.7276450126, 8737231.391742362], [193198.7285369539, 8737231.391601091], [193198.68470523437, 8737231.477625685], [193198.66023349253, 8737231.632134182], [193198.68470523437, 8737231.78664268], [193198.75572499534, 8737231.926026808], [193198.86634086637, 8737232.03664268], [193199.00572499534, 8737232.107662441], [193199.16023349253, 8737232.132134182], [193199.211155156, 8737232.124068983], [193199.15056975122, 8737232.242974535], [193199.12609800938, 8737232.397483032], [193199.15056975122, 8737232.55199153], [193199.2215895122, 8737232.691375658], [193199.33220538322, 8737232.80199153], [193199.4715895122, 8737232.873011291], [193199.56831673603, 8737232.888331378], [193199.56652021268, 8737232.891857253], [193199.54204847084, 8737233.046365751], [193199.56652021268, 8737233.200874249], [193199.63753997366, 8737233.340258377], [193199.7481558447, 8737233.450874249], [193199.88753997366, 8737233.52189401], [193199.99644162407, 8737233.539142337], [193200.00742770184, 8737233.608505702], [193200.07844746282, 8737233.74788983], [193200.18906333385, 8737233.858505702], [193200.32844746282, 8737233.929525463], [193200.48295596, 8737233.953997204], [193200.6374644572, 8737233.929525463], [193200.77684858616, 8737233.858505702], [193200.8874644572, 8737233.74788983], [193200.95848421816, 8737233.608505702], [193200.98295596, 8737233.453997204], [193200.95848421816, 8737233.299488707], [193200.8874644572, 8737233.160104578], [193200.77684858616, 8737233.049488707], [193200.6374644572, 8737232.978468945], [193200.52856280678, 8737232.961220618], [193200.517576729, 8737232.891857253], [193200.44655696803, 8737232.752473125], [193200.335941097, 8737232.641857253], [193200.19655696803, 8737232.570837492], [193200.0998297442, 8737232.555517405], [193200.10162626754, 8737232.55199153], [193200.12609800938, 8737232.397483032], [193200.10162626754, 8737232.242974535], [193200.03060650657, 8737232.103590406], [193199.91999063554, 8737231.992974535], [193199.78060650657, 8737231.921954773], [193199.62609800938, 8737231.897483032], [193199.5751763459, 8737231.905548232], [193199.6357617507, 8737231.78664268], [193199.66023349253, 8737231.632134182], [193199.6357617507, 8737231.477625685], [193199.5647419897, 8737231.338241557], [193199.45412611868, 8737231.227625685], [193199.36047206604, 8737231.179906562], [193199.38484674174, 8737231.18376713], [193199.53935523893, 8737231.15929539], [193199.5554681738, 8737231.151085438], [193199.70928810167, 8737231.175448122], [193199.86379659886, 8737231.15097638], [193199.87487954742, 8737231.145329336], [193199.83272850802, 8737231.228055408], [193199.80825676618, 8737231.382563906], [193199.83272850802, 8737231.537072403], [193199.903748269, 8737231.676456532], [193200.01436414002, 8737231.787072403], [193200.153748269, 8737231.858092165], [193200.30825676618, 8737231.882563906], [193200.46276526336, 8737231.858092165], [193200.60214939233, 8737231.787072403], [193200.71276526336, 8737231.676456532], [193200.78378502434, 8737231.537072403], [193200.80825676618, 8737231.382563906], [193200.78378502434, 8737231.228055408], [193200.71276526336, 8737231.08867128], [193200.60214939233, 8737230.978055408], [193200.46276526336, 8737230.907035647], [193200.30825676618, 8737230.882563906], [193200.153748269, 8737230.907035647], [193200.14266532043, 8737230.912682692], [193200.18481635983, 8737230.82995662], [193200.20928810167, 8737230.675448122], [193200.18481635983, 8737230.520939624], [193200.11379659886, 8737230.381555496], [193200.09560612816, 8737230.363365024], [193200.0849882491, 8737230.296326375], [193200.0139684881, 8737230.156942246], [193199.90335261708, 8737230.046326375], [193199.76766346977, 8737229.9771893], [193199.76192946016, 8737229.97145529], [193199.6225453312, 8737229.90043553], [193199.468036834, 8737229.875963788], [193199.31352833682, 8737229.90043553], [193199.17414420785, 8737229.97145529], [193199.06352833682, 8737230.082071163]], [[193199.18460816971, 8737231.135994751], [193199.16023349253, 8737231.132134182], [193199.15934155087, 8737231.132275453], [193199.16304469903, 8737231.125007614], [193199.18460816971, 8737231.135994751]]]}, "properties": {"class_id": 4}}, {"type": "Feature", "geometry": {"type": "Polygon", "coordinates": [[[193200.99600722909, 8737232.442201033], [193200.88539135805, 8737232.552816905], [193200.81437159708, 8737232.692201033], [193200.78989985524, 8737232.84670953], [193200.81437159708, 8737233.001218028], [193200.88539135805, 8737233.140602157], [193200.99600722909, 8737233.251218028], [193201.13539135805, 8737233.32223779], [193201.28989985524, 8737233.34670953], [193201.44440835243, 8737233.32223779], [193201.5837924814, 8737233.251218028], [193201.69440835243, 8737233.140602157], [193201.7654281134, 8737233.001218028], [193201.78989985524, 8737232.84670953], [193201.7654281134, 8737232.692201033], [193201.69440835243, 8737232.552816905], [193201.5837924814, 8737232.442201033], [193201.44440835243, 8737232.371181272], [193201.28989985524, 8737232.34670953], [193201.13539135805, 8737232.371181272], [193200.99600722909, 8737232.442201033]]]}, "properties": {"class_id": 4}}, {"type": "Feature", "geometry": {"type": "Polygon", "coordinates": [[[193203.10071656408, 8737233.931303686], [193202.99010069304, 8737234.041919557], [193202.91908093207, 8737234.181303686], [193202.89460919023, 8737234.335812183], [193202.91908093207, 8737234.49032068], [193202.99010069304, 8737234.629704809], [193203.10071656408, 8737234.74032068], [193203.24010069304, 8737234.811340442], [193203.39460919023, 8737234.835812183], [193203.54911768742, 8737234.811340442], [193203.6885018164, 8737234.74032068], [193203.79911768742, 8737234.629704809], [193203.8701374484, 8737234.49032068], [193203.89460919023, 8737234.335812183], [193203.8701374484, 8737234.181303686], [193203.79911768742, 8737234.041919557], [193203.6885018164, 8737233.931303686], [193203.54911768742, 8737233.860283924], [193203.39460919023, 8737233.835812183], [193203.24010069304, 8737233.860283924], [193203.10071656408, 8737233.931303686]]]}, "properties": {"class_id": 4}}, {"type": "Feature", "geometry": {"type": "Polygon", "coordinates": [[[193200.86043433036, 8737234.241575778], [193200.7894145694, 8737234.380959906], [193200.77410582246, 8737234.47761553], [193200.76021056768, 8737234.463720275], [193200.6208264387, 8737234.392700514], [193200.46631794152, 8737234.368228773], [193200.31180944433, 8737234.392700514], [193200.17242531537, 8737234.463720275], [193200.06180944433, 8737234.574336147], [193199.99078968336, 8737234.713720275], [193199.96631794152, 8737234.868228773], [193199.99078968336, 8737235.02273727], [193200.06180944433, 8737235.162121398], [193200.17242531537, 8737235.27273727], [193200.31180944433, 8737235.343757031], [193200.46631794152, 8737235.368228773], [193200.6208264387, 8737235.343757031], [193200.76021056768, 8737235.27273727], [193200.8708264387, 8737235.162121398], [193200.94184619968, 8737235.02273727], [193200.9571549466, 8737234.926081646], [193200.9710502014, 8737234.9399769], [193201.11043433036, 8737235.010996662], [193201.26494282755, 8737235.035468403], [193201.41945132473, 8737235.010996662], [193201.5588354537, 8737234.9399769], [193201.66945132473, 8737234.829361029], [193201.7404710857, 8737234.6899769], [193201.76494282755, 8737234.535468403], [193201.7404710857, 8737234.380959906], [193201.66945132473, 8737234.241575778], [193201.5588354537, 8737234.130959906], [193201.41945132473, 8737234.059940144], [193201.26494282755, 8737234.035468403], [193201.11043433036, 8737234.059940144], [193200.9710502014, 8737234.130959906], [193200.86043433036, 8737234.241575778]]]}, "properties": {"class_id": 4}}, {"type": "Feature", "geometry": {"type": "Polygon", "coordinates": [[[193223.8746161257, 8737314.711551], [193223.76400025465, 8737314.822166871], [193223.69298049368, 8737314.961551], [193223.66850875184, 8737315.116059497], [193223.69298049368, 8737315.270567995], [193223.76400025465, 8737315.409952123], [193223.8746161257, 8737315.520567995], [193224.01400025465, 8737315.591587756], [193224.16850875184, 8737315.616059497], [193224.32301724903, 8737315.591587756], [193224.462401378, 8737315.520567995], [193224.57301724903, 8737315.409952123], [193224.64403701, 8737315.270567995], [193224.66850875184, 8737315.116059497], [193224.64403701, 8737314.961551], [193224.57301724903, 8737314.822166871], [193224.462401378, 8737314.711551], [193224.32301724903, 8737314.640531238], [193224.16850875184, 8737314.616059497], [193224.01400025465, 8737314.640531238], [193223.8746161257, 8737314.711551]]]}, "properties": {"class_id": 4}}, {"type": "Feature", "geometry": {"type": "Polygon", "coordinates": [[[193224.7915032642, 8737315.920555662], [193224.68088739316, 8737316.031171534], [193224.60986763219, 8737316.170555662], [193224.58539589035, 8737316.32506416], [193224.60986763219, 8737316.479572657], [193224.68088739316, 8737316.618956786], [193224.7915032642, 8737316.729572657], [193224.93088739316, 8737316.800592419], [193225.08539589035, 8737316.82506416], [193225.23990438753, 8737316.800592419], [193225.3792885165, 8737316.729572657], [193225.48990438753, 8737316.618956786], [193225.5609241485, 8737316.479572657], [193225.58539589035, 8737316.32506416], [193225.5609241485, 8737316.170555662], [193225.48990438753, 8737316.031171534], [193225.3792885165, 8737315.920555662], [193225.23990438753, 8737315.849535901], [193225.08539589035, 8737315.82506416], [193224.93088739316, 8737315.849535901], [193224.7915032642, 8737315.920555662]]]}, "properties": {"class_id": 4}}, {"type": "Feature", "geometry": {"type": "Polygon", "coordinates": [[[193211.1951125442, 8737488.809108453], [193211.08449667317, 8737488.919724325], [193211.0134769122, 8737489.059108453], [193210.98900517036, 8737489.21361695], [193211.0134769122, 8737489.368125448], [193211.08449667317, 8737489.507509576], [193211.1951125442, 8737489.618125448], [193211.33449667317, 8737489.68914521], [193211.48900517036, 8737489.71361695], [193211.64351366754, 8737489.68914521], [193211.7828977965, 8737489.618125448], [193211.89351366754, 8737489.507509576], [193211.96453342852, 8737489.368125448], [193211.98900517036, 8737489.21361695], [193211.96453342852, 8737489.059108453], [193211.89351366754, 8737488.919724325], [193211.7828977965, 8737488.809108453], [193211.64351366754, 8737488.738088692], [193211.48900517036, 8737488.71361695], [193211.33449667317, 8737488.738088692], [193211.1951125442, 8737488.809108453]]]}, "properties": {"class_id": 4}}, {"type": "Feature", "geometry": {"type": "Polygon", "coordinates": [[[193207.88999712912, 8737490.101023635], [193207.81897736815, 8737490.240407763], [193207.7945056263, 8737490.39491626], [193207.81897736815, 8737490.549424758], [193207.88999712912, 8737490.688808886], [193208.00061300016, 8737490.799424758], [193208.13999712912, 8737490.87044452], [193208.2945056263, 8737490.89491626], [193208.4490141235, 8737490.87044452], [193208.58839825247, 8737490.799424758], [193208.6990141235, 8737490.688808886], [193208.77003388447, 8737490.549424758], [193208.7945056263, 8737490.39491626], [193208.77003388447, 8737490.240407763], [193208.6990141235, 8737490.101023635], [193208.58839825247, 8737489.990407763], [193208.4490141235, 8737489.919388002], [193208.2945056263, 8737489.89491626], [193208.13999712912, 8737489.919388002], [193208.00061300016, 8737489.990407763], [193207.88999712912, 8737490.101023635]]]}, "properties": {"class_id": 4}}, {"type": "Feature", "geometry": {"type": "Polygon", "coordinates": [[[193212.13269183607, 8737491.149218798], [193212.0616720751, 8737491.288602926], [193212.03720033326, 8737491.443111423], [193212.0616720751, 8737491.597619921], [193212.13269183607, 8737491.73700405], [193212.2433077071, 8737491.847619921], [193212.38269183607, 8737491.918639682], [193212.39097222933, 8737491.919951167], [193212.41107046272, 8737492.04684642], [193212.4820902237, 8737492.186230548], [193212.59270609473, 8737492.29684642], [193212.7320902237, 8737492.36786618], [193212.88659872088, 8737492.392337922], [193213.04110721807, 8737492.36786618], [193213.18049134704, 8737492.29684642], [193213.29110721807, 8737492.186230548], [193213.36212697905, 8737492.04684642], [193213.38659872088, 8737491.892337922], [193213.36212697905, 8737491.737829424], [193213.29110721807, 8737491.598445296], [193213.18049134704, 8737491.487829424], [193213.04110721807, 8737491.416809663], [193213.0328268248, 8737491.415498178], [193213.01272859142, 8737491.288602926], [193212.94170883045, 8737491.149218798], [193212.83109295942, 8737491.038602926], [193212.69170883045, 8737490.967583165], [193212.53720033326, 8737490.943111423], [193212.38269183607, 8737490.967583165], [193212.2433077071, 8737491.038602926], [193212.13269183607, 8737491.149218798]]]}, "properties": {"class_id": 4}}, {"type": "Feature", "geometry": {"type": "Polygon", "coordinates": [[[193208.43905173824, 8737491.848015573], [193208.36803197727, 8737491.987399701], [193208.34356023543, 8737492.141908199], [193208.36803197727, 8737492.296416696], [193208.43905173824, 8737492.435800824], [193208.54966760927, 8737492.546416696], [193208.68905173824, 8737492.617436457], [193208.84356023543, 8737492.641908199], [193208.99806873262, 8737492.617436457], [193209.13745286159, 8737492.546416696], [193209.24806873262, 8737492.435800824], [193209.3190884936, 8737492.296416696], [193209.34356023543, 8737492.141908199], [193209.3190884936, 8737491.987399701], [193209.24806873262, 8737491.848015573], [193209.13745286159, 8737491.737399701], [193208.99806873262, 8737491.66637994], [193208.84356023543, 8737491.641908199], [193208.68905173824, 8737491.66637994], [193208.54966760927, 8737491.737399701], [193208.43905173824, 8737491.848015573]]]}, "properties": {"class_id": 4}}, {"type": "Feature", "geometry": {"type": "Polygon", "coordinates": [[[193210.68518423015, 8737494.310442304], [193210.61416446918, 8737494.449826432], [193210.58969272734, 8737494.60433493], [193210.61416446918, 8737494.758843428], [193210.68518423015, 8737494.898227556], [193210.7958001012, 8737495.008843428], [193210.93518423015, 8737495.079863189], [193211.08969272734, 8737495.10433493], [193211.24420122453, 8737495.079863189], [193211.3835853535, 8737495.008843428], [193211.49420122453, 8737494.898227556], [193211.5652209855, 8737494.758843428], [193211.58969272734, 8737494.60433493], [193211.5652209855, 8737494.449826432], [193211.49420122453, 8737494.310442304], [193211.3835853535, 8737494.199826432], [193211.24420122453, 8737494.128806671], [193211.08969272734, 8737494.10433493], [193210.93518423015, 8737494.128806671], [193210.7958001012, 8737494.199826432], [193210.68518423015, 8737494.310442304]]]}, "properties": {"class_id": 4}}, {"type": "Feature", "geometry": {"type": "Polygon", "coordinates": [[[193214.87211462355, 8737494.915261226], [193214.76149875252, 8737495.025877098], [193214.69047899154, 8737495.165261226], [193214.6660072497, 8737495.319769723], [193214.69047899154, 8737495.47427822], [193214.76149875252, 8737495.613662349], [193214.87211462355, 8737495.72427822], [193215.01149875252, 8737495.795297982], [193215.1660072497, 8737495.819769723], [193215.3205157469, 8737495.795297982], [193215.45989987586, 8737495.72427822], [193215.5705157469, 8737495.613662349], [193215.64153550786, 8737495.47427822], [193215.6660072497, 8737495.319769723], [193215.64153550786, 8737495.165261226], [193215.5705157469, 8737495.025877098], [193215.45989987586, 8737494.915261226], [193215.3205157469, 8737494.844241465], [193215.1660072497, 8737494.819769723], [193215.01149875252, 8737494.844241465], [193214.87211462355, 8737494.915261226]]]}, "properties": {"class_id": 4}}, {"type": "Feature", "geometry": {"type": "Polygon", "coordinates": [[[193194.57958236223, 8737500.982287709], [193194.50856260126, 8737501.121671837], [193194.48409085942, 8737501.276180334], [193194.50856260126, 8737501.430688832], [193194.57958236223, 8737501.57007296], [193194.69019823326, 8737501.680688832], [193194.82958236223, 8737501.751708593], [193194.98409085942, 8737501.776180334], [193195.1385993566, 8737501.751708593], [193195.27798348558, 8737501.680688832], [193195.3885993566, 8737501.57007296], [193195.45961911758, 8737501.430688832], [193195.48409085942, 8737501.276180334], [193195.45961911758, 8737501.121671837], [193195.3885993566, 8737500.982287709], [193195.27798348558, 8737500.871671837], [193195.1385993566, 8737500.800652076], [193194.98409085942, 8737500.776180334], [193194.82958236223, 8737500.800652076], [193194.69019823326, 8737500.871671837], [193194.57958236223, 8737500.982287709]]]}, "properties": {"class_id": 4}}, {"type": "Feature", "geometry": {"type": "Polygon", "coordinates": [[[193352.67556348388, 8736716.432905428], [193352.6045437229, 8736716.572289556], [193352.58007198106, 8736716.726798054], [193352.6045437229, 8736716.881306551], [193352.67556348388, 8736717.02069068], [193352.7861793549, 8736717.131306551], [193352.92556348388, 8736717.202326313], [193353.08007198106, 8736717.226798054], [193353.23458047825, 8736717.202326313], [193353.37396460722, 8736717.131306551], [193353.48458047825, 8736717.02069068], [193353.55560023923, 8736716.881306551], [193353.58007198106, 8736716.726798054], [193353.55560023923, 8736716.572289556], [193353.48458047825, 8736716.432905428], [193353.37396460722, 8736716.322289556], [193353.23458047825, 8736716.251269795], [193353.08007198106, 8736716.226798054], [193352.92556348388, 8736716.251269795], [193352.7861793549, 8736716.322289556], [193352.67556348388, 8736716.432905428]]]}, "properties": {"class_id": 4}}, {"type": "Feature", "geometry": {"type": "Polygon", "coordinates": [[[193275.2412610534, 8737155.407605892], [193275.13064518236, 8737155.518221764], [193275.0596254214, 8737155.657605892], [193275.03515367955, 8737155.81211439], [193275.0596254214, 8737155.966622887], [193275.13064518236, 8737156.106007015], [193275.2412610534, 8737156.216622887], [193275.38064518236, 8737156.287642648], [193275.53515367955, 8737156.31211439], [193275.68966217674, 8737156.287642648], [193275.8290463057, 8737156.216622887], [193275.93966217674, 8737156.106007015], [193276.0106819377, 8737155.966622887], [193276.03515367955, 8737155.81211439], [193276.0106819377, 8737155.657605892], [193275.93966217674, 8737155.518221764], [193275.8290463057, 8737155.407605892], [193275.68966217674, 8737155.33658613], [193275.53515367955, 8737155.31211439], [193275.38064518236, 8737155.33658613], [193275.2412610534, 8737155.407605892]]]}, "properties": {"class_id": 4}}, {"type": "Feature", "geometry": {"type": "Polygon", "coordinates": [[[193275.97698197447, 8737156.769535067], [193275.9059622135, 8737156.908919195], [193275.88149047166, 8737157.063427692], [193275.9059622135, 8737157.21793619], [193275.97698197447, 8737157.357320318], [193276.0875978455, 8737157.46793619], [193276.22698197447, 8737157.538955951], [193276.38149047166, 8737157.563427692], [193276.53599896884, 8737157.538955951], [193276.6753830978, 8737157.46793619], [193276.69047888162, 8737157.452840406], [193276.79532136724, 8737157.557682892], [193276.9347054962, 8737157.628702654], [193277.0892139934, 8737157.653174395], [193277.2437224906, 8737157.628702654], [193277.38310661956, 8737157.557682892], [193277.4937224906, 8737157.44706702], [193277.56474225156, 8737157.307682892], [193277.5892139934, 8737157.153174395], [193277.56474225156, 8737156.998665897], [193277.4937224906, 8737156.859281769], [193277.38310661956, 8737156.748665897], [193277.2437224906, 8737156.677646136], [193277.0892139934, 8737156.653174395], [193276.9347054962, 8737156.677646136], [193276.79532136724, 8737156.748665897], [193276.78022558344, 8737156.76376168], [193276.6753830978, 8737156.658919195], [193276.53599896884, 8737156.587899433], [193276.38149047166, 8737156.563427692], [193276.22698197447, 8737156.587899433], [193276.0875978455, 8737156.658919195], [193275.97698197447, 8737156.769535067]]]}, "properties": {"class_id": 4}}, {"type": "Feature", "geometry": {"type": "Polygon", "coordinates": [[[193248.19617833316, 8737157.728980307], [193248.1251585722, 8737157.868364435], [193248.10068683035, 8737158.022872932], [193248.1251585722, 8737158.17738143], [193248.19617833316, 8737158.316765558], [193248.3067942042, 8737158.42738143], [193248.44617833316, 8737158.498401191], [193248.60068683035, 8737158.522872932], [193248.75519532754, 8737158.498401191], [193248.8945794565, 8737158.42738143], [193249.00519532754, 8737158.316765558], [193249.0762150885, 8737158.17738143], [193249.10068683035, 8737158.022872932], [193249.0762150885, 8737157.868364435], [193249.00519532754, 8737157.728980307], [193248.8945794565, 8737157.618364435], [193248.75519532754, 8737157.547344673], [193248.60068683035, 8737157.522872932], [193248.44617833316, 8737157.547344673], [193248.3067942042, 8737157.618364435], [193248.19617833316, 8737157.728980307]]]}, "properties": {"class_id": 4}}, {"type": "Feature", "geometry": {"type": "Polygon", "coordinates": [[[193246.8806131618, 8737158.489681939], [193246.80959340083, 8737158.629066067], [193246.785121659, 8737158.783574564], [193246.80959340083, 8737158.938083062], [193246.8806131618, 8737159.07746719], [193246.99122903284, 8737159.188083062], [193247.1306131618, 8737159.259102823], [193247.285121659, 8737159.283574564], [193247.43963015618, 8737159.259102823], [193247.57901428515, 8737159.188083062], [193247.68963015618, 8737159.07746719], [193247.76064991715, 8737158.938083062], [193247.785121659, 8737158.783574564], [193247.76064991715, 8737158.629066067], [193247.68963015618, 8737158.489681939], [193247.57901428515, 8737158.379066067], [193247.43963015618, 8737158.308046306], [193247.285121659, 8737158.283574564], [193247.1306131618, 8737158.308046306], [193246.99122903284, 8737158.379066067], [193246.8806131618, 8737158.489681939]]]}, "properties": {"class_id": 4}}, {"type": "Feature", "geometry": {"type": "Polygon", "coordinates": [[[193252.17311499713, 8737160.805089496], [193252.0624991261, 8737160.915705368], [193251.99147936513, 8737161.055089496], [193251.9670076233, 8737161.209597994], [193251.99147936513, 8737161.364106491], [193252.0624991261, 8737161.50349062], [193252.17311499713, 8737161.614106491], [193252.3124991261, 8737161.685126252], [193252.4670076233, 8737161.709597994], [193252.62151612047, 8737161.685126252], [193252.76090024944, 8737161.614106491], [193252.87151612047, 8737161.50349062], [193252.94253588145, 8737161.364106491], [193252.9670076233, 8737161.209597994], [193252.94253588145, 8737161.055089496], [193252.87151612047, 8737160.915705368], [193252.76090024944, 8737160.805089496], [193252.62151612047, 8737160.734069735], [193252.4670076233, 8737160.709597994], [193252.3124991261, 8737160.734069735], [193252.17311499713, 8737160.805089496]]]}, "properties": {"class_id": 4}}, {"type": "Feature", "geometry": {"type": "Polygon", "coordinates": [[[193265.3493938759, 8737186.78994713], [193265.27837411492, 8737186.929331258], [193265.25390237308, 8737187.083839756], [193265.27837411492, 8737187.238348253], [193265.3493938759, 8737187.377732381], [193265.46000974692, 8737187.488348253], [193265.5993938759, 8737187.559368014], [193265.75390237308, 8737187.583839756], [193265.90841087027, 8737187.559368014], [193266.04779499923, 8737187.488348253], [193266.15841087027, 8737187.377732381], [193266.22943063124, 8737187.238348253], [193266.25390237308, 8737187.083839756], [193266.22943063124, 8737186.929331258], [193266.15841087027, 8737186.78994713], [193266.04779499923, 8737186.679331258], [193265.90841087027, 8737186.608311497], [193265.75390237308, 8737186.583839756], [193265.5993938759, 8737186.608311497], [193265.46000974692, 8737186.679331258], [193265.3493938759, 8737186.78994713]]]}, "properties": {"class_id": 4}}, {"type": "Feature", "geometry": {"type": "Polygon", "coordinates": [[[193264.6173210637, 8737187.954608422], [193264.54630130273, 8737188.09399255], [193264.5218295609, 8737188.248501047], [193264.54630130273, 8737188.403009545], [193264.6173210637, 8737188.542393673], [193264.72793693474, 8737188.653009545], [193264.8673210637, 8737188.724029306], [193265.0218295609, 8737188.748501047], [193265.17633805808, 8737188.724029306], [193265.31572218705, 8737188.653009545], [193265.42633805808, 8737188.542393673], [193265.49735781905, 8737188.403009545], [193265.5218295609, 8737188.248501047], [193265.49735781905, 8737188.09399255], [193265.42633805808, 8737187.954608422], [193265.31572218705, 8737187.84399255], [193265.17633805808, 8737187.772972789], [193265.0218295609, 8737187.748501047], [193264.8673210637, 8737187.772972789], [193264.72793693474, 8737187.84399255], [193264.6173210637, 8737187.954608422]]]}, "properties": {"class_id": 4}}, {"type": "Feature", "geometry": {"type": "Polygon", "coordinates": [[[193269.41985814006, 8737199.923193952], [193269.30924226902, 8737200.033809824], [193269.23822250805, 8737200.173193952], [193269.2137507662, 8737200.32770245], [193269.23822250805, 8737200.482210947], [193269.30924226902, 8737200.621595075], [193269.41985814006, 8737200.732210947], [193269.55924226902, 8737200.803230708], [193269.7137507662, 8737200.82770245], [193269.8682592634, 8737200.803230708], [193269.96243377277, 8737200.755246399], [193269.9458235784, 8737200.86011904], [193269.97029532024, 8737201.014627537], [193270.0413150812, 8737201.154011665], [193270.15193095224, 8737201.264627537], [193270.2913150812, 8737201.335647298], [193270.4458235784, 8737201.36011904], [193270.60033207558, 8737201.335647298], [193270.73971620455, 8737201.264627537], [193270.85033207558, 8737201.154011665], [193270.92135183656, 8737201.014627537], [193270.9458235784, 8737200.86011904], [193270.92135183656, 8737200.705610542], [193270.85033207558, 8737200.566226413], [193270.73971620455, 8737200.455610542], [193270.60033207558, 8737200.38459078], [193270.4458235784, 8737200.36011904], [193270.2913150812, 8737200.38459078], [193270.19714057184, 8737200.43257509], [193270.2137507662, 8737200.32770245], [193270.18927902437, 8737200.173193952], [193270.1182592634, 8737200.033809824], [193270.00764339237, 8737199.923193952], [193269.8682592634, 8737199.85217419], [193269.7137507662, 8737199.82770245], [193269.55924226902, 8737199.85217419], [193269.41985814006, 8737199.923193952]]]}, "properties": {"class_id": 4}}, {"type": "Feature", "geometry": {"type": "Polygon", "coordinates": [[[193252.13880721974, 8737207.121605687], [193252.06778745877, 8737207.260989815], [193252.04331571693, 8737207.415498313], [193252.06778745877, 8737207.57000681], [193252.13880721974, 8737207.709390938], [193252.24942309078, 8737207.82000681], [193252.38880721974, 8737207.891026571], [193252.54331571693, 8737207.915498313], [193252.69782421412, 8737207.891026571], [193252.8372083431, 8737207.82000681], [193252.94782421412, 8737207.709390938], [193253.0188439751, 8737207.57000681], [193253.04331571693, 8737207.415498313], [193253.0188439751, 8737207.260989815], [193252.94782421412, 8737207.121605687], [193252.8372083431, 8737207.010989815], [193252.69782421412, 8737206.939970054], [193252.54331571693, 8737206.915498313], [193252.38880721974, 8737206.939970054], [193252.24942309078, 8737207.010989815], [193252.13880721974, 8737207.121605687]]]}, "properties": {"class_id": 4}}, {"type": "Feature", "geometry": {"type": "Polygon", "coordinates": [[[193254.4123654904, 8737207.343750184], [193254.30174961936, 8737207.454366056], [193254.2307298584, 8737207.593750184], [193254.20625811655, 8737207.748258682], [193254.2307298584, 8737207.90276718], [193254.30174961936, 8737208.042151308], [193254.4123654904, 8737208.15276718], [193254.55174961936, 8737208.22378694], [193254.70625811655, 8737208.248258682], [193254.86076661374, 8737208.22378694], [193255.0001507427, 8737208.15276718], [193255.11076661374, 8737208.042151308], [193255.1817863747, 8737207.90276718], [193255.20625811655, 8737207.748258682], [193255.1817863747, 8737207.593750184], [193255.11076661374, 8737207.454366056], [193255.0001507427, 8737207.343750184], [193254.86076661374, 8737207.272730423], [193254.70625811655, 8737207.248258682], [193254.55174961936, 8737207.272730423], [193254.4123654904, 8737207.343750184]]]}, "properties": {"class_id": 4}}, {"type": "Feature", "geometry": {"type": "Polygon", "coordinates": [[[193351.6163376035, 8737218.843802214], [193351.54531784254, 8737218.983186342], [193351.5208461007, 8737219.13769484], [193351.54531784254, 8737219.292203337], [193351.6163376035, 8737219.431587465], [193351.72695347454, 8737219.542203337], [193351.8663376035, 8737219.613223098], [193352.0208461007, 8737219.63769484], [193352.1753545979, 8737219.613223098], [193352.31473872685, 8737219.542203337], [193352.4253545979, 8737219.431587465], [193352.49637435886, 8737219.292203337], [193352.5208461007, 8737219.13769484], [193352.49637435886, 8737218.983186342], [193352.4253545979, 8737218.843802214], [193352.31473872685, 8737218.733186342], [193352.1753545979, 8737218.66216658], [193352.0208461007, 8737218.63769484], [193351.8663376035, 8737218.66216658], [193351.72695347454, 8737218.733186342], [193351.6163376035, 8737218.843802214]]]}, "properties": {"class_id": 4}}, {"type": "Feature", "geometry": {"type": "Polygon", "coordinates": [[[193298.01814311926, 8737524.19232346], [193297.9471233583, 8737524.331707587], [193297.92265161645, 8737524.486216085], [193297.9471233583, 8737524.640724583], [193298.01814311926, 8737524.78010871], [193298.1287589903, 8737524.890724583], [193298.26814311926, 8737524.961744344], [193298.42265161645, 8737524.986216085], [193298.57716011364, 8737524.961744344], [193298.7165442426, 8737524.890724583], [193298.82716011364, 8737524.78010871], [193298.8981798746, 8737524.640724583], [193298.92265161645, 8737524.486216085], [193298.8981798746, 8737524.331707587], [193298.82716011364, 8737524.19232346], [193298.7165442426, 8737524.081707587], [193298.57716011364, 8737524.010687826], [193298.42265161645, 8737523.986216085], [193298.26814311926, 8737524.010687826], [193298.1287589903, 8737524.081707587], [193298.01814311926, 8737524.19232346]]]}, "properties": {"class_id": 4}}, {"type": "Feature", "geometry": {"type": "Polygon", "coordinates": [[[193284.51885989116, 8737524.564210122], [193284.40824402013, 8737524.674825994], [193284.33722425916, 8737524.814210122], [193284.31275251732, 8737524.96871862], [193284.33722425916, 8737525.123227118], [193284.40824402013, 8737525.262611246], [193284.51885989116, 8737525.373227118], [193284.65824402013, 8737525.444246879], [193284.81275251732, 8737525.46871862], [193284.9672610145, 8737525.444246879], [193285.10664514347, 8737525.373227118], [193285.2172610145, 8737525.262611246], [193285.28828077548, 8737525.123227118], [193285.31275251732, 8737524.96871862], [193285.28828077548, 8737524.814210122], [193285.2172610145, 8737524.674825994], [193285.10664514347, 8737524.564210122], [193284.9672610145, 8737524.493190361], [193284.81275251732, 8737524.46871862], [193284.65824402013, 8737524.493190361], [193284.51885989116, 8737524.564210122]]]}, "properties": {"class_id": 4}}, {"type": "Feature", "geometry": {"type": "Polygon", "coordinates": [[[193284.62453826008, 8737526.305351803], [193284.5553447322, 8737526.441151747], [193284.4585877986, 8737526.45647654], [193284.31920366964, 8737526.5274963], [193284.2085877986, 8737526.638112172], [193284.13756803764, 8737526.7774963], [193284.1130962958, 8737526.932004798], [193284.13756803764, 8737527.086513296], [193284.2085877986, 8737527.225897424], [193284.31920366964, 8737527.336513296], [193284.4585877986, 8737527.407533057], [193284.6130962958, 8737527.432004798], [193284.76760479299, 8737527.407533057], [193284.90698892195, 8737527.336513296], [193285.01760479299, 8737527.225897424], [193285.08679832087, 8737527.09009748], [193285.18355525445, 8737527.074772688], [193285.32293938342, 8737527.003752926], [193285.43355525445, 8737526.893137055], [193285.50457501542, 8737526.753752926], [193285.52904675726, 8737526.599244429], [193285.50457501542, 8737526.444735931], [193285.43355525445, 8737526.305351803], [193285.32293938342, 8737526.194735931], [193285.18355525445, 8737526.12371617], [193285.02904675726, 8737526.099244429], [193284.87453826008, 8737526.12371617], [193284.7351541311, 8737526.194735931], [193284.62453826008, 8737526.305351803]]]}, "properties": {"class_id": 4}}, {"type": "Feature", "geometry": {"type": "Polygon", "coordinates": [[[193276.66571517874, 8737527.40931128], [193276.5550993077, 8737527.519927152], [193276.48407954673, 8737527.65931128], [193276.4596078049, 8737527.813819777], [193276.48407954673, 8737527.968328275], [193276.5550993077, 8737528.107712403], [193276.66571517874, 8737528.218328275], [193276.8050993077, 8737528.289348036], [193276.9596078049, 8737528.313819777], [193277.11411630208, 8737528.289348036], [193277.25350043105, 8737528.218328275], [193277.36411630208, 8737528.107712403], [193277.43513606305, 8737527.968328275], [193277.4596078049, 8737527.813819777], [193277.43513606305, 8737527.65931128], [193277.36411630208, 8737527.519927152], [193277.25350043105, 8737527.40931128], [193277.11411630208, 8737527.338291518], [193276.9596078049, 8737527.313819777], [193276.8050993077, 8737527.338291518], [193276.66571517874, 8737527.40931128]]]}, "properties": {"class_id": 4}}, {"type": "Feature", "geometry": {"type": "Polygon", "coordinates": [[[193297.88503897158, 8737527.8360495], [193297.8140192106, 8737527.975433629], [193297.78954746877, 8737528.129942127], [193297.8140192106, 8737528.284450624], [193297.88503897158, 8737528.423834752], [193297.9956548426, 8737528.534450624], [193298.13503897158, 8737528.605470385], [193298.28954746877, 8737528.629942127], [193298.44405596596, 8737528.605470385], [193298.58344009492, 8737528.534450624], [193298.69405596596, 8737528.423834752], [193298.76507572693, 8737528.284450624], [193298.78954746877, 8737528.129942127], [193298.76507572693, 8737527.975433629], [193298.69405596596, 8737527.8360495], [193298.58344009492, 8737527.725433629], [193298.44405596596, 8737527.654413868], [193298.28954746877, 8737527.629942127], [193298.13503897158, 8737527.654413868], [193297.9956548426, 8737527.725433629], [193297.88503897158, 8737527.8360495]]]}, "properties": {"class_id": 4}}, {"type": "Feature", "geometry": {"type": "Polygon", "coordinates": [[[193285.456439183, 8737528.235361945], [193285.38541942203, 8737528.374746073], [193285.3609476802, 8737528.52925457], [193285.38541942203, 8737528.683763068], [193285.456439183, 8737528.823147196], [193285.56705505404, 8737528.933763068], [193285.706439183, 8737529.00478283], [193285.8609476802, 8737529.02925457], [193286.01545617738, 8737529.00478283], [193286.15484030635, 8737528.933763068], [193286.26545617738, 8737528.823147196], [193286.33647593835, 8737528.683763068], [193286.3609476802, 8737528.52925457], [193286.33647593835, 8737528.374746073], [193286.26545617738, 8737528.235361945], [193286.15484030635, 8737528.124746073], [193286.01545617738, 8737528.053726312], [193285.8609476802, 8737528.02925457], [193285.706439183, 8737528.053726312], [193285.56705505404, 8737528.124746073], [193285.456439183, 8737528.235361945]]]}, "properties": {"class_id": 4}}, {"type": "Feature", "geometry": {"type": "Polygon", "coordinates": [[[193286.4655080508, 8737528.92337096], [193286.35489217978, 8737529.033986831], [193286.2838724188, 8737529.17337096], [193286.25940067697, 8737529.327879457], [193286.2838724188, 8737529.482387954], [193286.35489217978, 8737529.621772083], [193286.4655080508, 8737529.732387954], [193286.60489217978, 8737529.803407716], [193286.75940067697, 8737529.827879457], [193286.91390917415, 8737529.803407716], [193287.05329330312, 8737529.732387954], [193287.16390917415, 8737529.621772083], [193287.23492893513, 8737529.482387954], [193287.25940067697, 8737529.327879457], [193287.23492893513, 8737529.17337096], [193287.16390917415, 8737529.033986831], [193287.05329330312, 8737528.92337096], [193286.91390917415, 8737528.852351198], [193286.75940067697, 8737528.827879457], [193286.60489217978, 8737528.852351198], [193286.4655080508, 8737528.92337096]]]}, "properties": {"class_id": 4}}, {"type": "Feature", "geometry": {"type": "Polygon", "coordinates": [[[193287.2367071581, 8737529.799335679], [193287.16568739712, 8737529.938719807], [193287.14121565528, 8737530.093228305], [193287.16568739712, 8737530.247736802], [193287.2367071581, 8737530.38712093], [193287.34732302913, 8737530.497736802], [193287.4867071581, 8737530.568756564], [193287.64121565528, 8737530.593228305], [193287.79572415247, 8737530.568756564], [193287.93510828144, 8737530.497736802], [193288.04572415247, 8737530.38712093], [193288.11674391344, 8737530.247736802], [193288.14121565528, 8737530.093228305], [193288.11674391344, 8737529.938719807], [193288.04572415247, 8737529.799335679], [193287.93510828144, 8737529.688719807], [193287.79572415247, 8737529.617700046], [193287.64121565528, 8737529.593228305], [193287.4867071581, 8737529.617700046], [193287.34732302913, 8737529.688719807], [193287.2367071581, 8737529.799335679]]]}, "properties": {"class_id": 4}}, {"type": "Feature", "geometry": {"type": "Polygon", "coordinates": [[[193291.4960398835, 8737530.86416886], [193291.42502012252, 8737531.003552988], [193291.40054838068, 8737531.158061486], [193291.42502012252, 8737531.312569983], [193291.4960398835, 8737531.451954111], [193291.60665575453, 8737531.562569983], [193291.7460398835, 8737531.633589745], [193291.90054838068, 8737531.658061486], [193292.05505687787, 8737531.633589745], [193292.19444100684, 8737531.562569983], [193292.30505687787, 8737531.451954111], [193292.37607663884, 8737531.312569983], [193292.40054838068, 8737531.158061486], [193292.37607663884, 8737531.003552988], [193292.30505687787, 8737530.86416886], [193292.19444100684, 8737530.753552988], [193292.05505687787, 8737530.682533227], [193291.90054838068, 8737530.658061486], [193291.7460398835, 8737530.682533227], [193291.60665575453, 8737530.753552988], [193291.4960398835, 8737530.86416886]]]}, "properties": {"class_id": 4}}, {"type": "Feature", "geometry": {"type": "Polygon", "coordinates": [[[193293.60321796956, 8737530.969847228], [193293.49260209853, 8737531.0804631], [193293.42158233756, 8737531.219847228], [193293.39711059572, 8737531.374355726], [193293.42158233756, 8737531.528864224], [193293.49260209853, 8737531.668248352], [193293.60321796956, 8737531.778864224], [193293.74260209853, 8737531.849883985], [193293.89711059572, 8737531.874355726], [193294.0516190929, 8737531.849883985], [193294.19100322187, 8737531.778864224], [193294.3016190929, 8737531.668248352], [193294.37263885388, 8737531.528864224], [193294.39711059572, 8737531.374355726], [193294.37263885388, 8737531.219847228], [193294.3016190929, 8737531.0804631], [193294.19100322187, 8737530.969847228], [193294.0516190929, 8737530.898827467], [193293.89711059572, 8737530.874355726], [193293.74260209853, 8737530.898827467], [193293.60321796956, 8737530.969847228]]]}, "properties": {"class_id": 4}}, {"type": "Feature", "geometry": {"type": "Polygon", "coordinates": [[[193274.0202702438, 8737531.036399303], [193273.90965437278, 8737531.147015175], [193273.8386346118, 8737531.286399303], [193273.81416286997, 8737531.4409078], [193273.8386346118, 8737531.595416298], [193273.90965437278, 8737531.734800426], [193274.0202702438, 8737531.845416298], [193274.15965437278, 8737531.91643606], [193274.31416286997, 8737531.9409078], [193274.46867136715, 8737531.91643606], [193274.60805549612, 8737531.845416298], [193274.71867136715, 8737531.734800426], [193274.78969112813, 8737531.595416298], [193274.81416286997, 8737531.4409078], [193274.78969112813, 8737531.286399303], [193274.71867136715, 8737531.147015175], [193274.60805549612, 8737531.036399303], [193274.46867136715, 8737530.965379542], [193274.31416286997, 8737530.9409078], [193274.15965437278, 8737530.965379542], [193274.0202702438, 8737531.036399303]]]}, "properties": {"class_id": 4}}, {"type": "Feature", "geometry": {"type": "Polygon", "coordinates": [[[193288.21249998896, 8737531.186141469], [193288.10188411793, 8737531.29675734], [193288.03086435696, 8737531.436141469], [193288.00639261512, 8737531.590649966], [193288.03086435696, 8737531.745158464], [193288.10188411793, 8737531.884542592], [193288.21249998896, 8737531.995158464], [193288.35188411793, 8737532.066178225], [193288.3643755954, 8737532.06815668], [193288.3303486892, 8737532.134938244], [193288.30587694736, 8737532.289446741], [193288.3303486892, 8737532.443955239], [193288.40136845017, 8737532.583339367], [193288.5119843212, 8737532.693955239], [193288.65136845017, 8737532.764975], [193288.80587694736, 8737532.789446741], [193288.96038544454, 8737532.764975], [193289.0997695735, 8737532.693955239], [193289.21038544454, 8737532.583339367], [193289.28140520552, 8737532.443955239], [193289.30587694736, 8737532.289446741], [193289.28140520552, 8737532.134938244], [193289.21038544454, 8737531.995554116], [193289.0997695735, 8737531.884938244], [193288.96038544454, 8737531.813918483], [193288.94789396707, 8737531.811940027], [193288.98192087328, 8737531.745158464], [193289.00639261512, 8737531.590649966], [193288.98192087328, 8737531.436141469], [193288.9109011123, 8737531.29675734], [193288.80028524128, 8737531.186141469], [193288.6609011123, 8737531.115121707], [193288.50639261512, 8737531.090649966], [193288.35188411793, 8737531.115121707], [193288.21249998896, 8737531.186141469]]]}, "properties": {"class_id": 4}}, {"type": "Feature", "geometry": {"type": "Polygon", "coordinates": [[[193292.41113089872, 8737531.62951771], [193292.34011113775, 8737531.768901838], [193292.3156393959, 8737531.923410336], [193292.34011113775, 8737532.077918833], [193292.41113089872, 8737532.217302961], [193292.52174676975, 8737532.327918833], [193292.66113089872, 8737532.398938594], [193292.8156393959, 8737532.423410336], [193292.9701478931, 8737532.398938594], [193293.10953202206, 8737532.327918833], [193293.2201478931, 8737532.217302961], [193293.29116765407, 8737532.077918833], [193293.3156393959, 8737531.923410336], [193293.29116765407, 8737531.768901838], [193293.2201478931, 8737531.62951771], [193293.10953202206, 8737531.518901838], [193292.9701478931, 8737531.447882077], [193292.8156393959, 8737531.423410336], [193292.66113089872, 8737531.447882077], [193292.52174676975, 8737531.518901838], [193292.41113089872, 8737531.62951771]]]}, "properties": {"class_id": 4}}, {"type": "Feature", "geometry": {"type": "Polygon", "coordinates": [[[193278.77874352297, 8737532.666925112], [193278.66812765194, 8737532.777540984], [193278.59710789096, 8737532.916925112], [193278.57263614913, 8737533.07143361], [193278.59710789096, 8737533.225942107], [193278.66812765194, 8737533.365326235], [193278.77874352297, 8737533.475942107], [193278.91812765194, 8737533.546961868], [193279.07263614913, 8737533.57143361], [193279.2271446463, 8737533.546961868], [193279.36652877528, 8737533.475942107], [193279.4771446463, 8737533.365326235], [193279.5481644073, 8737533.225942107], [193279.57263614913, 8737533.07143361], [193279.5481644073, 8737532.916925112], [193279.4771446463, 8737532.777540984], [193279.36652877528, 8737532.666925112], [193279.2271446463, 8737532.59590535], [193279.07263614913, 8737532.57143361], [193278.91812765194, 8737532.59590535], [193278.77874352297, 8737532.666925112]]]}, "properties": {"class_id": 4}}, {"type": "Feature", "geometry": {"type": "Polygon", "coordinates": [[[193275.29060990486, 8737535.472899973], [193275.21959014388, 8737535.612284102], [193275.19511840204, 8737535.7667926], [193275.21959014388, 8737535.921301097], [193275.29060990486, 8737536.060685225], [193275.4012257759, 8737536.171301097], [193275.54060990486, 8737536.242320858], [193275.69511840204, 8737536.2667926], [193275.84962689923, 8737536.242320858], [193275.9890110282, 8737536.171301097], [193276.09962689923, 8737536.060685225], [193276.1706466602, 8737535.921301097], [193276.19511840204, 8737535.7667926], [193276.1706466602, 8737535.612284102], [193276.09962689923, 8737535.472899973], [193275.9890110282, 8737535.362284102], [193275.84962689923, 8737535.29126434], [193275.69511840204, 8737535.2667926], [193275.54060990486, 8737535.29126434], [193275.4012257759, 8737535.362284102], [193275.29060990486, 8737535.472899973]]]}, "properties": {"class_id": 4}}, {"type": "Feature", "geometry": {"type": "Polygon", "coordinates": [[[193277.8029506921, 8737535.8555744], [193277.73193093113, 8737535.994958527], [193277.7074591893, 8737536.149467025], [193277.73193093113, 8737536.303975523], [193277.8029506921, 8737536.44335965], [193277.91356656313, 8737536.553975523], [193278.0529506921, 8737536.624995284], [193278.2074591893, 8737536.649467025], [193278.36196768648, 8737536.624995284], [193278.50135181544, 8737536.553975523], [193278.61196768648, 8737536.44335965], [193278.68298744745, 8737536.303975523], [193278.7074591893, 8737536.149467025], [193278.68298744745, 8737535.994958527], [193278.61196768648, 8737535.8555744], [193278.50135181544, 8737535.744958527], [193278.36196768648, 8737535.673938766], [193278.2074591893, 8737535.649467025], [193278.0529506921, 8737535.673938766], [193277.91356656313, 8737535.744958527], [193277.8029506921, 8737535.8555744]]]}, "properties": {"class_id": 4}}, {"type": "Feature", "geometry": {"type": "Polygon", "coordinates": [[[193273.9869942069, 8737536.02780484], [193273.87637833587, 8737536.138420712], [193273.8053585749, 8737536.27780484], [193273.78088683306, 8737536.432313338], [193273.8053585749, 8737536.586821835], [193273.87637833587, 8737536.726205964], [193273.9869942069, 8737536.836821835], [193274.12637833587, 8737536.907841597], [193274.28088683306, 8737536.932313338], [193274.43539533025, 8737536.907841597], [193274.57477945922, 8737536.836821835], [193274.68539533025, 8737536.726205964], [193274.75641509122, 8737536.586821835], [193274.78088683306, 8737536.432313338], [193274.75641509122, 8737536.27780484], [193274.68539533025, 8737536.138420712], [193274.57477945922, 8737536.02780484], [193274.43539533025, 8737535.95678508], [193274.28088683306, 8737535.932313338], [193274.12637833587, 8737535.95678508], [193273.9869942069, 8737536.02780484]]]}, "properties": {"class_id": 4}}, {"type": "Feature", "geometry": {"type": "Polygon", "coordinates": [[[193274.7914693511, 8737536.953683617], [193274.72044959012, 8737537.093067745], [193274.69597784829, 8737537.247576242], [193274.72044959012, 8737537.40208474], [193274.7914693511, 8737537.541468868], [193274.90208522213, 8737537.65208474], [193275.0414693511, 8737537.723104501], [193275.19597784829, 8737537.747576242], [193275.35048634547, 8737537.723104501], [193275.48987047444, 8737537.65208474], [193275.60048634547, 8737537.541468868], [193275.67150610645, 8737537.40208474], [193275.69597784829, 8737537.247576242], [193275.67150610645, 8737537.093067745], [193275.60048634547, 8737536.953683617], [193275.48987047444, 8737536.843067745], [193275.35048634547, 8737536.772047983], [193275.19597784829, 8737536.747576242], [193275.0414693511, 8737536.772047983], [193274.90208522213, 8737536.843067745], [193274.7914693511, 8737536.953683617]]]}, "properties": {"class_id": 4}}, {"type": "Feature", "geometry": {"type": "Polygon", "coordinates": [[[193279.8827029994, 8737538.234811038], [193279.81168323843, 8737538.374195166], [193279.7872114966, 8737538.528703663], [193279.81168323843, 8737538.683212161], [193279.8827029994, 8737538.82259629], [193279.99331887043, 8737538.933212161], [193280.1327029994, 8737539.004231922], [193280.2872114966, 8737539.028703663], [193280.44171999377, 8737539.004231922], [193280.58110412274, 8737538.933212161], [193280.69171999377, 8737538.82259629], [193280.76273975475, 8737538.683212161], [193280.7872114966, 8737538.528703663], [193280.76273975475, 8737538.374195166], [193280.69171999377, 8737538.234811038], [193280.58110412274, 8737538.124195166], [193280.44171999377, 8737538.053175405], [193280.2872114966, 8737538.028703663], [193280.1327029994, 8737538.053175405], [193279.99331887043, 8737538.124195166], [193279.8827029994, 8737538.234811038]]]}, "properties": {"class_id": 4}}, {"type": "Feature", "geometry": {"type": "Polygon", "coordinates": [[[193277.49761610164, 8737540.470155768], [193277.3870002306, 8737540.58077164], [193277.31598046963, 8737540.720155768], [193277.2915087278, 8737540.874664266], [193277.31598046963, 8737541.029172763], [193277.3870002306, 8737541.168556891], [193277.49761610164, 8737541.279172763], [193277.6370002306, 8737541.350192524], [193277.7915087278, 8737541.374664266], [193277.94601722498, 8737541.350192524], [193278.08540135395, 8737541.279172763], [193278.19601722498, 8737541.168556891], [193278.26703698596, 8737541.029172763], [193278.2915087278, 8737540.874664266], [193278.26703698596, 8737540.720155768], [193278.19601722498, 8737540.58077164], [193278.08540135395, 8737540.470155768], [193277.94601722498, 8737540.399136007], [193277.7915087278, 8737540.374664266], [193277.6370002306, 8737540.399136007], [193277.49761610164, 8737540.470155768]]]}, "properties": {"class_id": 4}}, {"type": "Feature", "geometry": {"type": "Polygon", "coordinates": [[[193276.65492741842, 8737542.028279247], [193276.58390765745, 8737542.167663375], [193276.5594359156, 8737542.322171872], [193276.58390765745, 8737542.47668037], [193276.65492741842, 8737542.616064498], [193276.76554328945, 8737542.72668037], [193276.90492741842, 8737542.797700131], [193277.0594359156, 8737542.822171872], [193277.2139444128, 8737542.797700131], [193277.35332854177, 8737542.72668037], [193277.4639444128, 8737542.616064498], [193277.53496417377, 8737542.47668037], [193277.5594359156, 8737542.322171872], [193277.53496417377, 8737542.167663375], [193277.4639444128, 8737542.028279247], [193277.35332854177, 8737541.917663375], [193277.2139444128, 8737541.846643614], [193277.0594359156, 8737541.822171872], [193276.90492741842, 8737541.846643614], [193276.76554328945, 8737541.917663375], [193276.65492741842, 8737542.028279247]]]}, "properties": {"class_id": 4}}, {"type": "Feature", "geometry": {"type": "Polygon", "coordinates": [[[193381.58479954887, 8736699.328827519], [193381.5137797879, 8736699.468211647], [193381.48930804606, 8736699.622720145], [193381.5137797879, 8736699.777228642], [193381.58479954887, 8736699.91661277], [193381.6954154199, 8736700.027228642], [193381.83479954887, 8736700.098248404], [193381.98930804606, 8736700.122720145], [193382.14381654325, 8736700.098248404], [193382.28320067222, 8736700.027228642], [193382.39381654325, 8736699.91661277], [193382.46483630422, 8736699.777228642], [193382.48930804606, 8736699.622720145], [193382.46483630422, 8736699.468211647], [193382.39381654325, 8736699.328827519], [193382.28320067222, 8736699.218211647], [193382.14381654325, 8736699.147191886], [193381.98930804606, 8736699.122720145], [193381.83479954887, 8736699.147191886], [193381.6954154199, 8736699.218211647], [193381.58479954887, 8736699.328827519]]]}, "properties": {"class_id": 4}}, {"type": "Feature", "geometry": {"type": "Polygon", "coordinates": [[[193378.26711975617, 8736700.51087825], [193378.15650388514, 8736700.621494122], [193378.08548412417, 8736700.76087825], [193378.06101238233, 8736700.915386748], [193378.08548412417, 8736701.069895245], [193378.15650388514, 8736701.209279373], [193378.26711975617, 8736701.319895245], [193378.40650388514, 8736701.390915006], [193378.56101238233, 8736701.415386748], [193378.71552087952, 8736701.390915006], [193378.85490500848, 8736701.319895245], [193378.96552087952, 8736701.209279373], [193379.0365406405, 8736701.069895245], [193379.06101238233, 8736700.915386748], [193379.0365406405, 8736700.76087825], [193378.96552087952, 8736700.621494122], [193378.85490500848, 8736700.51087825], [193378.71552087952, 8736700.439858489], [193378.56101238233, 8736700.415386748], [193378.40650388514, 8736700.439858489], [193378.26711975617, 8736700.51087825]]]}, "properties": {"class_id": 4}}, {"type": "Feature", "geometry": {"type": "Polygon", "coordinates": [[[193373.50807241877, 8736704.07541914], [193373.4370526578, 8736704.214803267], [193373.41258091596, 8736704.369311765], [193373.4370526578, 8736704.523820262], [193373.50807241877, 8736704.66320439], [193373.6186882898, 8736704.773820262], [193373.75807241877, 8736704.844840024], [193373.91258091596, 8736704.869311765], [193374.06708941315, 8736704.844840024], [193374.20647354212, 8736704.773820262], [193374.31708941315, 8736704.66320439], [193374.38810917412, 8736704.523820262], [193374.41258091596, 8736704.369311765], [193374.38810917412, 8736704.214803267], [193374.31708941315, 8736704.07541914], [193374.20647354212, 8736703.964803267], [193374.06708941315, 8736703.893783506], [193373.91258091596, 8736703.869311765], [193373.75807241877, 8736703.893783506], [193373.6186882898, 8736703.964803267], [193373.50807241877, 8736704.07541914]]]}, "properties": {"class_id": 4}}, {"type": "Feature", "geometry": {"type": "Polygon", "coordinates": [[[193363.3273303591, 8736704.713178568], [193363.25631059814, 8736704.852562696], [193363.2318388563, 8736705.007071193], [193363.25631059814, 8736705.16157969], [193363.3273303591, 8736705.300963819], [193363.43794623014, 8736705.41157969], [193363.5773303591, 8736705.482599452], [193363.7318388563, 8736705.507071193], [193363.8863473535, 8736705.482599452], [193364.02573148246, 8736705.41157969], [193364.1363473535, 8736705.300963819], [193364.20736711446, 8736705.16157969], [193364.2318388563, 8736705.007071193], [193364.20736711446, 8736704.852562696], [193364.1363473535, 8736704.713178568], [193364.02573148246, 8736704.602562696], [193363.8863473535, 8736704.531542934], [193363.7318388563, 8736704.507071193], [193363.5773303591, 8736704.531542934], [193363.43794623014, 8736704.602562696], [193363.3273303591, 8736704.713178568]]]}, "properties": {"class_id": 4}}, {"type": "Feature", "geometry": {"type": "Polygon", "coordinates": [[[193361.61050199674, 8736705.689783227], [193361.4998861257, 8736705.800399099], [193361.42886636473, 8736705.939783227], [193361.4043946229, 8736706.094291724], [193361.42886636473, 8736706.248800222], [193361.4998861257, 8736706.38818435], [193361.61050199674, 8736706.498800222], [193361.7498861257, 8736706.569819983], [193361.9043946229, 8736706.594291724], [193362.05890312008, 8736706.569819983], [193362.19828724905, 8736706.498800222], [193362.30890312008, 8736706.38818435], [193362.37992288105, 8736706.248800222], [193362.4043946229, 8736706.094291724], [193362.37992288105, 8736705.939783227], [193362.30890312008, 8736705.800399099], [193362.19828724905, 8736705.689783227], [193362.05890312008, 8736705.618763465], [193361.9043946229, 8736705.594291724], [193361.7498861257, 8736705.618763465], [193361.61050199674, 8736705.689783227]]]}, "properties": {"class_id": 4}}, {"type": "Feature", "geometry": {"type": "Polygon", "coordinates": [[[193359.4975675396, 8736706.18610575], [193359.42654777862, 8736706.325489879], [193359.4020760368, 8736706.479998376], [193359.42654777862, 8736706.634506874], [193359.4975675396, 8736706.773891002], [193359.60818341063, 8736706.884506874], [193359.7475675396, 8736706.955526635], [193359.9020760368, 8736706.979998376], [193360.05658453397, 8736706.955526635], [193360.19596866294, 8736706.884506874], [193360.30658453397, 8736706.773891002], [193360.37760429495, 8736706.634506874], [193360.4020760368, 8736706.479998376], [193360.37760429495, 8736706.325489879], [193360.30658453397, 8736706.18610575], [193360.19596866294, 8736706.075489879], [193360.05658453397, 8736706.004470117], [193359.9020760368, 8736705.979998376], [193359.7475675396, 8736706.004470117], [193359.60818341063, 8736706.075489879], [193359.4975675396, 8736706.18610575]]]}, "properties": {"class_id": 4}}, {"type": "Feature", "geometry": {"type": "Polygon", "coordinates": [[[193355.71093561428, 8736706.959636336], [193355.6399158533, 8736707.099020464], [193355.61544411146, 8736707.253528962], [193355.6399158533, 8736707.40803746], [193355.71093561428, 8736707.547421588], [193355.8215514853, 8736707.65803746], [193355.96093561428, 8736707.72905722], [193356.11544411146, 8736707.753528962], [193356.26995260865, 8736707.72905722], [193356.40933673762, 8736707.65803746], [193356.51995260865, 8736707.547421588], [193356.59097236962, 8736707.40803746], [193356.61544411146, 8736707.253528962], [193356.59097236962, 8736707.099020464], [193356.51995260865, 8736706.959636336], [193356.40933673762, 8736706.849020464], [193356.26995260865, 8736706.778000703], [193356.11544411146, 8736706.753528962], [193355.96093561428, 8736706.778000703], [193355.8215514853, 8736706.849020464], [193355.71093561428, 8736706.959636336]]]}, "properties": {"class_id": 4}}, {"type": "Feature", "geometry": {"type": "Polygon", "coordinates": [[[193354.9413483379, 8736715.164587943], [193354.83073246686, 8736715.275203815], [193354.75971270588, 8736715.414587943], [193354.73524096404, 8736715.56909644], [193354.75971270588, 8736715.723604938], [193354.83073246686, 8736715.862989066], [193354.9413483379, 8736715.973604938], [193355.08073246686, 8736716.0446247], [193355.23524096404, 8736716.06909644], [193355.38974946123, 8736716.0446247], [193355.5291335902, 8736715.973604938], [193355.63974946123, 8736715.862989066], [193355.7107692222, 8736715.723604938], [193355.73524096404, 8736715.56909644], [193355.7107692222, 8736715.414587943], [193355.63974946123, 8736715.275203815], [193355.5291335902, 8736715.164587943], [193355.38974946123, 8736715.093568182], [193355.23524096404, 8736715.06909644], [193355.08073246686, 8736715.093568182], [193354.9413483379, 8736715.164587943]]]}, "properties": {"class_id": 4}}, {"type": "Feature", "geometry": {"type": "Polygon", "coordinates": [[[193380.05355454187, 8736722.297354084], [193380.0213741915, 8736722.360511577], [193379.9875053946, 8736722.32664278], [193379.84812126562, 8736722.255623018], [193379.69361276843, 8736722.231151277], [193379.53910427124, 8736722.255623018], [193379.39972014228, 8736722.32664278], [193379.28910427124, 8736722.437258651], [193379.21808451027, 8736722.57664278], [193379.19361276843, 8736722.731151277], [193379.21808451027, 8736722.885659775], [193379.28910427124, 8736723.025043903], [193379.39972014228, 8736723.135659775], [193379.53910427124, 8736723.206679536], [193379.69361276843, 8736723.231151277], [193379.84812126562, 8736723.206679536], [193379.9875053946, 8736723.135659775], [193380.09812126562, 8736723.025043903], [193380.13030161598, 8736722.96188641], [193380.1641704129, 8736722.995755207], [193380.30355454187, 8736723.066774968], [193380.45806303906, 8736723.09124671], [193380.61257153624, 8736723.066774968], [193380.7519556652, 8736722.995755207], [193380.86257153624, 8736722.885139335], [193380.93359129722, 8736722.745755207], [193380.95806303906, 8736722.59124671], [193380.93359129722, 8736722.436738212], [193380.86257153624, 8736722.297354084], [193380.7519556652, 8736722.186738212], [193380.61257153624, 8736722.11571845], [193380.45806303906, 8736722.09124671], [193380.30355454187, 8736722.11571845], [193380.1641704129, 8736722.186738212], [193380.05355454187, 8736722.297354084]]]}, "properties": {"class_id": 4}}, {"type": "Feature", "geometry": {"type": "Polygon", "coordinates": [[[193374.88175193462, 8736723.571893536], [193374.7711360636, 8736723.682509407], [193374.7001163026, 8736723.821893536], [193374.67564456078, 8736723.976402033], [193374.7001163026, 8736724.13091053], [193374.7711360636, 8736724.270294659], [193374.88175193462, 8736724.38091053], [193375.0211360636, 8736724.451930292], [193375.17564456078, 8736724.476402033], [193375.33015305796, 8736724.451930292], [193375.46953718693, 8736724.38091053], [193375.58015305796, 8736724.270294659], [193375.65117281894, 8736724.13091053], [193375.67564456078, 8736723.976402033], [193375.65117281894, 8736723.821893536], [193375.58015305796, 8736723.682509407], [193375.46953718693, 8736723.571893536], [193375.33015305796, 8736723.500873774], [193375.17564456078, 8736723.476402033], [193375.0211360636, 8736723.500873774], [193374.88175193462, 8736723.571893536]]]}, "properties": {"class_id": 4}}, {"type": "Feature", "geometry": {"type": "Polygon", "coordinates": [[[193371.89554580525, 8736724.242703777], [193371.78492993422, 8736724.353319649], [193371.71391017325, 8736724.492703777], [193371.6894384314, 8736724.647212274], [193371.71391017325, 8736724.801720772], [193371.78492993422, 8736724.9411049], [193371.89554580525, 8736725.051720772], [193372.03492993422, 8736725.122740533], [193372.1894384314, 8736725.147212274], [193372.3439469286, 8736725.122740533], [193372.48333105756, 8736725.051720772], [193372.5939469286, 8736724.9411049], [193372.66496668957, 8736724.801720772], [193372.6894384314, 8736724.647212274], [193372.66496668957, 8736724.492703777], [193372.5939469286, 8736724.353319649], [193372.48333105756, 8736724.242703777], [193372.3439469286, 8736724.171684016], [193372.1894384314, 8736724.147212274], [193372.03492993422, 8736724.171684016], [193371.89554580525, 8736724.242703777]]]}, "properties": {"class_id": 4}}, {"type": "Feature", "geometry": {"type": "Polygon", "coordinates": [[[193364.55116351103, 8737200.349440953], [193364.44054764, 8737200.460056825], [193364.36952787903, 8737200.599440953], [193364.3450561372, 8737200.75394945], [193364.36952787903, 8737200.908457948], [193364.44054764, 8737201.047842076], [193364.55116351103, 8737201.158457948], [193364.69054764, 8737201.22947771], [193364.8450561372, 8737201.25394945], [193364.99956463437, 8737201.22947771], [193365.13894876334, 8737201.158457948], [193365.24956463437, 8737201.047842076], [193365.32058439535, 8737200.908457948], [193365.3450561372, 8737200.75394945], [193365.32058439535, 8737200.599440953], [193365.24956463437, 8737200.460056825], [193365.13894876334, 8737200.349440953], [193364.99956463437, 8737200.278421191], [193364.8450561372, 8737200.25394945], [193364.69054764, 8737200.278421191], [193364.55116351103, 8737200.349440953]]]}, "properties": {"class_id": 4}}, {"type": "Feature", "geometry": {"type": "Polygon", "coordinates": [[[193362.30134236583, 8737207.455851465], [193362.23032260485, 8737207.595235594], [193362.205850863, 8737207.749744091], [193362.23032260485, 8737207.904252589], [193362.30134236583, 8737208.043636717], [193362.41195823686, 8737208.154252589], [193362.55134236583, 8737208.22527235], [193362.705850863, 8737208.249744091], [193362.8603593602, 8737208.22527235], [193362.99974348917, 8737208.154252589], [193363.1103593602, 8737208.043636717], [193363.18137912118, 8737207.904252589], [193363.205850863, 8737207.749744091], [193363.18137912118, 8737207.595235594], [193363.1103593602, 8737207.455851465], [193362.99974348917, 8737207.345235594], [193362.8603593602, 8737207.274215832], [193362.705850863, 8737207.249744091], [193362.55134236583, 8737207.274215832], [193362.41195823686, 8737207.345235594], [193362.30134236583, 8737207.455851465]]]}, "properties": {"class_id": 4}}, {"type": "Feature", "geometry": {"type": "Polygon", "coordinates": [[[193363.70069986038, 8737209.292640418], [193363.6296800994, 8737209.432024546], [193363.60520835756, 8737209.586533044], [193363.6296800994, 8737209.741041541], [193363.70069986038, 8737209.88042567], [193363.8113157314, 8737209.991041541], [193363.95069986038, 8737210.062061302], [193364.10520835756, 8737210.086533044], [193364.25971685475, 8737210.062061302], [193364.39910098372, 8737209.991041541], [193364.50971685475, 8737209.88042567], [193364.58073661572, 8737209.741041541], [193364.60520835756, 8737209.586533044], [193364.58073661572, 8737209.432024546], [193364.50971685475, 8737209.292640418], [193364.39910098372, 8737209.182024546], [193364.25971685475, 8737209.111004785], [193364.10520835756, 8737209.086533044], [193363.95069986038, 8737209.111004785], [193363.8113157314, 8737209.182024546], [193363.70069986038, 8737209.292640418]]]}, "properties": {"class_id": 4}}, {"type": "Feature", "geometry": {"type": "Polygon", "coordinates": [[[193357.61324304153, 8737210.36493661], [193357.5026271705, 8737210.475552483], [193357.43160740953, 8737210.61493661], [193357.4071356677, 8737210.769445108], [193357.43160740953, 8737210.923953606], [193357.5026271705, 8737211.063337734], [193357.61324304153, 8737211.173953606], [193357.7526271705, 8737211.244973367], [193357.9071356677, 8737211.269445108], [193358.06164416487, 8737211.244973367], [193358.20102829384, 8737211.173953606], [193358.31164416487, 8737211.063337734], [193358.38266392585, 8737210.923953606], [193358.4071356677, 8737210.769445108], [193358.38266392585, 8737210.61493661], [193358.31164416487, 8737210.475552483], [193358.20102829384, 8737210.36493661], [193358.06164416487, 8737210.29391685], [193357.9071356677, 8737210.269445108], [193357.7526271705, 8737210.29391685], [193357.61324304153, 8737210.36493661]]]}, "properties": {"class_id": 4}}, {"type": "Feature", "geometry": {"type": "Polygon", "coordinates": [[[193360.03134926953, 8737211.080214985], [193359.96032950855, 8737211.219599113], [193359.93585776672, 8737211.37410761], [193359.96032950855, 8737211.528616108], [193360.03134926953, 8737211.668000236], [193360.14196514056, 8737211.778616108], [193360.28134926953, 8737211.84963587], [193360.43585776672, 8737211.87410761], [193360.5903662639, 8737211.84963587], [193360.72975039287, 8737211.778616108], [193360.8403662639, 8737211.668000236], [193360.91138602488, 8737211.528616108], [193360.93585776672, 8737211.37410761], [193360.91138602488, 8737211.219599113], [193360.8403662639, 8737211.080214985], [193360.72975039287, 8737210.969599113], [193360.5903662639, 8737210.898579352], [193360.43585776672, 8737210.87410761], [193360.28134926953, 8737210.898579352], [193360.14196514056, 8737210.969599113], [193360.03134926953, 8737211.080214985]]]}, "properties": {"class_id": 4}}, {"type": "Feature", "geometry": {"type": "Polygon", "coordinates": [[[193420.23698354702, 8737233.308332318], [193420.16596378604, 8737233.447716447], [193420.1414920442, 8737233.602224944], [193420.16596378604, 8737233.756733442], [193420.23698354702, 8737233.89611757], [193420.34759941805, 8737234.006733442], [193420.48698354702, 8737234.077753203], [193420.6414920442, 8737234.102224944], [193420.7960005414, 8737234.077753203], [193420.93538467036, 8737234.006733442], [193421.0460005414, 8737233.89611757], [193421.11702030236, 8737233.756733442], [193421.1414920442, 8737233.602224944], [193421.11702030236, 8737233.447716447], [193421.0460005414, 8737233.308332318], [193420.93538467036, 8737233.197716447], [193420.7960005414, 8737233.126696685], [193420.6414920442, 8737233.102224944], [193420.48698354702, 8737233.126696685], [193420.34759941805, 8737233.197716447], [193420.23698354702, 8737233.308332318]]]}, "properties": {"class_id": 4}}, {"type": "Feature", "geometry": {"type": "Polygon", "coordinates": [[[193422.06571181447, 8737234.485110776], [193421.95509594344, 8737234.595726648], [193421.88407618247, 8737234.735110776], [193421.85960444063, 8737234.889619274], [193421.88407618247, 8737235.044127772], [193421.95509594344, 8737235.1835119], [193422.06571181447, 8737235.294127772], [193422.20509594344, 8737235.365147533], [193422.2589826017, 8737235.37368234], [193422.17841839607, 8737235.454246547], [193422.1073986351, 8737235.593630675], [193422.08292689326, 8737235.748139173], [193422.1073986351, 8737235.90264767], [193422.17841839607, 8737236.042031799], [193422.2890342671, 8737236.15264767], [193422.42841839607, 8737236.223667432], [193422.58292689326, 8737236.248139173], [193422.73743539045, 8737236.223667432], [193422.8768195194, 8737236.15264767], [193422.98743539045, 8737236.042031799], [193423.05845515142, 8737235.90264767], [193423.08292689326, 8737235.748139173], [193423.05845515142, 8737235.593630675], [193422.98743539045, 8737235.454246547], [193422.8768195194, 8737235.343630675], [193422.73743539045, 8737235.272610914], [193422.6835487322, 8737235.264076106], [193422.76411293782, 8737235.1835119], [193422.8351326988, 8737235.044127772], [193422.85960444063, 8737234.889619274], [193422.8351326988, 8737234.735110776], [193422.76411293782, 8737234.595726648], [193422.65349706679, 8737234.485110776], [193422.51411293782, 8737234.414091015], [193422.35960444063, 8737234.389619274], [193422.20509594344, 8737234.414091015], [193422.06571181447, 8737234.485110776]]]}, "properties": {"class_id": 4}}, {"type": "Feature", "geometry": {"type": "Polygon", "coordinates": [[[193450.4061127494, 8737237.592887249], [193450.33509298842, 8737237.732271377], [193450.31062124658, 8737237.886779875], [193450.33509298842, 8737238.041288372], [193450.4061127494, 8737238.1806725], [193450.51672862042, 8737238.291288372], [193450.6561127494, 8737238.362308133], [193450.81062124658, 8737238.386779875], [193450.96512974377, 8737238.362308133], [193451.10451387273, 8737238.291288372], [193451.21512974377, 8737238.1806725], [193451.28614950474, 8737238.041288372], [193451.31062124658, 8737237.886779875], [193451.28614950474, 8737237.732271377], [193451.21512974377, 8737237.592887249], [193451.10451387273, 8737237.482271377], [193450.96512974377, 8737237.411251616], [193450.81062124658, 8737237.386779875], [193450.6561127494, 8737237.411251616], [193450.51672862042, 8737237.482271377], [193450.4061127494, 8737237.592887249]]]}, "properties": {"class_id": 4}}, {"type": "Feature", "geometry": {"type": "Polygon", "coordinates": [[[193470.53450761238, 8737238.892033452], [193470.42389174135, 8737239.002649324], [193470.35287198037, 8737239.142033452], [193470.32840023853, 8737239.29654195], [193470.35287198037, 8737239.451050447], [193470.42389174135, 8737239.590434575], [193470.53450761238, 8737239.701050447], [193470.67389174135, 8737239.772070209], [193470.82840023853, 8737239.79654195], [193470.98290873572, 8737239.772070209], [193471.1222928647, 8737239.701050447], [193471.23290873572, 8737239.590434575], [193471.3039284967, 8737239.451050447], [193471.32840023853, 8737239.29654195], [193471.3039284967, 8737239.142033452], [193471.23290873572, 8737239.002649324], [193471.1222928647, 8737238.892033452], [193470.98290873572, 8737238.82101369], [193470.82840023853, 8737238.79654195], [193470.67389174135, 8737238.82101369], [193470.53450761238, 8737238.892033452]]]}, "properties": {"class_id": 4}}, {"type": "Feature", "geometry": {"type": "Polygon", "coordinates": [[[193472.08379734305, 8737239.267378228], [193472.01277758207, 8737239.406762356], [193471.98830584023, 8737239.561270854], [193472.01277758207, 8737239.715779351], [193472.08379734305, 8737239.85516348], [193472.19441321408, 8737239.965779351], [193472.33379734305, 8737240.036799112], [193472.48830584023, 8737240.061270854], [193472.64281433742, 8737240.036799112], [193472.7821984664, 8737239.965779351], [193472.89281433742, 8737239.85516348], [193472.9638340984, 8737239.715779351], [193472.98830584023, 8737239.561270854], [193472.9638340984, 8737239.406762356], [193472.89281433742, 8737239.267378228], [193472.7821984664, 8737239.156762356], [193472.64281433742, 8737239.085742595], [193472.48830584023, 8737239.061270854], [193472.33379734305, 8737239.085742595], [193472.19441321408, 8737239.156762356], [193472.08379734305, 8737239.267378228]]]}, "properties": {"class_id": 4}}, {"type": "Feature", "geometry": {"type": "Polygon", "coordinates": [[[193467.19833993042, 8737239.993439805], [193467.12732016944, 8737240.132823933], [193467.1028484276, 8737240.28733243], [193467.12732016944, 8737240.441840928], [193467.19833993042, 8737240.581225056], [193467.30895580145, 8737240.691840928], [193467.44833993042, 8737240.76286069], [193467.6028484276, 8737240.78733243], [193467.7573569248, 8737240.76286069], [193467.89674105376, 8737240.691840928], [193468.0073569248, 8737240.581225056], [193468.07837668576, 8737240.441840928], [193468.1028484276, 8737240.28733243], [193468.07837668576, 8737240.132823933], [193468.0073569248, 8737239.993439805], [193467.89674105376, 8737239.882823933], [193467.7573569248, 8737239.811804172], [193467.6028484276, 8737239.78733243], [193467.44833993042, 8737239.811804172], [193467.30895580145, 8737239.882823933], [193467.19833993042, 8737239.993439805]]]}, "properties": {"class_id": 4}}, {"type": "Feature", "geometry": {"type": "Polygon", "coordinates": [[[193452.65177680235, 8737242.143869411], [193452.54116093132, 8737242.254485283], [193452.47014117034, 8737242.393869411], [193452.4456694285, 8737242.548377909], [193452.47014117034, 8737242.702886406], [193452.54116093132, 8737242.842270534], [193452.65177680235, 8737242.952886406], [193452.79116093132, 8737243.023906168], [193452.9456694285, 8737243.048377909], [193453.1001779257, 8737243.023906168], [193453.23956205466, 8737242.952886406], [193453.3501779257, 8737242.842270534], [193453.42119768666, 8737242.702886406], [193453.4456694285, 8737242.548377909], [193453.42119768666, 8737242.393869411], [193453.3501779257, 8737242.254485283], [193453.23956205466, 8737242.143869411], [193453.1001779257, 8737242.07284965], [193452.9456694285, 8737242.048377909], [193452.79116093132, 8737242.07284965], [193452.65177680235, 8737242.143869411]]]}, "properties": {"class_id": 4}}, {"type": "Feature", "geometry": {"type": "Polygon", "coordinates": [[[193453.85528599724, 8737244.449556502], [193453.78426623627, 8737244.58894063], [193453.75979449443, 8737244.743449127], [193453.78426623627, 8737244.897957625], [193453.85528599724, 8737245.037341753], [193453.96590186827, 8737245.147957625], [193454.10528599724, 8737245.218977386], [193454.25979449443, 8737245.243449127], [193454.41430299162, 8737245.218977386], [193454.55368712058, 8737245.147957625], [193454.66430299162, 8737245.037341753], [193454.7353227526, 8737244.897957625], [193454.75979449443, 8737244.743449127], [193454.7353227526, 8737244.58894063], [193454.66430299162, 8737244.449556502], [193454.55368712058, 8737244.33894063], [193454.41430299162, 8737244.267920868], [193454.25979449443, 8737244.243449127], [193454.10528599724, 8737244.267920868], [193453.96590186827, 8737244.33894063], [193453.85528599724, 8737244.449556502]]]}, "properties": {"class_id": 4}}, {"type": "Feature", "geometry": {"type": "Polygon", "coordinates": [[[193503.93113723854, 8737268.609541455], [193503.86011747757, 8737268.748925583], [193503.83564573573, 8737268.903434081], [193503.86011747757, 8737269.057942579], [193503.93113723854, 8737269.197326707], [193504.04175310957, 8737269.307942579], [193504.18113723854, 8737269.37896234], [193504.33564573573, 8737269.403434081], [193504.49015423292, 8737269.37896234], [193504.62953836189, 8737269.307942579], [193504.74015423292, 8737269.197326707], [193504.8111739939, 8737269.057942579], [193504.83564573573, 8737268.903434081], [193504.8111739939, 8737268.748925583], [193504.74015423292, 8737268.609541455], [193504.62953836189, 8737268.498925583], [193504.49015423292, 8737268.427905822], [193504.33564573573, 8737268.403434081], [193504.18113723854, 8737268.427905822], [193504.04175310957, 8737268.498925583], [193503.93113723854, 8737268.609541455]]]}, "properties": {"class_id": 4}}, {"type": "Feature", "geometry": {"type": "Polygon", "coordinates": [[[193503.40318247062, 8737269.70819515], [193503.2925665996, 8737269.818811022], [193503.2215468386, 8737269.95819515], [193503.19707509677, 8737270.112703647], [193503.2215468386, 8737270.267212145], [193503.2925665996, 8737270.406596273], [193503.40318247062, 8737270.517212145], [193503.5425665996, 8737270.588231906], [193503.69707509677, 8737270.612703647], [193503.85158359396, 8737270.588231906], [193503.99096772293, 8737270.517212145], [193504.10158359396, 8737270.406596273], [193504.17260335493, 8737270.267212145], [193504.19707509677, 8737270.112703647], [193504.17260335493, 8737269.95819515], [193504.10158359396, 8737269.818811022], [193503.99096772293, 8737269.70819515], [193503.85158359396, 8737269.637175389], [193503.69707509677, 8737269.612703647], [193503.5425665996, 8737269.637175389], [193503.40318247062, 8737269.70819515]]]}, "properties": {"class_id": 4}}, {"type": "Feature", "geometry": {"type": "Polygon", "coordinates": [[[193510.46810433632, 8737271.822142089], [193510.39708457535, 8737271.961526217], [193510.3726128335, 8737272.116034715], [193510.39708457535, 8737272.270543212], [193510.46810433632, 8737272.40992734], [193510.57872020736, 8737272.520543212], [193510.71810433632, 8737272.591562973], [193510.8726128335, 8737272.616034715], [193511.0271213307, 8737272.591562973], [193511.16650545967, 8737272.520543212], [193511.2771213307, 8737272.40992734], [193511.34814109167, 8737272.270543212], [193511.3726128335, 8737272.116034715], [193511.34814109167, 8737271.961526217], [193511.2771213307, 8737271.822142089], [193511.16650545967, 8737271.711526217], [193511.0271213307, 8737271.640506456], [193510.8726128335, 8737271.616034715], [193510.71810433632, 8737271.640506456], [193510.57872020736, 8737271.711526217], [193510.46810433632, 8737271.822142089]]]}, "properties": {"class_id": 4}}, {"type": "Feature", "geometry": {"type": "Polygon", "coordinates": [[[193504.9278128553, 8737272.624728523], [193504.85679309434, 8737272.764112651], [193504.8323213525, 8737272.918621149], [193504.85679309434, 8737273.073129646], [193504.9278128553, 8737273.212513775], [193505.03842872634, 8737273.323129646], [193505.1778128553, 8737273.394149408], [193505.3323213525, 8737273.418621149], [193505.4868298497, 8737273.394149408], [193505.62621397866, 8737273.323129646], [193505.7368298497, 8737273.212513775], [193505.80784961066, 8737273.073129646], [193505.8323213525, 8737272.918621149], [193505.80784961066, 8737272.764112651], [193505.7368298497, 8737272.624728523], [193505.62621397866, 8737272.514112651], [193505.4868298497, 8737272.44309289], [193505.3323213525, 8737272.418621149], [193505.1778128553, 8737272.44309289], [193505.03842872634, 8737272.514112651], [193504.9278128553, 8737272.624728523]]]}, "properties": {"class_id": 4}}, {"type": "Feature", "geometry": {"type": "Polygon", "coordinates": [[[193697.16878177618, 8737335.178905696], [193697.05816590515, 8737335.289521568], [193696.98714614418, 8737335.428905696], [193696.96267440234, 8737335.583414193], [193696.98714614418, 8737335.73792269], [193697.05816590515, 8737335.877306819], [193697.16878177618, 8737335.98792269], [193697.30816590515, 8737336.058942452], [193697.46267440234, 8737336.083414193], [193697.61718289953, 8737336.058942452], [193697.7565670285, 8737335.98792269], [193697.86718289953, 8737335.877306819], [193697.9382026605, 8737335.73792269], [193697.96267440234, 8737335.583414193], [193697.9382026605, 8737335.428905696], [193697.86718289953, 8737335.289521568], [193697.7565670285, 8737335.178905696], [193697.61718289953, 8737335.107885934], [193697.46267440234, 8737335.083414193], [193697.30816590515, 8737335.107885934], [193697.16878177618, 8737335.178905696]]]}, "properties": {"class_id": 4}}, {"type": "Feature", "geometry": {"type": "Polygon", "coordinates": [[[193698.13883676878, 8737336.266848655], [193698.0678170078, 8737336.406232784], [193698.04334526596, 8737336.560741281], [193698.0678170078, 8737336.715249779], [193698.13883676878, 8737336.854633907], [193698.2494526398, 8737336.965249779], [193698.38883676878, 8737337.03626954], [193698.54334526596, 8737337.060741281], [193698.69785376315, 8737337.03626954], [193698.83723789212, 8737336.965249779], [193698.94785376315, 8737336.854633907], [193699.01887352412, 8737336.715249779], [193699.04334526596, 8737336.560741281], [193699.01887352412, 8737336.406232784], [193698.94785376315, 8737336.266848655], [193698.83723789212, 8737336.156232784], [193698.69785376315, 8737336.085213022], [193698.54334526596, 8737336.060741281], [193698.38883676878, 8737336.085213022], [193698.2494526398, 8737336.156232784], [193698.13883676878, 8737336.266848655]]]}, "properties": {"class_id": 4}}, {"type": "Feature", "geometry": {"type": "Polygon", "coordinates": [[[193690.28132291368, 8737339.947537806], [193690.2103031527, 8737340.086921934], [193690.18583141087, 8737340.241430432], [193690.2103031527, 8737340.39593893], [193690.28132291368, 8737340.535323057], [193690.3919387847, 8737340.64593893], [193690.53132291368, 8737340.71695869], [193690.68583141087, 8737340.741430432], [193690.84033990806, 8737340.71695869], [193690.97972403702, 8737340.64593893], [193691.09033990806, 8737340.535323057], [193691.16135966903, 8737340.39593893], [193691.18583141087, 8737340.241430432], [193691.16135966903, 8737340.086921934], [193691.09033990806, 8737339.947537806], [193690.97972403702, 8737339.836921934], [193690.84033990806, 8737339.765902173], [193690.68583141087, 8737339.741430432], [193690.53132291368, 8737339.765902173], [193690.3919387847, 8737339.836921934], [193690.28132291368, 8737339.947537806]]]}, "properties": {"class_id": 4}}]}